$MeshFormat
4.1 0 8
$EndMeshFormat
$Entities
10 10 2 0
1 0.02 0 0 0 
2 0.01618033988749895 0.01175570504584946 0 0 
3 0.006180339887498949 0.01902113032590307 0 0 
4 -0.006180339887498947 0.01902113032590307 0 0 
5 -0.01618033988749895 0.01175570504584946 0 0 
6 -0.02 2.449212707644755e-18 0 0 
7 -0.01618033988749895 -0.01175570504584946 0 0 
8 -0.006180339887498951 -0.01902113032590307 0 0 
9 0.006180339887498945 -0.01902113032590307 0 0 
10 0.01618033988749895 -0.01175570504584947 0 0 
1 0.01618033988749895 0 0 0.02 0.01175570504584946 0 0 2 1 -2 
2 0.006180339887498949 0.01175570504584946 0 0.01618033988749895 0.01902113032590307 0 0 2 2 -3 
3 -0.006180339887498946 0.01902113032590307 0 0.006180339887498949 0.01902113032590307 0 0 2 3 -4 
4 -0.01618033988749895 0.01175570504584946 0 -0.006180339887498947 0.01902113032590307 0 0 2 4 -5 
5 -0.02 1.734723475976807e-18 0 -0.01618033988749895 0.01175570504584946 0 0 2 5 -6 
6 -0.02 -0.01175570504584946 0 -0.01618033988749895 2.602085213965211e-18 0 0 2 6 -7 
7 -0.01618033988749895 -0.01902113032590307 0 -0.006180339887498951 -0.01175570504584946 0 0 2 7 -8 
8 -0.006180339887498951 -0.01902113032590307 0 0.006180339887498944 -0.01902113032590307 0 0 2 8 -9 
9 0.006180339887498945 -0.01902113032590307 0 0.01618033988749895 -0.01175570504584947 0 0 2 9 -10 
10 0.01618033988749895 -0.01175570504584947 0 0.02 0 0 0 2 10 -1 
1 -0.02 -0.01902113032590307 0 0.02 0.01902113032590307 0 0 10 1 2 3 4 5 6 7 8 9 10 
2 -0.02 -0.01902113032590307 0 0.02 0.01902113032590307 0 0 10 1 2 3 4 5 6 7 8 9 10 
$EndEntities
$Nodes
22 6506 1 6506
0 1 0 1
1
0.02 0 0
0 2 0 1
2
0.01618033988749895 0.01175570504584946 0
0 3 0 1
3
0.006180339887498949 0.01902113032590307 0
0 4 0 1
4
-0.006180339887498947 0.01902113032590307 0
0 5 0 1
5
-0.01618033988749895 0.01175570504584946 0
0 6 0 1
6
-0.02 2.449212707644755e-18 0
0 7 0 1
7
-0.01618033988749895 -0.01175570504584946 0
0 8 0 1
8
-0.006180339887498951 -0.01902113032590307 0
0 9 0 1
9
0.006180339887498945 -0.01902113032590307 0
0 10 0 1
10
0.01618033988749895 -0.01175570504584947 0
1 1 0 18
11
12
13
14
15
16
17
18
19
20
21
22
23
24
25
26
27
28
0.01979896525723723 0.0006187213182012397 0
0.01959793051447439 0.001237442636402688 0
0.01939689577171156 0.001856163954604129 0
0.01919586102894896 0.002474885272804824 0
0.01899482628618636 0.003093606591005557 0
0.01879379154342365 0.003712327909206612 0
0.01859275680066109 0.004331049227407205 0
0.01839172205789848 0.004949770545607934 0
0.01819068731513589 0.005568491863808631 0
0.01798965257237276 0.006187213182010987 0
0.01778861782960898 0.006805934500215318 0
0.01758758308684514 0.007424655818419848 0
0.01738654834408144 0.008043377136623946 0
0.01718551360131772 0.008662098454828114 0
0.01698447885855406 0.009280819773032108 0
0.01678344411579033 0.009899541091236289 0
0.01658240937302652 0.01051826240944074 0
0.01638137463026265 0.01113698372764534 0
1 2 0 18
29
30
31
32
33
34
35
36
37
38
39
40
41
42
43
44
45
46
0.01565402409802726 0.01213809585006136 0
0.01512770830855571 0.01252048665427315 0
0.01460139251908358 0.01290287745848538 0
0.01407507672961016 0.01328526826269853 0
0.01354876094013873 0.01366765906691024 0
0.01302244515066698 0.01405004987112218 0
0.01249612936119393 0.01443244067533507 0
0.01196981357172194 0.01481483147954719 0
0.01144349778224997 0.01519722228375929 0
0.01091718199277609 0.01557961308797278 0
0.01039086620330085 0.01596200389218726 0
0.009864550413825704 0.01634439469640167 0
0.009338234624350291 0.01672678550061628 0
0.008811918834875133 0.01710917630483069 0
0.008285603045399428 0.01749156710904551 0
0.007759287255924592 0.01787395791325969 0
0.007232971466448938 0.01825634871747447 0
0.00670665567697467 0.01863873952168825 0
1 3 0 18
47
48
49
50
51
52
53
54
55
56
57
58
59
60
61
62
63
64
0.005529777794079298 0.01902113032590307 0
0.004879215700659139 0.01902113032590307 0
0.004228653607239488 0.01902113032590307 0
0.003578091513820177 0.01902113032590307 0
0.002927529420401235 0.01902113032590307 0
0.002276967326982253 0.01902113032590307 0
0.001626405233563766 0.01902113032590307 0
0.0009758431401447583 0.01902113032590307 0
0.000325281046725483 0.01902113032590307 0
-0.0003252810466949684 0.01902113032590307 0
-0.0009758431401177461 0.01902113032590307 0
-0.001626405233540499 0.01902113032590307 0
-0.002276967326963301 0.01902113032590307 0
-0.002927529420385508 0.01902113032590307 0
-0.003578091513808855 0.01902113032590307 0
-0.004228653607231632 0.01902113032590307 0
-0.004879215700653732 0.01902113032590307 0
-0.005529777794076507 0.01902113032590307 0
1 4 0 18
65
66
67
68
69
70
71
72
73
74
75
76
77
78
79
80
81
82
-0.006706655676970996 0.01863873952169091 0
-0.007232971466444841 0.01825634871747745 0
-0.007759287255917624 0.01787395791326475 0
-0.008285603045389334 0.01749156710905284 0
-0.008811918834861108 0.01710917630484088 0
-0.009338234624332399 0.01672678550062927 0
-0.009864550413804582 0.01634439469641702 0
-0.0103908662032763 0.0159620038922051 0
-0.01091718199274908 0.0155796130879924 0
-0.01144349778222268 0.01519722228377912 0
-0.01196981357169749 0.01481483147956495 0
-0.0124961293611731 0.0144324406753502 0
-0.01302244515064796 0.014050049871136 0
-0.01354876094012288 0.01366765906692176 0
-0.01407507672959894 0.01328526826270669 0
-0.0146013925190746 0.0129028774584919 0
-0.01512770830854799 0.01252048665427877 0
-0.01565402409802348 0.01213809585006411 0
1 5 0 18
83
84
85
86
87
88
89
90
91
92
93
94
95
96
97
98
99
100
-0.01638137463026198 0.01113698372764742 0
-0.01658240937302451 0.01051826240944691 0
-0.01678344411578745 0.009899541091245139 0
-0.01698447885855031 0.00928081977304364 0
-0.01718551360131278 0.008662098454843338 0
-0.01738654834407537 0.008043377136642653 0
-0.01758758308683788 0.007424655818442188 0
-0.01778861782960049 0.006805934500241466 0
-0.01798965257236308 0.006187213182040774 0
-0.01819068731512621 0.005568491863838423 0
-0.01839172205788998 0.004949770545634099 0
-0.01859275680065382 0.004331049227429573 0
-0.01879379154341752 0.003712327909225481 0
-0.01899482628618124 0.003093606591021316 0
-0.0191958610289449 0.002474885272817329 0
-0.01939689577170862 0.001856163954613155 0
-0.01959793051447244 0.001237442636408712 0
-0.0197989652572363 0.0006187213182041115 0
1 6 0 18
101
102
103
104
105
106
107
108
109
110
111
112
113
114
115
116
117
118
-0.01979896525723709 -0.0006187213182016573 0
-0.01959793051447412 -0.001237442636403525 0
-0.01939689577171141 -0.00185616395460459 0
-0.01919586102894881 -0.002474885272805305 0
-0.0189948262861862 -0.00309360659100606 0
-0.01879379154342361 -0.003712327909206739 0
-0.01859275680066104 -0.004331049227407353 0
-0.01839172205789843 -0.004949770545608102 0
-0.01819068731513583 -0.005568491863808819 0
-0.01798965257237269 -0.006187213182011198 0
-0.01778861782960911 -0.006805934500214932 0
-0.01758758308684518 -0.007424655818419736 0
-0.01738654834408145 -0.00804337713662394 0
-0.01718551360131776 -0.008662098454828017 0
-0.01698447885855415 -0.009280819773031841 0
-0.01678344411579035 -0.00989954109123623 0
-0.0165824093730264 -0.0105182624094411 0
-0.01638137463026279 -0.01113698372764493 0
1 7 0 18
119
120
121
122
123
124
125
126
127
128
129
130
131
132
133
134
135
136
-0.01565402409802731 -0.01213809585006132 0
-0.01512770830855574 -0.01252048665427314 0
-0.01460139251908427 -0.01290287745848488 0
-0.0140750767296118 -0.01328526826269734 0
-0.01354876094013954 -0.01366765906690965 0
-0.01302244515066752 -0.01405004987112179 0
-0.01249612936119517 -0.01443244067533417 0
-0.01196981357172304 -0.01481483147954639 0
-0.01144349778225012 -0.01519722228375918 0
-0.01091718199277653 -0.01557961308797247 0
-0.01039086620330205 -0.01596200389218639 0
-0.009864550413826025 -0.01634439469640144 0
-0.009338234624351249 -0.01672678550061558 0
-0.008811918834875331 -0.01710917630483055 0
-0.008285603045400502 -0.01749156710904473 0
-0.007759287255924818 -0.01787395791325953 0
-0.007232971466449287 -0.01825634871747422 0
-0.006706655676974616 -0.01863873952168828 0
1 8 0 18
137
138
139
140
141
142
143
144
145
146
147
148
149
150
151
152
153
154
-0.0055297777940793 -0.01902113032590307 0
-0.004879215700659141 -0.01902113032590307 0
-0.00422865360723949 -0.01902113032590307 0
-0.003578091513820179 -0.01902113032590307 0
-0.002927529420401237 -0.01902113032590307 0
-0.002276967326982255 -0.01902113032590307 0
-0.001626405233563768 -0.01902113032590307 0
-0.0009758431401447601 -0.01902113032590307 0
-0.0003252810467254848 -0.01902113032590307 0
0.0003252810466949667 -0.01902113032590307 0
0.0009758431401177443 -0.01902113032590307 0
0.001626405233540497 -0.01902113032590307 0
0.0022769673269633 -0.01902113032590307 0
0.002927529420385506 -0.01902113032590307 0
0.003578091513808853 -0.01902113032590307 0
0.00422865360723163 -0.01902113032590307 0
0.00487921570065373 -0.01902113032590307 0
0.005529777794076506 -0.01902113032590307 0
1 9 0 18
155
156
157
158
159
160
161
162
163
164
165
166
167
168
169
170
171
172
0.006706655676970854 -0.01863873952169101 0
0.007232971466444575 -0.01825634871747764 0
0.007759287255916925 -0.01787395791326526 0
0.008285603045389533 -0.0174915671090527 0
0.008811918834861692 -0.01710917630484046 0
0.009338234624332547 -0.01672678550062916 0
0.00986455041380541 -0.01634439469641642 0
0.01039086620327735 -0.01596200389220434 0
0.01091718199274946 -0.01557961308799213 0
0.01144349778222277 -0.01519722228377905 0
0.01196981357169687 -0.01481483147956541 0
0.01249612936117223 -0.01443244067535084 0
0.01302244515064758 -0.01405004987113628 0
0.01354876094012239 -0.01366765906692212 0
0.01407507672959829 -0.01328526826270716 0
0.01460139251907417 -0.01290287745849222 0
0.01512770830854797 -0.01252048665427878 0
0.01565402409802354 -0.01213809585006407 0
1 10 0 18
173
174
175
176
177
178
179
180
181
182
183
184
185
186
187
188
189
190
0.0163813746302618 -0.01113698372764797 0
0.0165824093730246 -0.01051826240944664 0
0.01678344411578724 -0.009899541091245802 0
0.0169844788585497 -0.009280819773045531 0
0.01718551360131235 -0.008662098454844646 0
0.01738654834407513 -0.008043377136643362 0
0.01758758308683769 -0.007424655818442784 0
0.01778861782960029 -0.006805934500242068 0
0.0179896525723629 -0.00618721318204132 0
0.01819068731512603 -0.005568491863838985 0
0.01839172205788987 -0.004949770545634442 0
0.0185927568006537 -0.004331049227429939 0
0.01879379154341735 -0.003712327909225993 0
0.01899482628618127 -0.003093606591021232 0
0.01919586102894512 -0.002474885272816646 0
0.01939689577170872 -0.00185616395461286 0
0.01959793051447245 -0.001237442636408676 0
0.0197989652572363 -0.0006187213182040924 0
2 1 0 3158
191
192
193
194
195
196
197
198
199
200
201
202
203
204
205
206
207
208
209
210
211
212
213
214
215
216
217
218
219
220
221
222
223
224
225
226
227
228
229
230
231
232
233
234
235
236
237
238
239
240
241
242
243
244
245
246
247
248
249
250
251
252
253
254
255
256
257
258
259
260
261
262
263
264
265
266
267
268
269
270
271
272
273
274
275
276
277
278
279
280
281
282
283
284
285
286
287
288
289
290
291
292
293
294
295
296
297
298
299
300
301
302
303
304
305
306
307
308
309
310
311
312
313
314
315
316
317
318
319
320
321
322
323
324
325
326
327
328
329
330
331
332
333
334
335
336
337
338
339
340
341
342
343
344
345
346
347
348
349
350
351
352
353
354
355
356
357
358
359
360
361
362
363
364
365
366
367
368
369
370
371
372
373
374
375
376
377
378
379
380
381
382
383
384
385
386
387
388
389
390
391
392
393
394
395
396
397
398
399
400
401
402
403
404
405
406
407
408
409
410
411
412
413
414
415
416
417
418
419
420
421
422
423
424
425
426
427
428
429
430
431
432
433
434
435
436
437
438
439
440
441
442
443
444
445
446
447
448
449
450
451
452
453
454
455
456
457
458
459
460
461
462
463
464
465
466
467
468
469
470
471
472
473
474
475
476
477
478
479
480
481
482
483
484
485
486
487
488
489
490
491
492
493
494
495
496
497
498
499
500
501
502
503
504
505
506
507
508
509
510
511
512
513
514
515
516
517
518
519
520
521
522
523
524
525
526
527
528
529
530
531
532
533
534
535
536
537
538
539
540
541
542
543
544
545
546
547
548
549
550
551
552
553
554
555
556
557
558
559
560
561
562
563
564
565
566
567
568
569
570
571
572
573
574
575
576
577
578
579
580
581
582
583
584
585
586
587
588
589
590
591
592
593
594
595
596
597
598
599
600
601
602
603
604
605
606
607
608
609
610
611
612
613
614
615
616
617
618
619
620
621
622
623
624
625
626
627
628
629
630
631
632
633
634
635
636
637
638
639
640
641
642
643
644
645
646
647
648
649
650
651
652
653
654
655
656
657
658
659
660
661
662
663
664
665
666
667
668
669
670
671
672
673
674
675
676
677
678
679
680
681
682
683
684
685
686
687
688
689
690
691
692
693
694
695
696
697
698
699
700
701
702
703
704
705
706
707
708
709
710
711
712
713
714
715
716
717
718
719
720
721
722
723
724
725
726
727
728
729
730
731
732
733
734
735
736
737
738
739
740
741
742
743
744
745
746
747
748
749
750
751
752
753
754
755
756
757
758
759
760
761
762
763
764
765
766
767
768
769
770
771
772
773
774
775
776
777
778
779
780
781
782
783
784
785
786
787
788
789
790
791
792
793
794
795
796
797
798
799
800
801
802
803
804
805
806
807
808
809
810
811
812
813
814
815
816
817
818
819
820
821
822
823
824
825
826
827
828
829
830
831
832
833
834
835
836
837
838
839
840
841
842
843
844
845
846
847
848
849
850
851
852
853
854
855
856
857
858
859
860
861
862
863
864
865
866
867
868
869
870
871
872
873
874
875
876
877
878
879
880
881
882
883
884
885
886
887
888
889
890
891
892
893
894
895
896
897
898
899
900
901
902
903
904
905
906
907
908
909
910
911
912
913
914
915
916
917
918
919
920
921
922
923
924
925
926
927
928
929
930
931
932
933
934
935
936
937
938
939
940
941
942
943
944
945
946
947
948
949
950
951
952
953
954
955
956
957
958
959
960
961
962
963
964
965
966
967
968
969
970
971
972
973
974
975
976
977
978
979
980
981
982
983
984
985
986
987
988
989
990
991
992
993
994
995
996
997
998
999
1000
1001
1002
1003
1004
1005
1006
1007
1008
1009
1010
1011
1012
1013
1014
1015
1016
1017
1018
1019
1020
1021
1022
1023
1024
1025
1026
1027
1028
1029
1030
1031
1032
1033
1034
1035
1036
1037
1038
1039
1040
1041
1042
1043
1044
1045
1046
1047
1048
1049
1050
1051
1052
1053
1054
1055
1056
1057
1058
1059
1060
1061
1062
1063
1064
1065
1066
1067
1068
1069
1070
1071
1072
1073
1074
1075
1076
1077
1078
1079
1080
1081
1082
1083
1084
1085
1086
1087
1088
1089
1090
1091
1092
1093
1094
1095
1096
1097
1098
1099
1100
1101
1102
1103
1104
1105
1106
1107
1108
1109
1110
1111
1112
1113
1114
1115
1116
1117
1118
1119
1120
1121
1122
1123
1124
1125
1126
1127
1128
1129
1130
1131
1132
1133
1134
1135
1136
1137
1138
1139
1140
1141
1142
1143
1144
1145
1146
1147
1148
1149
1150
1151
1152
1153
1154
1155
1156
1157
1158
1159
1160
1161
1162
1163
1164
1165
1166
1167
1168
1169
1170
1171
1172
1173
1174
1175
1176
1177
1178
1179
1180
1181
1182
1183
1184
1185
1186
1187
1188
1189
1190
1191
1192
1193
1194
1195
1196
1197
1198
1199
1200
1201
1202
1203
1204
1205
1206
1207
1208
1209
1210
1211
1212
1213
1214
1215
1216
1217
1218
1219
1220
1221
1222
1223
1224
1225
1226
1227
1228
1229
1230
1231
1232
1233
1234
1235
1236
1237
1238
1239
1240
1241
1242
1243
1244
1245
1246
1247
1248
1249
1250
1251
1252
1253
1254
1255
1256
1257
1258
1259
1260
1261
1262
1263
1264
1265
1266
1267
1268
1269
1270
1271
1272
1273
1274
1275
1276
1277
1278
1279
1280
1281
1282
1283
1284
1285
1286
1287
1288
1289
1290
1291
1292
1293
1294
1295
1296
1297
1298
1299
1300
1301
1302
1303
1304
1305
1306
1307
1308
1309
1310
1311
1312
1313
1314
1315
1316
1317
1318
1319
1320
1321
1322
1323
1324
1325
1326
1327
1328
1329
1330
1331
1332
1333
1334
1335
1336
1337
1338
1339
1340
1341
1342
1343
1344
1345
1346
1347
1348
1349
1350
1351
1352
1353
1354
1355
1356
1357
1358
1359
1360
1361
1362
1363
1364
1365
1366
1367
1368
1369
1370
1371
1372
1373
1374
1375
1376
1377
1378
1379
1380
1381
1382
1383
1384
1385
1386
1387
1388
1389
1390
1391
1392
1393
1394
1395
1396
1397
1398
1399
1400
1401
1402
1403
1404
1405
1406
1407
1408
1409
1410
1411
1412
1413
1414
1415
1416
1417
1418
1419
1420
1421
1422
1423
1424
1425
1426
1427
1428
1429
1430
1431
1432
1433
1434
1435
1436
1437
1438
1439
1440
1441
1442
1443
1444
1445
1446
1447
1448
1449
1450
1451
1452
1453
1454
1455
1456
1457
1458
1459
1460
1461
1462
1463
1464
1465
1466
1467
1468
1469
1470
1471
1472
1473
1474
1475
1476
1477
1478
1479
1480
1481
1482
1483
1484
1485
1486
1487
1488
1489
1490
1491
1492
1493
1494
1495
1496
1497
1498
1499
1500
1501
1502
1503
1504
1505
1506
1507
1508
1509
1510
1511
1512
1513
1514
1515
1516
1517
1518
1519
1520
1521
1522
1523
1524
1525
1526
1527
1528
1529
1530
1531
1532
1533
1534
1535
1536
1537
1538
1539
1540
1541
1542
1543
1544
1545
1546
1547
1548
1549
1550
1551
1552
1553
1554
1555
1556
1557
1558
1559
1560
1561
1562
1563
1564
1565
1566
1567
1568
1569
1570
1571
1572
1573
1574
1575
1576
1577
1578
1579
1580
1581
1582
1583
1584
1585
1586
1587
1588
1589
1590
1591
1592
1593
1594
1595
1596
1597
1598
1599
1600
1601
1602
1603
1604
1605
1606
1607
1608
1609
1610
1611
1612
1613
1614
1615
1616
1617
1618
1619
1620
1621
1622
1623
1624
1625
1626
1627
1628
1629
1630
1631
1632
1633
1634
1635
1636
1637
1638
1639
1640
1641
1642
1643
1644
1645
1646
1647
1648
1649
1650
1651
1652
1653
1654
1655
1656
1657
1658
1659
1660
1661
1662
1663
1664
1665
1666
1667
1668
1669
1670
1671
1672
1673
1674
1675
1676
1677
1678
1679
1680
1681
1682
1683
1684
1685
1686
1687
1688
1689
1690
1691
1692
1693
1694
1695
1696
1697
1698
1699
1700
1701
1702
1703
1704
1705
1706
1707
1708
1709
1710
1711
1712
1713
1714
1715
1716
1717
1718
1719
1720
1721
1722
1723
1724
1725
1726
1727
1728
1729
1730
1731
1732
1733
1734
1735
1736
1737
1738
1739
1740
1741
1742
1743
1744
1745
1746
1747
1748
1749
1750
1751
1752
1753
1754
1755
1756
1757
1758
1759
1760
1761
1762
1763
1764
1765
1766
1767
1768
1769
1770
1771
1772
1773
1774
1775
1776
1777
1778
1779
1780
1781
1782
1783
1784
1785
1786
1787
1788
1789
1790
1791
1792
1793
1794
1795
1796
1797
1798
1799
1800
1801
1802
1803
1804
1805
1806
1807
1808
1809
1810
1811
1812
1813
1814
1815
1816
1817
1818
1819
1820
1821
1822
1823
1824
1825
1826
1827
1828
1829
1830
1831
1832
1833
1834
1835
1836
1837
1838
1839
1840
1841
1842
1843
1844
1845
1846
1847
1848
1849
1850
1851
1852
1853
1854
1855
1856
1857
1858
1859
1860
1861
1862
1863
1864
1865
1866
1867
1868
1869
1870
1871
1872
1873
1874
1875
1876
1877
1878
1879
1880
1881
1882
1883
1884
1885
1886
1887
1888
1889
1890
1891
1892
1893
1894
1895
1896
1897
1898
1899
1900
1901
1902
1903
1904
1905
1906
1907
1908
1909
1910
1911
1912
1913
1914
1915
1916
1917
1918
1919
1920
1921
1922
1923
1924
1925
1926
1927
1928
1929
1930
1931
1932
1933
1934
1935
1936
1937
1938
1939
1940
1941
1942
1943
1944
1945
1946
1947
1948
1949
1950
1951
1952
1953
1954
1955
1956
1957
1958
1959
1960
1961
1962
1963
1964
1965
1966
1967
1968
1969
1970
1971
1972
1973
1974
1975
1976
1977
1978
1979
1980
1981
1982
1983
1984
1985
1986
1987
1988
1989
1990
1991
1992
1993
1994
1995
1996
1997
1998
1999
2000
2001
2002
2003
2004
2005
2006
2007
2008
2009
2010
2011
2012
2013
2014
2015
2016
2017
2018
2019
2020
2021
2022
2023
2024
2025
2026
2027
2028
2029
2030
2031
2032
2033
2034
2035
2036
2037
2038
2039
2040
2041
2042
2043
2044
2045
2046
2047
2048
2049
2050
2051
2052
2053
2054
2055
2056
2057
2058
2059
2060
2061
2062
2063
2064
2065
2066
2067
2068
2069
2070
2071
2072
2073
2074
2075
2076
2077
2078
2079
2080
2081
2082
2083
2084
2085
2086
2087
2088
2089
2090
2091
2092
2093
2094
2095
2096
2097
2098
2099
2100
2101
2102
2103
2104
2105
2106
2107
2108
2109
2110
2111
2112
2113
2114
2115
2116
2117
2118
2119
2120
2121
2122
2123
2124
2125
2126
2127
2128
2129
2130
2131
2132
2133
2134
2135
2136
2137
2138
2139
2140
2141
2142
2143
2144
2145
2146
2147
2148
2149
2150
2151
2152
2153
2154
2155
2156
2157
2158
2159
2160
2161
2162
2163
2164
2165
2166
2167
2168
2169
2170
2171
2172
2173
2174
2175
2176
2177
2178
2179
2180
2181
2182
2183
2184
2185
2186
2187
2188
2189
2190
2191
2192
2193
2194
2195
2196
2197
2198
2199
2200
2201
2202
2203
2204
2205
2206
2207
2208
2209
2210
2211
2212
2213
2214
2215
2216
2217
2218
2219
2220
2221
2222
2223
2224
2225
2226
2227
2228
2229
2230
2231
2232
2233
2234
2235
2236
2237
2238
2239
2240
2241
2242
2243
2244
2245
2246
2247
2248
2249
2250
2251
2252
2253
2254
2255
2256
2257
2258
2259
2260
2261
2262
2263
2264
2265
2266
2267
2268
2269
2270
2271
2272
2273
2274
2275
2276
2277
2278
2279
2280
2281
2282
2283
2284
2285
2286
2287
2288
2289
2290
2291
2292
2293
2294
2295
2296
2297
2298
2299
2300
2301
2302
2303
2304
2305
2306
2307
2308
2309
2310
2311
2312
2313
2314
2315
2316
2317
2318
2319
2320
2321
2322
2323
2324
2325
2326
2327
2328
2329
2330
2331
2332
2333
2334
2335
2336
2337
2338
2339
2340
2341
2342
2343
2344
2345
2346
2347
2348
2349
2350
2351
2352
2353
2354
2355
2356
2357
2358
2359
2360
2361
2362
2363
2364
2365
2366
2367
2368
2369
2370
2371
2372
2373
2374
2375
2376
2377
2378
2379
2380
2381
2382
2383
2384
2385
2386
2387
2388
2389
2390
2391
2392
2393
2394
2395
2396
2397
2398
2399
2400
2401
2402
2403
2404
2405
2406
2407
2408
2409
2410
2411
2412
2413
2414
2415
2416
2417
2418
2419
2420
2421
2422
2423
2424
2425
2426
2427
2428
2429
2430
2431
2432
2433
2434
2435
2436
2437
2438
2439
2440
2441
2442
2443
2444
2445
2446
2447
2448
2449
2450
2451
2452
2453
2454
2455
2456
2457
2458
2459
2460
2461
2462
2463
2464
2465
2466
2467
2468
2469
2470
2471
2472
2473
2474
2475
2476
2477
2478
2479
2480
2481
2482
2483
2484
2485
2486
2487
2488
2489
2490
2491
2492
2493
2494
2495
2496
2497
2498
2499
2500
2501
2502
2503
2504
2505
2506
2507
2508
2509
2510
2511
2512
2513
2514
2515
2516
2517
2518
2519
2520
2521
2522
2523
2524
2525
2526
2527
2528
2529
2530
2531
2532
2533
2534
2535
2536
2537
2538
2539
2540
2541
2542
2543
2544
2545
2546
2547
2548
2549
2550
2551
2552
2553
2554
2555
2556
2557
2558
2559
2560
2561
2562
2563
2564
2565
2566
2567
2568
2569
2570
2571
2572
2573
2574
2575
2576
2577
2578
2579
2580
2581
2582
2583
2584
2585
2586
2587
2588
2589
2590
2591
2592
2593
2594
2595
2596
2597
2598
2599
2600
2601
2602
2603
2604
2605
2606
2607
2608
2609
2610
2611
2612
2613
2614
2615
2616
2617
2618
2619
2620
2621
2622
2623
2624
2625
2626
2627
2628
2629
2630
2631
2632
2633
2634
2635
2636
2637
2638
2639
2640
2641
2642
2643
2644
2645
2646
2647
2648
2649
2650
2651
2652
2653
2654
2655
2656
2657
2658
2659
2660
2661
2662
2663
2664
2665
2666
2667
2668
2669
2670
2671
2672
2673
2674
2675
2676
2677
2678
2679
2680
2681
2682
2683
2684
2685
2686
2687
2688
2689
2690
2691
2692
2693
2694
2695
2696
2697
2698
2699
2700
2701
2702
2703
2704
2705
2706
2707
2708
2709
2710
2711
2712
2713
2714
2715
2716
2717
2718
2719
2720
2721
2722
2723
2724
2725
2726
2727
2728
2729
2730
2731
2732
2733
2734
2735
2736
2737
2738
2739
2740
2741
2742
2743
2744
2745
2746
2747
2748
2749
2750
2751
2752
2753
2754
2755
2756
2757
2758
2759
2760
2761
2762
2763
2764
2765
2766
2767
2768
2769
2770
2771
2772
2773
2774
2775
2776
2777
2778
2779
2780
2781
2782
2783
2784
2785
2786
2787
2788
2789
2790
2791
2792
2793
2794
2795
2796
2797
2798
2799
2800
2801
2802
2803
2804
2805
2806
2807
2808
2809
2810
2811
2812
2813
2814
2815
2816
2817
2818
2819
2820
2821
2822
2823
2824
2825
2826
2827
2828
2829
2830
2831
2832
2833
2834
2835
2836
2837
2838
2839
2840
2841
2842
2843
2844
2845
2846
2847
2848
2849
2850
2851
2852
2853
2854
2855
2856
2857
2858
2859
2860
2861
2862
2863
2864
2865
2866
2867
2868
2869
2870
2871
2872
2873
2874
2875
2876
2877
2878
2879
2880
2881
2882
2883
2884
2885
2886
2887
2888
2889
2890
2891
2892
2893
2894
2895
2896
2897
2898
2899
2900
2901
2902
2903
2904
2905
2906
2907
2908
2909
2910
2911
2912
2913
2914
2915
2916
2917
2918
2919
2920
2921
2922
2923
2924
2925
2926
2927
2928
2929
2930
2931
2932
2933
2934
2935
2936
2937
2938
2939
2940
2941
2942
2943
2944
2945
2946
2947
2948
2949
2950
2951
2952
2953
2954
2955
2956
2957
2958
2959
2960
2961
2962
2963
2964
2965
2966
2967
2968
2969
2970
2971
2972
2973
2974
2975
2976
2977
2978
2979
2980
2981
2982
2983
2984
2985
2986
2987
2988
2989
2990
2991
2992
2993
2994
2995
2996
2997
2998
2999
3000
3001
3002
3003
3004
3005
3006
3007
3008
3009
3010
3011
3012
3013
3014
3015
3016
3017
3018
3019
3020
3021
3022
3023
3024
3025
3026
3027
3028
3029
3030
3031
3032
3033
3034
3035
3036
3037
3038
3039
3040
3041
3042
3043
3044
3045
3046
3047
3048
3049
3050
3051
3052
3053
3054
3055
3056
3057
3058
3059
3060
3061
3062
3063
3064
3065
3066
3067
3068
3069
3070
3071
3072
3073
3074
3075
3076
3077
3078
3079
3080
3081
3082
3083
3084
3085
3086
3087
3088
3089
3090
3091
3092
3093
3094
3095
3096
3097
3098
3099
3100
3101
3102
3103
3104
3105
3106
3107
3108
3109
3110
3111
3112
3113
3114
3115
3116
3117
3118
3119
3120
3121
3122
3123
3124
3125
3126
3127
3128
3129
3130
3131
3132
3133
3134
3135
3136
3137
3138
3139
3140
3141
3142
3143
3144
3145
3146
3147
3148
3149
3150
3151
3152
3153
3154
3155
3156
3157
3158
3159
3160
3161
3162
3163
3164
3165
3166
3167
3168
3169
3170
3171
3172
3173
3174
3175
3176
3177
3178
3179
3180
3181
3182
3183
3184
3185
3186
3187
3188
3189
3190
3191
3192
3193
3194
3195
3196
3197
3198
3199
3200
3201
3202
3203
3204
3205
3206
3207
3208
3209
3210
3211
3212
3213
3214
3215
3216
3217
3218
3219
3220
3221
3222
3223
3224
3225
3226
3227
3228
3229
3230
3231
3232
3233
3234
3235
3236
3237
3238
3239
3240
3241
3242
3243
3244
3245
3246
3247
3248
3249
3250
3251
3252
3253
3254
3255
3256
3257
3258
3259
3260
3261
3262
3263
3264
3265
3266
3267
3268
3269
3270
3271
3272
3273
3274
3275
3276
3277
3278
3279
3280
3281
3282
3283
3284
3285
3286
3287
3288
3289
3290
3291
3292
3293
3294
3295
3296
3297
3298
3299
3300
3301
3302
3303
3304
3305
3306
3307
3308
3309
3310
3311
3312
3313
3314
3315
3316
3317
3318
3319
3320
3321
3322
3323
3324
3325
3326
3327
3328
3329
3330
3331
3332
3333
3334
3335
3336
3337
3338
3339
3340
3341
3342
3343
3344
3345
3346
3347
3348
0.01088047504626339 -0.0149673530845846 0
-0.01081307407561231 0.01499938970531474 0
0.01084917973689061 0.01493261484176991 0
-0.01084917973689127 -0.01493261484176912 0
0.01778938215901527 -0.005078436471273055 0
-0.01778276671686576 0.005093929694086603 0
1.698229011503771e-05 0.01850691711886673 0
1.23294531923107e-05 -0.01839743962234038 0
-0.01757783990472844 -0.005744968992440792 0
0.01759357775473802 0.005729290662361056 0
-0.01685962691534642 0.008081921760849561 0
0.01677518987043422 -0.008186755459974661 0
0.003252810467097016 -0.01846480227022307 0
-0.008217600789514874 -0.01684456886283958 0
0.01645574594069972 0.008759021084260311 0
-0.003236201906016963 0.01845758776009564 0
-0.01654208716376377 -0.008881013007121061 0
0.008217600789522503 0.01684456886283462 0
-0.01858742006156733 -0.002638197428766898 0
0.01855951527814285 0.00261014473762951 0
-0.013503531103244 0.01305200436652196 0
0.01347459812997133 -0.01293854161265161 0
0.008205824916619076 -0.01687101790639624 0
-0.008240030757646469 0.01688760867011356 0
-0.003334559235677217 -0.01847684373669596 0
0.00324710405874533 0.01844083040673422 0
0.01348075868425359 0.01302066082070896 0
-0.01349261222705598 -0.01302953995732419 0
0.01857270735953982 -0.002614431104724956 0
-0.01855951527813495 0.002610144737643576 0
-0.01618043068007098 0.0101342382298105 0
0.01614154846266527 -0.01000441316733628 0
0.00667369050003476 0.01798805873009507 0
-0.006638653421089012 -0.01799174127548332 0
-0.01603964911292886 -0.01059608923545882 0
0.005173986609201946 -0.01847534206274155 0
0.01598010889000415 0.01064543328555199 0
-0.01916994425046324 0.0007884409943714408 0
-0.005208542010273159 0.01838432469722956 0
0.01916994425046406 -0.0007884409943719696 0
-0.01507719045739637 0.01194538202492607 0
0.0149433551465427 -0.01196801619761432 0
0.009796548157941067 0.01569739645019429 0
0.01718070780835135 0.006950433293649125 0
0.01453339026319894 0.01225587921228489 0
-0.001373953001689777 0.0184668273291244 0
-0.009796548157941121 -0.01569739645019603 0
0.001253668675163504 -0.01841610971371967 0
-0.01184916003419683 0.01413547139913116 0
-0.01714050052794575 -0.00693032834926818 0
0.0181818755227447 -0.003855525074546924 0
0.01188921468496336 -0.01419612572947149 0
0.007168650565265983 -0.01761441742133726 0
0.01734259742825745 -0.006312243301640923 0
-0.01735330682155699 0.006322472646865439 0
-0.01816133647529248 0.003848851533487398 0
-0.01453339026319908 -0.01225587921228385 0
0.01242812710530907 0.01378544242913302 0
-0.01194519430377855 -0.0142071407789659 0
-0.009796548157919353 0.01569739645021569 0
0.01814727316244143 0.003912816343388338 0
0.009290967698944618 -0.01604843150869194 0
0.001297859597458652 0.01848919482941986 0
-0.001303404794995823 -0.01847010700024775 0
-0.007072938375196326 0.0176019503812296 0
0.00456936045826992 0.01849054671060993 0
-0.004535135810804603 -0.01847829855507249 0
-0.01899953778928604 -0.001354955308570495 0
-0.01817190393516985 -0.003842168251897406 0
0.01896538262107207 0.001395574883084845 0
-0.01573530283990925 0.01113408493257566 0
0.01580172585438416 -0.01130220224267698 0
-0.01565049623488457 -0.01153699561702872 0
0.01553425457939253 0.0114965385624261 0
0.005801881284001324 0.01843154130524097 0
0.006112337631613701 -0.01837413207970151 0
-0.00571746545629412 -0.01838867472764525 0
-0.006210810889039995 0.01834343692272681 0
0.01935176796477919 0.0001517742690839378 0
-0.01932231737981484 -0.0001777424939264949 0
0.01032286394741663 0.01531500564598217 0
0.01025486169153264 0.0146680073997792 0
0.01078117748100583 0.0142856165955676 0
0.01018685943564832 0.01402100915357722 0
0.01071317522512082 0.01363861834936557 0
0.01011885717976352 0.0133740109073754 0
0.009592541390291122 0.01375640171158714 0
0.009524539134406219 0.01310940346538525 0
0.01005085492387879 0.0127270126611734 0
0.00945653687852142 0.01246240521918322 0
0.008930221089048826 0.01284479602339514 0
0.008862218833164001 0.01219779777719303 0
0.008335903043691372 0.01258018858140501 0
0.008267900787806539 0.01193319033520284 0
0.008794216577279109 0.01155079953099084 0
0.008199898531921651 0.01128619208900063 0
0.007673582742449046 0.01166858289321266 0
0.007605580486564179 0.01102158464701041 0
0.008131896276036742 0.01063919384279838 0
0.007537578230679314 0.01037458640080811 0
0.007011262441206562 0.0107569772050202 0
0.006943260185321723 0.01010997895881785 0
0.007469575974794524 0.009727588154605777 0
0.006875257929436902 0.009462980712615483 0
0.007401573718909742 0.009080589908403399 0
0.006807255673552088 0.008815982466413085 0
0.006280939884079227 0.009198373270625192 0
0.006212937628194405 0.008551375024422768 0
0.005686621838721531 0.00893376582863489 0
0.005618619582836696 0.00828676758243244 0
0.006144935372309596 0.007904376778220317 0
0.005550617326951871 0.007639769336229963 0
0.005024301537478957 0.00802216014044212 0
0.004956299281594121 0.007375161894239628 0
0.00548261507106705 0.006992771090027461 0
0.004888297025709276 0.006728163648037116 0
0.005414612815182222 0.00634577284382493 0
0.004820294769824423 0.006081165401834577 0
0.004293978980351783 0.006463556206046751 0
0.004225976724466758 0.005816557959844212 0
0.004752292513939597 0.005434167155632015 0
0.00415797446858178 0.005169559713641648 0
0.003631658679108927 0.005551950517853784 0
0.00356365642322392 0.004904952271651275 0
0.00408997221269691 0.00452256146743906 0
0.003495654167339051 0.004257954025448673 0
0.002969338377866026 0.004640344829660917 0
0.002901336121981164 0.003993346583458278 0
0.002375020332508116 0.004375737387670543 0
0.002307018076623252 0.003728739141467876 0
0.002833333866096311 0.003346348337255617 0
0.002239015820738399 0.003081740895265195 0
0.001712700031265323 0.00346413169947747 0
0.001644697775380467 0.002817133453274783 0
0.002171013564853555 0.002434742649062501 0
0.001576695519495602 0.002170135207072083 0
0.002103011308968706 0.001787744402859787 0
0.001508693263610729 0.001523136960869365 0
0.0009823774741376373 0.001905527765081663 0
0.000914375218252752 0.001258529518878947 0
0.0003880594287796454 0.001640920323091257 0
0.0003200571728947607 0.0009939220768885233 0
0.0008463729623678787 0.0006115312726762004 0
0.0002520549170098852 0.0003469238306857707 0
0.000778370706483009 -3.546697352653926e-05 0
0.0001840526611250025 -0.0003000744155169687 0
-0.0003422631283481296 8.231638869534853e-05 0
-0.0004102653842329807 -0.0005646818575074275 0
-0.0009365811737060956 -0.0001822910532950369 0
0.000116050405240136 -0.0009470726617197353 0
-0.000478267640117842 -0.001211680103710201 0
4.804814935528317e-05 -0.001594070907922522 0
-0.0005462698960027202 -0.00185867834991297 0
-1.995410652958116e-05 -0.002241069154125296 0
-0.0006142721518875962 -0.002505676596115739 0
-8.795636241443114e-05 -0.002888067400328076 0
-0.000682274407772474 -0.003152674842318538 0
-0.0001559586182992857 -0.003535065646530905 0
0.0004383594270587918 -0.003270458204540415 0
0.0003703571711739508 -0.003917456450743297 0
0.0009646752165320639 -0.00365284900875278 0
-0.0002239608741841302 -0.004182063892733797 0
0.0008966729606472189 -0.004299847254955686 0
0.001490991006005337 -0.004035239812965162 0
0.00142298875012049 -0.004682238059168047 0
0.002017306795478577 -0.00441763061717753 0
0.001949304539593743 -0.005064628863380397 0
0.002543622584951805 -0.004800021421389888 0
0.002475620329066976 -0.005447019667592725 0
0.003069938374425017 -0.005182412225602227 0
0.003001936118540187 -0.005829410471805047 0
0.002407618073182157 -0.006094017913795547 0
0.003596254163898215 -0.005564803029814547 0
-0.001208590197245652 -0.002770284038106175 0
0.002933933862655361 -0.006476408718007864 0
0.002339615817297334 -0.006741016159998362 0
0.002865931606770485 -0.00712340696421067 0
0.002271613561412491 -0.007388014406201175 0
0.002797929350885642 -0.007770405210413474 0
0.002203611305527666 -0.008035012652403979 0
0.002729927095000855 -0.008417403456616273 0
0.003324245140358991 -0.008152796014625367 0
0.002135609049642854 -0.008682010898606766 0
0.003664256419783051 -0.004917804783611741 0
0.004190572209256239 -0.005300195587824058 0
0.004258574465141074 -0.004653197341621265 0
0.004784890254614249 -0.005035588145833574 0
0.004852892510499083 -0.004388589899630796 0
0.005379208299972125 -0.004770980703842825 0
0.005447210555857081 -0.004123982457640328 0
0.005973526345330162 -0.004506373261852467 0
0.00604152860121499 -0.003859375015649859 0
0.006567844390688073 -0.00424176581986185 0
0.006635846646572915 -0.003594767573659316 0
0.007162162436046176 -0.003977158377871631 0
0.007230164691931032 -0.00333016013166889 0
0.007094160180161077 -0.004624156624073512 0
0.007756480481404223 -0.003712550935881214 0
0.007824482737289072 -0.003065552689678429 0
0.002661924839116045 -0.009064401702819067 0
0.002067606793758036 -0.009329009144809563 0
0.00154129100428482 -0.008946618340597252 0
0.001473288748399987 -0.009593616586800082 0
0.0009469729589267548 -0.009211225782587748 0
0.008350798526762255 -0.003447943493890756 0
0.008418800782647087 -0.002800945247687973 0
0.0008789707030419827 -0.009858224028790517 0
0.0003526549135686721 -0.009475833224578248 0
0.0002846526576839083 -0.01012283147078103 0
-0.0002416631317894428 -0.009740440666568807 0
0.002593922583231237 -0.009711399949021865 0
0.008945116572120288 -0.003183336051900285 0
0.009013118828005123 -0.002536337805697494 0
-0.0003096653876742892 -0.01038743891277157 0
-0.0008359811771475525 -0.01000504810855934 0
0.009539434617478335 -0.002918728609909813 0
0.009607436873363174 -0.002271730363706992 0
0.009471432361593497 -0.003565726856112647 0
-0.0009039834330323988 -0.01065204635476209 0
-0.001430299222505614 -0.01026965555054983 0
0.009081121083889792 -0.001889339559494688 0
0.009675439129247874 -0.001624732117504164 0
-0.001498301478390442 -0.01091665379675269 0
-0.002024617267863687 -0.01053426299254035 0
0.0102017549187212 -0.002007122921716505 0
0.01026975717460602 -0.001360124675513672 0
0.009743441385132704 -0.0009777338713013515 0
0.01033775943049083 -0.0007131264293108574 0
0.0002166504017993282 -0.01076982971698355 0
-0.002092619523748509 -0.01118126123874323 0
-0.002618935313221766 -0.01079887043453089 0
-0.002550933057336936 -0.01015187218832801 0
-0.00314525110269502 -0.01041647963031853 0
-0.003077248846810186 -0.009769481384115656 0
-0.003671566892168271 -0.01003408882610618 0
-0.003603564636283452 -0.009387090579903327 0
-0.004197882681641522 -0.009651698021893826 0
-0.00412988042575675 -0.009004699775690978 0
-0.00472419847111474 -0.009269307217681481 0
-0.004656196215229984 -0.00862230897147861 0
-0.005250514260588035 -0.008886916413469316 0
-0.005182512004703186 -0.0082399181672663 0
-0.00577683005006131 -0.008504525609257012 0
-0.005708827794176426 -0.007857527363053968 0
-0.006303145839534618 -0.008122134805044624 0
-0.006235143583649697 -0.007475136558841582 0
-0.006829461629007949 -0.007739744000832263 0
-0.006761459373123009 -0.007092745754629134 0
-0.007355777418481292 -0.007357353196619816 0
-0.007287775162596382 -0.006710354950416662 0
-0.007882093207954716 -0.006974962392407369 0
-0.00781409095206979 -0.006327964146204174 0
-0.008408408997428139 -0.006592571588194843 0
-0.008340406741543252 -0.005945573341991639 0
-0.008934724786901637 -0.006210180783982328 0
-0.008866722531016761 -0.005563182537779121 0
-0.008272404485658372 -0.005298575095788446 0
-0.008798720275131885 -0.004916184291575924 0
-0.0082044022297735 -0.004651576849585266 0
-0.008730718019247016 -0.004269186045372723 0
-0.008136399973888628 -0.004004578603382079 0
-0.008662715763362135 -0.003622187799169512 0
-0.009257033808720543 -0.003886795241160165 0
-0.009189031552835744 -0.003239796994956697 0
-0.008594713507477349 -0.002975189552966377 0
-0.00912102929695067 -0.0025927987487535 0
-0.008526711251592441 -0.002328191306763166 0
-0.009053027041065739 -0.001945800502550282 0
-0.008458708995707458 -0.001681193060559826 0
-0.008985024785180946 -0.001298802256347232 0
-0.008390706739822579 -0.001034194814356633 0
-0.008917022529296065 -0.0006518040101440749 0
-0.008322704483937845 -0.0003871965681534517 0
-0.008849020273411183 -4.805763940930043e-06 0
-0.008254702228053013 0.0002598016780496902 0
-0.008781018017526274 0.00064219248226219 0
-0.008186699972168025 0.0009067999242527649 0
-0.008713015761641355 0.001289190728465229 0
-0.008118697716283147 0.001553798170455779 0
-0.008645013505756452 0.001936188974668216 0
-0.008050695460398296 0.002200796416658737 0
-0.00857701124987157 0.00258318722087115 0
-0.007982693204513443 0.002847794662861652 0
-0.008509008993986714 0.003230185467074036 0
-0.007914690948628622 0.0034947929090645 0
-0.008441006738101862 0.003877183713276945 0
-0.00784668869274377 0.004141791155267427 0
-0.008373004482217023 0.004524181959479895 0
-0.007778686436858872 0.004788789401470437 0
-0.009443338318769165 -0.0002694132059310925 0
-0.008305002226332188 0.005171180205682866 0
-0.00771068418097402 0.005435787647673423 0
-0.009171329295229525 0.002318579778880719 0
-0.008236999970447353 0.005818178451885846 0
-0.007642681925089179 0.006082785893876406 0
-0.007116366135615867 0.005700395089664008 0
-0.007048363879731028 0.006347393335866959 0
-0.006522048090257712 0.005965002531654551 0
-0.006454045834372842 0.006612000777857521 0
-0.006980361623846197 0.006994391582069945 0
-0.006386043578487991 0.007258999024060559 0
-0.005859727789014758 0.006876608219847485 0
-0.00579172553312992 0.007523606466051075 0
-0.009715347342308903 -0.002857406190743151 0
-0.0088993202716904 0.004906572763692305 0
-0.006318041322603159 0.007905997270263646 0
-0.005723723277244854 0.008170604712254269 0
-0.005197407487771585 0.007788213908041763 0
-0.005129405231886501 0.008435212154244915 0
-0.004603089442412781 0.008052821350031922 0
-0.004535087186528028 0.008699819596235468 0
-0.005061402976001561 0.009082210400448088 0
-0.004467084930643186 0.009346817842438725 0
-0.003940769141169651 0.008964427038226164 0
-0.003872766885284802 0.009611425284429365 0
-0.003346451095811282 0.009229034480216818 0
-0.003278448839926395 0.009876032726420013 0
-0.003804764629399937 0.01025842353063254 0
-0.003210446584041533 0.01052303097262319 0
-0.002684130794568007 0.01014064016841067 0
-0.002616128538683 0.0107876384146135 0
0.009811443641017631 -0.000330735625098565 0
0.01040576168637566 -6.612818310805623e-05 0
0.01093207747584889 -0.0004485189873203572 0
0.01100007973173369 0.0001984792588824966 0
0.01047376394226044 0.0005808700630947985 0
0.01106808198761848 0.0008454775050853653 0
-0.007388375159155022 0.003112402104851408 0
0.0105417661981452 0.001227868309297672 0
0.01113608424350327 0.001492475751288248 0
-0.008476411253313065 -0.00723956983439809 0
-0.00479220072699961 -0.009916305463884565 0
-0.002686937569106617 -0.01144586868073378 0
-0.002089812749209629 0.01040524761040126 0
-0.002021810493324704 0.01105224585660428 0
-0.00314244432815534 0.01117002921882612 0
0.01152639552120696 -0.0001839115453298321 0
0.01060976845402999 0.001874866555500542 0
0.01120408649938806 0.002139473997491142 0
-0.001495494703851312 0.01066985505239193 0
-0.001427492447966299 0.01131685329859469 0
0.01067777070991476 0.002521864801703393 0
0.0112720887552729 0.002786472243694046 0
-0.007796388694464408 -0.0007695873723665058 0
-0.0009011766584930139 0.01093446249438254 0
-0.0008331744026081485 0.01158146074058558 0
0.00670384890245765 -0.002947769327456566 0
-0.002160621779633339 -0.01182825948494617 0
-0.002754939824991481 -0.01209286692693672 0
-0.0009691789143779343 0.01028746424817941 0
0.01074577296579954 0.003168863047906343 0
0.01134009101115772 0.00343347048989697 0
0.01179840454474621 0.00240408143948171 0
-0.0003068586131347935 0.01119906993637322 0
-0.0002388563572499352 0.0118460681825762 0
0.01001545040867183 0.001610259113509906 0
-0.009461040576375155 -0.005827789979769783 0
-0.00135949019208036 0.01196385154479782 0
-0.007592381926809683 0.001171407366242853 0
-0.006371148095419585 -0.008769133051247836 0
-0.006167141327764782 -0.006828138312638586 0
0.01081377522168434 0.003815861294109352 0
0.01140809326704248 0.004080468736099964 0
0.0002874594322234147 0.01146367737836383 0
0.0003554616881082476 0.0121106756245668 0
-0.002228624035518172 -0.01247525773114913 0
-0.002822942080876334 -0.01273986517313968 0
0.0008817774775815619 0.0117282848203544 0
0.000949779733466404 0.01237528306655735 0
0.000423463943993088 0.01275767387076975 0
0.001017781989351441 0.01302228131275987 0
0.004920894766383677 -0.003741591653428027 0
0.001544097778824555 0.01263989050854781 0
0.01021945717632621 0.003551253852118773 0
-0.004588193959345156 -0.007975310725275783 0
0.01088177747756868 0.004462859540312074 0
0.01147609552292721 0.00472746698230292 0
0.01200241131240067 0.004345076178090574 0
0.01207041356828547 0.004992074424293645 0
0.01154409777881199 0.005374465228506083 0
0.0008137752216967306 0.01108128657415148 0
0.001612100034710161 0.01328688875475023 0
0.0121384158241698 0.005639072670496865 0
0.01161210003469668 0.006021463474709303 0
-0.002296626291403013 -0.0131222559773521 0
-0.002890944336761194 -0.01338686341934266 0
0.00213841582418274 0.0129044979505383 0
0.005311206044087448 -0.005417978950044828 0
-0.003417260126234553 -0.01300447261513022 0
0.002206418080068172 0.01355149619674107 0
0.01220641808005453 0.006286070916700086 0
0.01168010229058143 0.006668461720912575 0
0.0004914661998781618 0.01340467211697225 0
0.01259672935775896 0.004609683620081216 0
-0.003485262382119414 -0.01365147086133325 0
-0.004011578171592833 -0.01326908005712077 0
-0.0001736608759046684 -0.009093442420366077 0
0.002732733869541406 0.01316910539252771 0
0.01227442033593927 0.006933069162903356 0
0.01174810454646622 0.007315459967115863 0
0.002800736125425951 0.01381610363873102 0
0.01108578424522287 0.006403854278921297 0
-0.002364628547287852 -0.01376925422355509 0
-0.001770310501929664 -0.01350464678156451 0
0.01234242259182442 0.007580067409106602 0
0.003327051914900473 0.01343371283451581 0
0.002664731613655861 0.01252210714632161 0
0.01181610680235109 0.007962458213319144 0
-0.004079580427477691 -0.0139160783033239 0
-0.004605896216951189 -0.01353368749911138 0
0.0033950541707843 0.01408071108072052 0
0.001558993261890108 -0.003388241566762245 0
0.003921369960258097 0.01369832027650685 0
0.003989372216142096 0.01434531852271139 0
-0.001838312757814504 -0.01415164502776754 0
-0.001243994712456268 -0.01388703758577694 0
0.01241042484770893 0.008227065655309953 0
0.01188410905823587 0.00860945645952243 0
0.002274420335955988 0.014198494442945 0
0.01280073612541267 0.006550678358693903 0
-0.004673898472836024 -0.01418068574531465 0
-0.005200214262309601 -0.01379829494110203 0
0.004515688005615068 0.01396292771849958 0
-0.001311996968341113 -0.01453403583198002 0
-0.0007176789229828007 -0.01426942838998938 0
-0.004147582683362376 -0.01456307654952746 0
-0.007610084184415226 -0.004386969407594751 0
-0.003009246590925422 -0.00912248313791285 0
0.001745297771939222 -0.007005623601988941 0
0.01128979101287764 0.008344849017531462 0
0.004583690261499647 0.01460992596470295 0
0.01247842710359434 0.008874063901513254 0
0.01195211131411879 0.009256454705724421 0
-0.005268216518194436 -0.01444529318730538 0
-0.005794532307668025 -0.0140629023830927 0
-0.005726530051783146 -0.01341590413688945 0
-0.006320848097141589 -0.01368051157888009 0
-0.006252845841256674 -0.01303351333267688 0
-0.006847163886615076 -0.01329812077466746 0
-0.006779161630730277 -0.01265112252846449 0
-0.007373479676088531 -0.01291572997045493 0
-0.007305477420203738 -0.01226873172425201 0
-0.007899795465561927 -0.0125333391662424 0
-0.00783179320967713 -0.01188634092003952 0
-0.008426111255035278 -0.01215094836202991 0
-0.008358108999150488 -0.01150395011582706 0
-0.008952427044508604 -0.01176855755781743 0
-0.00888442478862371 -0.01112155931161445 0
-0.009478742833981884 -0.01138616675360495 0
-0.0094107405780971 -0.01073916850740213 0
-0.01000505862345518 -0.01100377594939253 0
-0.009937056367570403 -0.01035677770318971 0
-0.01053137441292848 -0.01062138514518009 0
-0.01046337215704359 -0.009974386898977112 0
-0.0110576902024018 -0.01023899434096761 0
-0.01098968794651689 -0.009591996094764566 0
-0.01158400599187516 -0.009856603536755101 0
-0.01151600373599029 -0.009209605290551932 0
-0.0121103217813487 -0.009474212732542564 0
-0.01204231952546381 -0.008827214486339274 0
-0.01263663757082238 -0.009091821928329951 0
-0.01256863531493743 -0.008444823682126568 0
0.005110006050972916 0.01422753516049061 0
0.004447685749730809 0.01331592947229023 0
-0.0007856811788676659 -0.01491642663619253 0
-0.0001913631335095533 -0.01465181919420184 0
-0.001379999224226013 -0.01518103407818313 0
0.004057374472028255 0.01499231676891544 0
0.01300474289306694 0.008491673097301665 0
-0.0001233608776244339 -0.01400482094799862 0
0.0004029549118487691 -0.01438721175221093 0
0.000470957167733988 -0.0137402135060078 0
0.0009972729572075008 -0.01412260431022017 0
0.001065275213092485 -0.0134756060640171 0
0.00159159100256604 -0.01385799686822961 0
0.001523588746680966 -0.01450499511443249 0
0.0021179067920395 -0.01424038767244187 0
0.002185909047924321 -0.01359338942623885 0
0.002712224837397818 -0.01397578023045122 0
0.002780227093282633 -0.0133287819842483 0
0.003306542882756028 -0.01371117278846058 0
0.00337454513864072 -0.01306417454225773 0
0.003900860928114063 -0.01344656534646986 0
0.00396886318399871 -0.01279956710026712 0
0.004495178973471952 -0.01318195790447931 0
0.004563181229356653 -0.01253495965827656 0
0.005089497018829885 -0.01291735046248882 0
0.00515749927471457 -0.012270352216286 0
0.005683815064187817 -0.01265274302049827 0
0.005751817320072487 -0.01200574477429539 0
0.006278133109545763 -0.01238813557850764 0
0.006346135365430433 -0.01174113733230475 0
0.006872451154903769 -0.01212352813651704 0
0.006940453410788451 -0.01147652989031409 0
0.0074667692002618 -0.01185892069452638 0
0.007534771456146537 -0.01121192244832343 0
0.007008455666673141 -0.01082953164411113 0
0.00760277371203126 -0.01056492420212046 0
0.008129089501504668 -0.01094731500633276 0
0.008197091757389412 -0.01030031676012974 0
0.008723407546862887 -0.01068270756434209 0
0.00879140980274765 -0.01003570931813897 0
0.00931772559222121 -0.01041810012235142 0
0.009385727848105966 -0.009771101876148184 0
0.008265094013274132 -0.009653318513926824 0
0.009912043637579599 -0.01015349268036068 0
0.009980045893464367 -0.009506494434157391 0
0.01050636168293803 -0.009888885238369907 0
0.01057436393882277 -0.009241886992166576 0
0.01004804814934913 -0.0088594961879541 0
0.01064236619470752 -0.008594888745963297 0
0.01116868198418114 -0.00897727955017575 0
0.01123668424006585 -0.008330281303972526 0
0.0101160504052339 -0.00821249794175084 0
0.004427176717587326 -0.01382895615068193 0
0.01176300002953946 -0.008712672108184938 0
0.01183100228542416 -0.008065673861981749 0
0.006210130853661202 -0.01303513382471065 0
0.01235731807489776 -0.00844806466619415 0
0.0124253203307825 -0.007801066419990935 0
0.01189900454130889 -0.007418675615778548 0
0.01249332258666721 -0.007154068173787761 0
0.009249723336336354 -0.01106509836855451 0
0.01196700679719362 -0.006771677369575367 0
0.01256132484255191 -0.006507069927584601 0
0.01228931581901305 -0.009095062912397311 0
0.002644222581512934 -0.0146227784766539 0
0.0130876406320255 -0.006889460731796984 0
0.01315564288791018 -0.006242462485593844 0
0.01262932709843663 -0.005860071681381399 0
0.01322364514379491 -0.005595464239390717 0
0.01269732935432137 -0.005213073435178192 0
0.01329164739967969 -0.004948465993187491 0
0.01276533161020611 -0.004566075188974995 0
0.01335964965556446 -0.004301467746984192 0
0.01388596544503809 -0.004683858551196664 0
0.01395396770092289 -0.004036860304993528 0
0.01342765191144856 -0.003654469500781705 0
0.01402196995680762 -0.003389862058790401 0
0.01368195867738378 -0.006624853289806297 0
0.005225501530599232 -0.0116233539700832 0
0.0145482857462813 -0.003772252863002813 0
0.01461628800216613 -0.003125254616799263 0
0.01408997221269247 -0.002742863812586881 0
0.0146842902580509 -0.002478256370595767 0
0.01415797446857713 -0.002095865566383183 0
0.01475229251393561 -0.001831258124392241 0
0.0142259767244619 -0.001448867320179705 0
0.01482029476982036 -0.001184259878188822 0
0.01429397898034702 -0.0008018690739763712 0
0.01488829702570527 -0.0005372616319853766 0
0.01436198123623189 -0.000154870827773111 0
0.01495629928158996 0.0001097366142179278 0
0.01541461281517903 -0.0009196524361977329 0
0.01442998349211634 0.0004921274184300629 0
0.01502430153747443 0.0007567348604208316 0
0.01449798574800099 0.001139125664633074 0
0.01509230379335909 0.001403733106623773 0
0.01288363386437135 -0.008830455470406534 0
-0.01197431726957892 -0.008180216240136002 0
-0.01250063305905245 -0.007797825435923209 0
-0.01309495110441102 -0.008062432877913797 0
-0.01302694884852601 -0.007415434631710408 0
-0.01243263080316738 -0.007150827189720118 0
-0.01295894659264112 -0.006768436385507102 0
-0.01355326463799959 -0.007033043827497636 0
-0.01348526238211449 -0.006386045581294327 0
-0.01289094433675613 -0.00612143813930378 0
-0.0134172601262294 -0.005739047335091075 0
-0.01282294208087098 -0.005474439893100584 0
-0.01334925787034432 -0.005092049088887903 0
-0.01275493982498591 -0.004827441646897448 0
-0.01328125561445926 -0.00444505084268478 0
-0.01387557365981766 -0.004709658284675218 0
-0.0138075714039326 -0.004062660038472088 0
-0.01321325335857419 -0.003798052596481637 0
-0.01373956914804758 -0.003415661792268895 0
-0.01314525110268905 -0.003151054350278426 0
-0.01367156689216252 -0.002768663546065624 0
-0.01307724884680387 -0.002504056104075148 0
-0.01360356463627738 -0.002121665299862308 0
-0.01419788268163605 -0.002386272741852811 0
-0.01412988042575097 -0.001739274495649469 0
-0.01353556238039229 -0.001474667053658929 0
-0.01406187816986592 -0.001092276249446073 0
-0.01346756012450721 -0.0008276688074554816 0
-0.01399387591398085 -0.0004452780032426138 0
-0.01339955786862214 -0.0001806705612520041 0
-0.01392587365809567 0.0002017202429608426 0
-0.01333155561273707 0.0004663276849514675 0
-0.01385787140221057 0.0008487184891642927 0
-0.01326355335685202 0.001113325931154926 0
-0.01378986914632547 0.001495716735367707 0
-0.01319555110096695 0.001760324177358315 0
-0.01372186689044055 0.002142714981571106 0
-0.01312754884508198 0.002407322423561701 0
-0.01365386463455542 0.002789713227774565 0
-0.01305954658919657 0.003054320669764983 0
-0.01358586237867028 0.003436711473977866 0
-0.01299154433331149 0.003701318915968232 0
-0.01351786012278541 0.00408370972018097 0
-0.0129235420774269 0.004348317162171426 0
-0.01344985786690024 0.004730707966384166 0
-0.01285553982154195 0.004995315408374525 0
-0.01338185561101525 0.005377706212587131 0
-0.01278753756565744 0.005642313654577576 0
-0.0145201917034541 -6.288719902976176e-05 0
-0.01331385335513028 0.006024704458790086 0
-0.01271953530977286 0.006289311900780073 0
-0.01324585109924549 0.006671702704993279 0
-0.01265153305388747 0.006936310146982928 0
-0.0143161849357988 0.001878107539580639 0
-0.01317784884336069 0.007318700951196423 0
-0.01258353079800225 0.007583308393186485 0
-0.01205721500853 0.007200917588972189 0
-0.01198921275264413 0.007847915835176633 0
-0.01251552854211736 0.008230306639389624 0
-0.01192121049675869 0.008494914081379978 0
-0.01139489470728557 0.008112523277167064 0
-0.01132689245140013 0.008759521523370442 0
-0.01185320824087354 0.009141912327583181 0
-0.01125889019551497 0.009406519769573645 0
-0.01073257440604157 0.009024128965360936 0
-0.01066457215015646 0.009671127211564075 0
-0.01013825636068311 0.009288736407351356 0
-0.01007025410479801 0.009935734653554483 0
-0.01059656989427133 0.0103181254577672 0
-0.01000225184891286 0.0105827328997575 0
-0.009475936059439609 0.0102003420955449 0
-0.009407933803554399 0.01084734034174783 0
-0.008881618014081247 0.01046494953753525 0
-0.008813615758196072 0.01111194778373822 0
-0.01472419847110958 -0.002003881937640055 0
-0.0141121781681436 0.003819102278191287 0
-0.008287299968722945 0.0107295569795256 0
-0.008219297712837855 0.01137655522572855 0
-0.008745613502310953 0.01175894602994114 0
-0.008151295456952744 0.01202355347193145 0
-0.007624979667479645 0.01164116266771884 0
-0.00755697741159453 0.01228816091392173 0
-0.007030661622121425 0.01190577010970912 0
-0.006962659366236285 0.012552768355912 0
-0.0126692353114932 0.001377933373145412 0
-0.01239722628795355 0.003965926357958814 0
-0.01440188944929104 -0.004327267480462539 0
-0.007488975155709421 0.01293515916012463 0
-0.00689465711035115 0.01319976660211492 0
-0.006368341320877957 0.01281737579790227 0
-0.006300339064992814 0.0134643740441053 0
-0.00577402327551949 0.01308198323989256 0
-0.005706021019634394 0.01372898148609572 0
-0.005179705230160935 0.01334659068188292 0
-0.005111702974275822 0.0139935889280863 0
-0.004585387184802324 0.01361119812387338 0
-0.004517384928917144 0.01425819637007677 0
-0.005043700718390715 0.01464058717428973 0
-0.004449382673031973 0.01490519461628027 0
-0.003923066883558332 0.01452280381206732 0
-0.003855064627673174 0.01516980205827088 0
-0.003328748838199462 0.01478741125405791 0
-0.0138401691446036 0.006407095263003013 0
-0.0128732420791485 -0.0005630613654648274 0
0.01456598800388584 0.001786123910835714 0
0.01516030604924381 0.00205073135282667 0
0.005178008306857686 0.01487453340669365 0
0.005704324096330999 0.01449214260248126 0
0.01307274514895277 0.009138671343504223 0
-0.01052856763838609 0.01096512370397012 0
-0.003260746582314288 0.01543440950026147 0
-0.002734430792840574 0.01505201869604854 0
0.01281563160848662 -0.009477453716609718 0
0.0156186195828325 0.001021342302411517 0
-0.007420972899824321 0.01358215740632755 0
-0.0002593653893941147 -0.01529881744040514 0
-0.004975698462505616 0.01528758542049314 0
-0.01112569245828688 -0.01088599258717056 0
-0.007441481931973776 -0.01356272821665797 0
-0.00586253456355301 -0.01470990062929596 0
-0.009546745089866778 -0.0120331649998079 0
0.01521060604752454 -0.0028606471748083 0
-0.01407958042747308 -0.00665065302328488 0
-0.01270463982670747 -0.009738820174533293 0
-0.002666428536955345 0.01569901694225196 0
-0.002140112747481672 0.01531662613803918 0
-0.008816422532738946 -0.01047456106541197 0
-0.008355302224608039 0.01008255873332261 0
0.002848229349167477 -0.01268178373804529 0
-0.00723747516431845 -0.01162173347804967 0
0.01217101356484783 -0.004830682630965885 0
0.01463399025977057 0.002433122157038612 0
0.01522830830512852 0.002697729599029609 0
0.005772326352215245 0.01513914084868342 0
0.006298642141689089 0.01475675004446851 0
0.01359906093842606 0.008756280539292503 0
0.01340994965384492 -0.009212846274618953 0
-0.01222862403551253 -0.005209832451110101 0
-0.003396751094084612 0.01414041300785433 0
0.005636321840445789 0.01384514435627714 0
0.01356365642321833 -0.002360473008375586 0
-0.004537893961066238 -0.01288668925290833 0
-0.00467109169829813 0.007405823103828505 0
-0.002157815005094498 0.009758249364198149 0
-0.0109216856906315 -0.008944997848561847 0
-0.003414453351696155 0.008582036234013652 0
-0.01178520598498839 0.009788910573786398 0
0.000828670704762398 -0.004946845501158579 0
-0.01253323079972301 0.002671929865551976 0
-0.01397617365637338 0.005113098770597024 0
-0.007252370647385535 0.004406398597257434 0
0.009982852667994022 0.01208001441497127 0
-0.007932393206234215 -0.002063583864772858 0
-0.009307333806999458 0.001024583286475679 0
-0.008494113510920394 -0.01279794660823287 0
-0.01323095561618102 -0.009356429370320662 0
0.00373225867566771 -0.004270806537408864 0
0.007892484993173811 -0.002418554443475612 0
0.003460249652128546 -0.006858799522220177 0
0.001405286492515462 -0.01024061483300266 0
0.006416944395848904 0.01049236976302997 0
-0.009579342830538812 -0.001563409698337525 0
0.0006423661947132953 -0.001329463465931975 0
-0.005570016507864291 0.01502297797850261 0
-0.002208115003366843 0.01466962789183563 0
0.002035009053083845 0.001140746156657055 0
0.002629327098441827 0.001405353598647487 0
0.002561324842556968 0.0007583553524447447 0
0.00315564288791495 0.001022962794435181 0
0.003087640632030094 0.0003759645482324362 0
0.003681958677388077 0.0006405719902228742 0
0.003613956421503223 -6.426255979872797e-06 0
0.004208274466861207 0.0002581811860105661 0
0.00427627672274606 0.0009051794322133121 0
0.004802592512219187 0.0005227886280010063 0
0.00487059476810404 0.001169786874203744 0
0.005396910557577161 0.0007873960699914426 0
0.005464912813462015 0.001434394316194179 0
0.005991228602935137 0.001052003511981873 0
0.006059230858819988 0.001699001758184617 0
0.004734590256334329 -0.0001242096182017372 0
0.006585546648293116 0.001316610953972309 0
0.006653548904177966 0.001963609200175053 0
0.006517544392408258 0.0006696127077695645 0
0.007111862437766247 0.0009342201497600006 0
0.00612723311470484 0.002346000004387363 0
0.006721551160062819 0.002610607446377802 0
0.007043860181881385 0.0002872219035572474 0
0.006195235370589611 0.002992998250590102 0
0.006789553415947653 0.003257605692580553 0
0.0073158692054208 0.002875214888368245 0
0.007383871461305645 0.003522213134570993 0
0.004938597023988838 0.001816785120406488 0
0.006857555671832512 0.003904603938783303 0
0.007451873717190492 0.004169211380773747 0
0.01223901582073107 -0.004183684384763636 0
0.003019638376145236 -0.0002710336979703107 0
0.003545954165618368 -0.0006534245021826237 0
-0.0002062586165783605 0.001376312881100858 0
-0.0001382563606934737 0.002023311127303616 0
-0.000732574406051499 0.001758703685313201 0
-0.0006645721501666159 0.002405701931515976 0
-0.001258890195524654 0.00214109448952555 0
-0.001190887939639758 0.00278809273572837 0
-0.001785205984997829 0.002523485293737924 0
-0.001717203729112926 0.003170483539940766 0
-0.002311521774470966 0.002905876097950385 0
-0.00237952403035581 0.002258877851747811 0
-0.002243519518586108 0.003552874344153167 0
-0.001649201473228009 0.003817481786143623 0
-0.002837837563944115 0.003288266902163037 0
-0.002175517262701228 0.004199872590356009 0
-0.001581199217343092 0.004464480032346488 0
-0.002107515006816336 0.004846870836558897 0
-0.001513196961458175 0.005111478278549378 0
-0.002039512750931413 0.005493869082761815 0
-0.001445194705573257 0.005758476524752283 0
-0.002633830796289599 0.005229261640771322 0
-0.0009188789161000254 0.005376085720539849 0
-0.0008508766602150978 0.006023083966742751 0
-0.001377192449688339 0.006405474770955193 0
-0.0007828744043301726 0.006670082212945645 0
-0.0002565586148569509 0.006287691408733207 0
-0.0001885563589720188 0.006934689654936082 0
0.0003377594305011283 0.006552298850723753 0
0.0004057616863861511 0.007199297096927014 0
0.0009320774758592301 0.00681690629271429 0
0.001000079731744373 0.007463904538917262 0
-0.0001205541030867547 0.00758168790114155 0
-0.001309190193803283 0.007052473017159071 0
0.006008930860540026 0.006610380285815287 0
0.003188240628589243 -0.009446792507031364 0
-0.002565828540404671 0.005876259886974273 0
-0.003160146585762871 0.005611652444983779 0
0.007076457922557849 -0.01018253339790817 0
-0.0102062586165682 0.008641738161148233 0
-0.01226122177618465 0.005259922850364426 0
-0.008015290945182583 0.01331754996433723 0
0.007333571463024952 0.008433591662200965 0
0.007927889508382663 0.008698199104191316 0
0.007859887252497873 0.008051200857988791 0
0.008454205297855675 0.008315808299979199 0
0.008386203041970875 0.007668810053776566 0
-0.0005965698942817088 0.003052700177718742 0
0.00442998349212133 0.007757552698451785 0
0.004497985748006048 0.008404550944654303 0
0.003903667702648391 0.008139943502663958 0
0.003971669958533091 0.008786941748866527 0
-0.004993400720116684 0.009729208646651276 0
0.01079607296407927 -0.001742515479726 0
0.007398766944377119 -0.01250591894072935 0
-0.001634305990160024 -0.01221065028915856 0
0.01575462409460187 0.002315338794817393 0
0.008282796270877413 -0.004094941740093566 0
-0.01414758268335819 -0.007297651269488278 0
0.004036865439883076 -0.01215256885406458 0
0.002951636120260394 -0.0009180319441730387 0
0.003477951909733516 -0.001300422748385379 0
0.01043835942705318 -0.01053588348457308 0
-0.005842025531404873 0.01243498499368955 0
0.01166240003297656 0.001110084947075865 0
-0.006184843585371561 -0.01238651508647429 0
-0.008168997714562518 0.006465176698088848 0
-0.003787062371787968 0.01581680030447438 0
-0.001276592453130546 -0.003417282284309007 0
-0.001802908242603748 -0.003034891480096614 0
-0.001870910498488646 -0.003681889726299484 0
-0.002397226287961875 -0.003299498922087072 0
-0.002465228543846772 -0.003946497168289964 0
-0.002991544333320017 -0.003564106364077542 0
-0.002923542077435116 -0.002917108117874633 0
-0.003517860122793279 -0.003181715559865116 0
-0.003449857866908376 -0.002534717313662175 0
-0.003059546589204909 -0.004211104610280449 0
-0.002533230799731661 -0.004593495414492864 0
-0.004044175912266561 -0.002799324755652679 0
-0.003976173656381652 -0.002152326509449715 0
-0.003127548845089795 -0.004858102856483354 0
-0.00260123305561655 -0.005240493660695761 0
-0.004570491701739853 -0.002416933951440217 0
-0.004502489445854938 -0.001769935705237253 0
-0.003908171400496743 -0.001505328263246755 0
-0.00443448718997002 -0.001122937459034299 0
-0.004638493957624762 -0.0030639321976432 0
-0.003840169144611841 -0.0008583300170438041 0
-0.004366484934085105 -0.0004759392128313561 0
-0.005028805235328219 -0.001387544901024781 0
-0.005164809747098079 -0.002681541393430722 0
-0.003195551100974682 -0.005505101102686255 0
-0.002669235311501439 -0.00588749190689866 0
-0.00372186689044793 -0.005122710298473842 0
-0.00207491726614331 -0.005622884464908169 0
-0.002142919522028198 -0.006269882711111063 0
-0.001548601476670074 -0.006005275269120577 0
-0.001616603732554959 -0.006652273515323467 0
-0.001022285687196836 -0.006387666073332983 0
-0.001734905986718845 -0.002387893233893739 0
-0.00876331575992074 0.006200569256098272 0
0.006484946651733766 0.01113936800923237 0
0.005890628606376038 0.01087476056724213 0
0.0002697571746161722 0.005905300604520745 0
-0.01237952403034699 0.009524303131795921 0
-0.01231152177446188 0.01017130137799919 0
-0.01290583981982047 0.009906693936008718 0
-0.01216062177962749 -0.004562834204906963 0
-0.007423779674366194 -0.008004351442822962 0
0.008403905299576254 0.01322718682760719 0
-0.00533621877407927 -0.01509229143350876 0
-0.005930536819438008 -0.01535689887549942 0
-0.005404221029964133 -0.01573928967971226 0
0.01470199251565527 0.003080120403241545 0
0.01529631056101326 0.00334472784523259 0
0.01476999477153996 0.003727118649444566 0
0.01536431281689795 0.003991726091435709 0
0.01483799702742445 0.004374116895648089 0
-0.009035324783460023 0.003612576271286403 0
-0.009869054111685021 -0.009709779456987287 0
-0.003772166888726928 -0.0002113317708408821 0
-0.004298482678200183 0.0001710590333715663 0
-0.004892800723558361 -9.354840861890704e-05 0
-0.004824798467673447 0.0005534498375840207 0
0.0105771707133515 0.01234462185696154 0
0.005246010562742386 0.01552153165289667 0
-0.005232812002982989 -0.003328539639633732 0
-0.01255093305733043 -0.002886446908287955 0
-0.007098663878006541 0.01125877186350624 0
-0.009529042832260031 -0.006474788225973008 0
-0.005587718765475024 0.009464601204660654 0
0.003377351913175265 0.008522334306876178 0
0.003445354169060101 0.009169332553078809 0
0.003309349657291045 0.007875336060673454 0
-0.00161379695800804 0.01493423533382623 0
-0.001545794702122908 0.0155812335800297 0
-0.001019478912649705 0.01519884277581699 0
-0.0009514766567642198 0.0158458410220202 0
-0.0004251608672916015 0.01546345021780694 0
0.002851036123702204 0.008904725111088417 0
0.002919038379587058 0.009551723357291075 0
0.002324720334229112 0.009287115915300681 0
0.003513356424944979 0.009816330799281462 0
0.01050916845746673 0.01169762361075927 0
0.01110348650282431 0.01196223105274958 0
0.01366706319431141 0.009403278785495045 0
0.01314074740483779 0.009785669589707469 0
0.01334194739796019 -0.009859844520822121 0
0.01274762935260185 -0.01012445196281299 0
-0.007947288689297506 0.01396454821054016 0
-0.00854160673465577 0.01369994076854983 0
-0.0055020142519792 0.01566997622470593 0
-0.006096332297337715 0.01540536878271547 0
-0.01329895787206618 -0.0100034276165241 0
-0.01382527366153965 -0.009621036812311388 0
-0.01283783756393534 0.01055369218221203 0
-0.0134321556092939 0.01028908474022145 0
-0.01350015786517892 0.00964208649401831 0
-0.0003571586114056925 0.01611044846401053 0
0.0001691571780672221 0.01572805765979711 0
0.01543231507278279 0.004638724337638869 0
0.0149059992833091 0.005021115141851323 0
-0.01467389847283184 -0.006915260465275444 0
0.01327394514207553 -0.01050684276702545 0
0.01267962709671707 -0.01077145020901638 0
-0.001477792446237605 0.01622823182623306 0
0.002987040635471938 0.01019872160349374 0
0.003581358680829826 0.01046332904548406 0
0.00595863086226093 0.0115217588134446 0
0.01410767447029673 0.002815512961250184 0
0.007809587254218668 0.01296257938561703 0
0.008980521087328582 0.007933417495767019 0
0.009048523343212978 0.008580415741969541 0
0.008912518831443915 0.007286419249564313 0
0.008318200786086059 0.00702181180757396 0
0.008844516575559097 0.006639421003361603 0
-0.00168179921389334 0.01428723708762321 0
-0.008695313504035879 0.006847567502301324 0
-0.009289631549394151 0.006582960060310726 0
-0.01005535862173351 -0.006092397421760567 0
-0.005419116513031626 0.0002888423955935405 0
-0.005351114257146711 0.0009358406417964698 0
-0.004756796211788541 0.001200448083786945 0
-0.005283112001261797 0.001582838887999392 0
0.009217125595659244 -0.0005953430670891061 0
0.007910187250778798 0.003139822330358694 0
-0.00575912779245633 -0.002946148835421237 0
0.002443022588392981 0.00502273563387321 0
-0.003739569148053037 -0.01068108707230928 0
-0.003789869146332814 -0.00576970854467675 0
-0.004316184935806067 -0.005387317740464345 0
-0.003245851099253677 -0.0005937225750533157 0
-0.002210921777913081 -0.006916880957313952 0
-0.001684605988439844 -0.007299271761526354 0
-0.004688793955903609 0.001847446329989857 0
-0.005215109745376875 0.002229837134202297 0
0.01006575040695156 -0.003301119414122167 0
0.009997748151066722 -0.003948117660325025 0
-0.003177848843368767 5.327567114958924e-05 0
0.0005389594236189103 -0.01309321525980457 0
0.008250198530201223 0.006374813561371252 0
0.008776514319674222 0.00599242275715886 0
-0.004653389440687499 0.01296419987767005 0
-0.01012336087761841 -0.0067393956679637 0
0.01397166995852851 0.00152151646884402 0
0.0138356654467579 0.0002275199764376763 0
0.01369966093498779 -0.001066476515967932 0
0.00584032860810008 0.01578613909488643 0
0.005314012818627163 0.01616852989909993 0
0.01373506545019638 0.01005027703169827 0
0.01320874966072133 0.01043266783590997 0
0.01419337898378529 0.009020887981282359 0
0.01412537672789964 0.008373889735080194 0
0.0002371594339528969 0.0163750559060009 0
0.0007634752234262239 0.01599266510178811 0
0.0155003173286675 0.00528572258384211 0
0.01497400153919384 0.0056681133880546 0
0.01589062860637213 0.003609335287223583 0
-0.0147419007287169 -0.007562258711478916 0
0.01393626544331845 -0.009595237078831332 0
0.01400426769920314 -0.008948238832628271 0
0.003120238372704435 -0.01009379075323416 0
0.003714556418062448 -0.009829183311243656 0
0.004021969956812078 0.003875563221236434 0
0.005940928604655199 0.005963382039612716 0
0.002883633864375545 -0.001565030190375737 0
0.003409949653848663 -0.001947420994588135 0
0.004004267699206661 -0.001682813552597702 0
0.01103548424693959 0.01131523280654725 0
0.01044116620158195 0.01105062536455693 0
-0.01336415335340888 0.01093608298642478 0
-0.01276983530805014 0.01120069042841544 0
-0.005998539075322892 -0.0160038971217031 0
-0.006524854864796897 -0.01562150631749017 0
-0.005472223285848994 -0.01638628792591583 0
-0.00487790524049036 -0.01612168048392499 0
-0.01389327591742464 -0.01026803505851487 0
-0.01336696012795148 -0.01065042586272737 0
-0.01402647365465227 0.01002447729823091 0
-0.01409447591053725 0.00937747905202798 0
-0.01163430599015379 -0.00494522500912008 0
-0.01156630373426898 -0.004298226762916572 0
-0.003092144329877953 0.006258650691186752 0
-0.003686462375236167 0.005994043249196256 0
-0.003754464631121078 0.005347045002993271 0
-0.004280780420594384 0.005729435807205743 0
-0.004348782676479248 0.005082437561003055 0
0.007877589510103604 0.01360957763181939 0
0.00952173235987553 -0.008477105383741655 0
0.009589734615760329 -0.007830107137538431 0
0.008995416570402034 -0.008094714579529134 0
0.0090634188262868 -0.007447716333326016 0
0.008469100780928593 -0.007712323775316697 0
0.009657736871645091 -0.007183108891335233 0
0.008537103036813322 -0.007065325529113655 0
0.007942784991455168 -0.007329932971104311 0
0.008010787247339897 -0.006682934724901309 0
0.007416469201981761 -0.006947542166891972 0
0.007348466946097146 -0.007594540413095161 0
0.006822151156623655 -0.007212149608882668 0
0.006754148900739032 -0.007859147855085838 0
0.006227833111265549 -0.007476757050873325 0
0.00615983085538081 -0.008123755297076245 0
0.008605105292698041 -0.006418327282910635 0
0.005633515065907453 -0.007741364492863921 0
0.005565512810022711 -0.008388362739066806 0
-0.01248293080144524 -0.002239448662084691 0
-0.01195661501197177 -0.002621839466297511 0
-0.01188861275608662 -0.001974841220094262 0
0.001848704543035042 0.00475812819188283 0
-0.01479220072699463 -0.002650880183843319 0
-0.01531851651646806 -0.002268489379630603 0
-0.0153865187723531 -0.002915487625833752 0
-0.01591283456182649 -0.002533096821621108 0
-0.01584483230594144 -0.001886098575418002 0
-0.01598083681771158 -0.003180095067824307 0
-0.01643915035129983 -0.00215070601740851 0
-0.01637114809541476 -0.001503707771205414 0
0.001133277468977265 -0.01282860781781389 0
0.007638178227239383 0.0005518293455476881 0
0.007570175971354523 -9.516890065506998e-05 0
0.006975857925996522 -0.0003597763426455108 0
0.004616288002169952 0.00414017066322683 0
0.001408093267054859 0.01134589401614203 0
-0.007219772906711493 -0.006063356704213557 0
0.003223645143799745 0.001669961040637952 0
-0.001362296966620861 -0.00962265730434704 0
-0.009611940571209772 0.00890634560313865 0
0.006482139877199746 -0.01044714083989884 0
0.007842184994893947 0.002492824084155933 0
0.009285127851544261 5.165517911370671e-05 0
-0.004620791700018693 0.002494444576192761 0
-0.005147107489491964 0.0028768353804052 0
-0.0117023082460387 -0.005592223255324385 0
-0.001326892451409451 0.001494096243322857 0
0.008436503040251961 0.002757431526146381 0
0.00836850078436709 0.002110433279943648 0
0.001014975214811618 -0.008564227536384927 0
-0.01446989170517608 -0.004974265726665708 0
-0.01499620749464952 -0.004591874922452959 0
0.008504505296136815 0.00340442977234917 0
-0.00243263080317267 -0.01441625246975823 0
0.007993084989735166 -0.01224131149873868 0
0.007925082733850463 -0.01288830974494163 0
0.008519400779208533 -0.01262370230295098 0
0.008451398523323835 -0.01327070054915399 0
0.009045716568681946 -0.01300609310716327 0
0.007857080477965867 -0.01353530799114473 0
0.008977714312797241 -0.01365309135336635 0
0.009572032358155418 -0.01338848391137559 0
0.005364312816903191 0.01125715137145433 0
0.0052963105610183 0.01061015312525186 0
-0.00438418719169089 -0.006034315986667255 0
-0.004910502981164177 -0.005651925182454869 0
-0.003857871402217697 -0.006416706790879662 0
-0.009987356365848717 -0.005445399175556799 0
-0.004162478166430316 0.001465055525777384 0
-0.01506420975053455 -0.005238873168656179 0
-0.01559052554000805 -0.004856482364443433 0
0.01252872710187414 0.003962685373878129 0
-0.005827130048341241 -0.00359314708162427 0
-0.007542081928530399 -0.003739971161391837 0
0.009640034614040158 -0.01274148566517246 0
0.01016635040351376 -0.01312387646938486 0
-0.004552789444133814 0.00314144282239567 0
-0.005079105233607065 0.003523833626608111 0
-0.005809427790734953 0.001965229692212047 0
0.0102343526593985 -0.01247687822318157 0
-0.005519716509590135 0.01011159945086379 0
-0.006114034554948412 0.009846992008873675 0
0.001526395521217367 0.007081513734704601 0
0.00950683687680173 0.007551026691555628 0
-0.0001028518454802541 0.01314006467498208 0
0.006890153412508375 -0.006565151362679685 0
0.01162980229229723 0.01157984024853764 0
0.0006954729675406326 0.01534566685558435 0
0.0012897910128995 0.01561027429757537 0
0.001357793268784738 0.01625727254377854 0
0.001884109058257942 0.01587488173956583 0
0.001952111314143124 0.01652187998576882 0
0.00247842710361627 0.01613948918155617 0
0.0143796834938354 0.005403505946063776 0
0.01444768574972009 0.006050504192267129 0
0.0150420037950786 0.006315111634258012 0
-0.01564916910820048 -0.005490599482107244 0
0.01076149044161927 -0.01286111525333177 0
0.01082880770354806 -0.01221257848551376 0
0.01135596831890088 -0.01259686679971774 0
-0.0169654661407732 -0.001768315213195946 0
-0.0168974638848882 -0.001121316966992653 0
-0.0163031458395296 -0.0008567095250020153 0
-0.01682946162900326 -0.0004743187207891252 0
-0.01623514358364437 -0.000209711278798402 0
-0.0167614593731182 0.0001726795254145655 0
-0.01616714132775924 0.000437286967405311 0
-0.01669345711723313 0.0008196777716183024 0
-0.01609913907187415 0.001084285213609089 0
-0.01662545486134805 0.001466676017822062 0
-0.01603113681598908 0.001731283459812861 0
-0.01655745260546295 0.002113674264025811 0
-0.01596313456010403 0.002378281706016548 0
-0.01648945034957783 0.002760672510229494 0
-0.01589513230421897 0.003025279952220175 0
-0.0164214480936927 0.003407670756433101 0
-0.01582713004833391 0.00367227819842373 0
-0.01722807806183334 0.001221688116976708 0
-0.0173389759011213 -9.369382720918028e-05 0
-0.008473604478770701 0.01434693901475278 0
-0.007879286433412441 0.01461154645674308 0
-0.009067922524128975 0.01408233157276246 0
-0.009135924780014074 0.01343533332655945 0
-0.006050195028560153 0.01605466513166771 0
-0.005437656160612012 0.01631735748803405 0
-0.006634871273232925 0.01579408689920604 0
0.01320594288619086 -0.01115384101322893 0
-0.01525894130831641 -0.007200700369729411 0
-0.006592857120681798 -0.01626850456369406 0
-0.000289156355520344 0.01675744671021381 0
0.0160266331181412 0.004903331779629646 0
-0.01633698418504129 0.004052938813211426 0
-0.01575638418365448 0.004318988079723005 0
-0.01441959170689851 -0.009885644254302156 0
-0.01626578105222938 0.004699600633693273 0
-0.01568739118014927 0.00496588219415542 0
0.01471969477325878 0.008638497177070679 0
0.002544266592511298 0.01679134508195227 0
0.003072384687809496 0.01640490623257863 0
-0.01703346839665816 -0.002415313459399062 0
-0.00966224056948733 0.01381772413077209 0
-0.009730242825372444 0.01317072588456904 0
0.0145305834886766 -0.00933062963684062 0
0.0145985857445613 -0.00868363139063762 0
0.01446258123279194 -0.009977627883043617 0
0.01478769702914411 0.009285495423273293 0
-0.01025655861484576 0.01355311668878174 0
-0.01032456087073073 0.01290611844257858 0
-0.004946890847684446 -0.01677003219709194 0
-0.004351753342901589 -0.01650429686596488 0
0.009504030102270642 -0.01403548215757866 0
0.008909712056912537 -0.01430008959956936 0
-0.008405602222885564 0.01499393726095569 0
0.003055042891356809 0.01084571984969641 0
0.003649360936714707 0.01111032729168673 0
0.005432315072788104 0.01190414961765685 0
0.006026633118145818 0.01216875705964706 0
0.00134009101116948 0.01069889576993353 0
0.0007457729658116152 0.01043428832794378 0
-0.009221629293509035 0.007229958306514328 0
-0.008627311248150034 0.007494565748505315 0
-0.009815947338867061 0.006965350864524321 0
-0.009883949594752348 0.006318352618320312 0
-0.004875098465952602 0.005464828365215225 0
0.009370832365032226 0.006257030199149279 0
0.009302830109147354 0.005610031952946489 0
0.007283271464745918 0.01334497018982917 0
0.005039197020549398 -0.008005971934854521 0
0.005107199276434128 -0.007358973688651641 0
0.004971194764664653 -0.008652970181057405 0
0.006686146644854206 -0.008506146101289256 0
0.00549751055413788 -0.009035360985269672 0
-0.005945432302504898 0.0006712331998059934 0
-0.006013434558389813 2.42349536030327e-05 0
0.003936265443321809 -0.00232981179880047 0
0.004530583488679811 -0.002065204356810019 0
0.0033419473979638 -0.002594419240790922 0
0.01407226995508786 -0.008301240586425184 0
0.01466658800044603 -0.008036633144434624 0
0.001916706798919814 0.005405126438085734 0
-0.01041026538422618 0.006700743422533695 0
-0.01047826764011072 0.006053745176329747 0
0.01137268875183533 -0.007036284811566124 0
0.01144069100772006 -0.006389286565362974 0
0.01059206619642471 -0.003683510218334548 0
0.01052406394053985 -0.004330508464537419 0
0.009929745895182026 -0.004595115906527671 0
0.003646554162177643 -0.01047618155744646 0
0.004240872207535661 -0.01021157411545595 0
0.003052236116819625 -0.01074078899943698 0
0.004548285746285123 0.003493172417024188 0
0.006925557927717198 0.004551602184986004 0
0.006331239882359294 0.004286994742995568 0
0.007502173715469658 -0.0007421671468578221 0
0.006907855670111656 -0.001006774588848261 0
-0.005673423278965221 0.003259226184617635 0
-0.005605421023080356 0.003906224430820961 0
0.001118381985907391 0.003199524257487061 0
0.002425320330787266 -0.0005356411399607126 0
0.00638153988063852 -0.0006243837846359487 0
0.00631353762475366 -0.001271382030838712 0
-0.003822466887005935 0.004700046756790642 0
-0.0009542834313119503 -0.005740667827130091 0
-0.0004279676418387127 -0.006123058631342501 0
-0.0004959698977236027 -0.006770056877545389 0
9.834814763451635e-05 -0.006505449435554913 0
-0.004248182679921192 -0.004740319494261465 0
3.034589174962381e-05 -0.007152447681757793 0
-0.002651533053895554 -0.0003291151330628701 0
-0.002719535309780427 -0.0009761133792657339 0
-0.002278924033797966 -0.00756387920351684 0
-0.00175260824432473 -0.007946270007729239 0
-0.01136229696661319 -0.002357232024307091 0
-0.01129429471072802 -0.001710233778103828 0
-0.002583530798010654 0.0003178831131400153 0
0.01215331130724338 -0.01038905940480382 0
0.006535246650012921 0.006227989481603105 0
0.000606961679503761 -0.0124462170136014 0
0.001201279724862066 -0.01218160957161076 0
1.26436341454345e-05 -0.01271082445559203 0
0.01169780454818192 0.01222683849473995 0
0.01222412033765482 0.01184444769052802 0
-0.01435158945101348 -0.009238646008098513 0
-0.01494590749637254 -0.00950325345008929 0
0.01312304514723198 0.004227292815868802 0
0.01261162484083227 -0.01141844845521951 0
0.008078789503224642 -0.006035936478698316 0
0.01045606168465512 -0.004977506710740359 0
0.008182196274316232 0.005727815315168438 0
0.002256718078344347 0.008640117669098075 0
0.001730402288871293 0.009022508473310473 0
-3.484958959461345e-05 0.01378706292118503 0
0.01096748199105489 0.01066823456034479 0
0.01037316394569708 0.01040362711835436 0
0.008673107548582479 -0.005771329036707799 0
0.01451568800560477 0.006697502438470588 0
0.01511000605096269 0.006962109880460565 0
0.005908330863985692 0.01643313734109066 0
0.006434646653457649 0.01605074653687445 0
0.005382015074512139 0.01681552814530349 0
0.004787697029155305 0.01655092070331352 0
0.01380306770608001 0.01069727527790025 0
0.0003051616898381811 0.01702205415220419 0
0.01609463537402593 0.005550330025832933 0
-0.007105875130369574 -0.01586781093580079 0
-0.007048954357639864 -0.01523606504266383 0
-0.007637491026959817 -0.01546414948269229 0
0.01519290378991938 -0.008419023948646945 0
0.01524682862029837 -0.007770546105401727 0
-0.005986444297946038 0.01670211023118335 0
-0.005370969853025038 0.01696449404597707 0
-0.01533467290576348 -0.007830338230546777 0
-0.0161729237908976 -0.005104683616831123 0
-0.01624258162801943 0.005366248058778602 0
-0.01562669093827345 0.005616137948210404 0
-0.01462079170001047 0.009759869856240519 0
-0.01468879395589545 0.009112871610037694 0
-0.01416247816642235 0.008730480805825124 0
-0.0147567962117805 0.00846587336383494 0
-0.01528311200125347 0.008848264168047376 0
-0.0153511142571385 0.008201265921844713 0
-0.01482479846766557 0.007818875117632284 0
-0.01541911651302359 0.007554267675642075 0
-0.01455278944412552 0.01040686810244344 0
0.003138164099843709 0.01705689706781342 0
0.009432737644160883 -0.01467509048859079 0
-0.01705961289085377 0.002493526222454728 0
-0.01626533871142699 -0.005805730816268657 0
0.002018863030373388 0.01717159003805632 0
-0.01329737867993938 0.01158139161038563 0
-0.01269236150994294 0.01182122728874316 0
-0.01217393867232102 0.01146088763942668 0
-0.0120947695963338 0.01208266068720769 0
-0.005543368587356453 -0.01703392067460842 0
-0.01448759396278324 -0.01053264250050581 0
-0.01749178193024674 -0.001385924408983311 0
-0.01085087666020396 0.01328850924679153 0
0.008837871231765319 -0.01493846627804947 0
0.01073446265650286 -0.01353290766874901 0
-0.01617278914194659 0.006031702699803751 0
-0.01585145584064438 -0.007469358568310148 0
-0.004420766265409783 -0.01715268617543623 0
-0.003825496736608692 -0.01688676912883729 0
-0.003757335900150061 -0.01623955261519938 0
-0.003231003544444408 -0.01662192061794944 0
-0.003162972097425239 -0.01597488219359681 0
-0.002636648681724052 -0.01635726250120726 0
-0.002704649666570918 -0.01700425899797667 0
-0.002110322690295495 -0.0167396392636331 0
-0.002178325828704945 -0.0173866387245271 0
-0.001584006441947933 -0.01712202943625948 0
0.002410424847731126 0.01549249093535322 0
0.0131910474031172 0.004874291062075368 0
0.009897148154505361 0.005874639394936945 0
-0.01100458342958482 0.00643613598054299 0
0.005500317328672955 0.01255114786385938 0
0.004905999283316071 0.01228654042186896 0
-0.0106496766670919 -0.006357004863751266 0
-0.01071767892297666 -0.007004003109954201 0
-0.01019136313350325 -0.00738639391416688 0
0.000559468455765178 0.0140516703631749 0
0.007351273720631734 0.01399196843603152 0
0.007945591765988811 0.01425657587802188 0
-0.004807096210068202 0.006111826611419565 0
-0.006539750347863003 0.0004066257578154911 0
-0.01103998794479537 -0.004680617567129579 0
-0.01097198568891049 -0.004033619320926139 0
-0.003618460119351254 0.006641041495399257 0
-0.003024142073993027 0.006905648937389726 0
-0.01489280072355045 0.007171876871429271 0
0.01215611808176973 0.01119744944432652 0
-0.001516003962496662 -0.01647503088234355 0
-0.0009896880592830824 -0.01685742153000621 0
0.01327675191660372 0.01107966608211047 0
0.008314754250010886 -0.01456326011360623 0
0.008246645367202217 -0.01521001887181653 0
0.007720844941194981 -0.01482878559290058 0
0.007645655250157602 -0.01545964059544014 0
0.00712548300664644 -0.01509104842138054 0
0.007050051211320296 -0.01572135964878442 0
0.006530776647510281 -0.01535478369634489 0
0.006462709672662536 -0.01600163658137649 0
0.005937556634305927 -0.01562185735893114 0
0.005869737383780254 -0.01626926664190005 0
0.005343645887052701 -0.01588737960744309 0
0.005275161093246977 -0.01655939526857612 0
0.004749352683849422 -0.01615639304796831 0
0.00468006634463011 -0.01680427247903099 0
0.004154909328307045 -0.01641844645112557 0
0.006005752682043186 -0.01497529437635611 0
0.00422310471305028 -0.01577087566764001 0
0.003628797970804118 -0.0160349620136115 0
0.003560849648690148 -0.01668155657748483 0
0.003034524870254406 -0.01629923305366049 0
0.00295330854577435 -0.0169164791242606 0
0.002438010472770902 -0.0165588369461252 0
0.002361618592243394 -0.01717957185227015 0
0.001839300838218834 -0.01681233272283266 0
0.001912432979155726 -0.01617788504379035 0
0.001318237983106688 -0.01644273230276089 0
0.005843607431055818 -0.01692975125880485 0
0.001245792689629671 -0.017079745230429 0
0.0007240754287615561 -0.01670784722518333 0
0.008401098525043836 -0.008359322021520364 0
-0.00616433455322282 0.01475837053651214 0
0.009030821085609996 0.003022038968136844 0
0.009829145898620417 0.005227641148734378 0
0.009234827853262465 0.004963033706743664 0
-0.002276117259251923 0.01402262964563223 0
-0.001749801469778232 0.01364023884141935 0
-0.002344119515136872 0.01337563139942878 0
0.006550142133084405 -0.009800142593695601 0
0.005955824087726188 -0.01006475003568618 0
0.0147322440187465 -0.007389388298724627 0
0.01531209359900149 -0.007123260159773883 0
0.01089947973517002 0.01002123631414254 0
0.01030516168981202 0.009756628872152378 0
0.009778845900339176 0.01013901967636405 0
0.01084637296236177 -0.006653894007353717 0
0.005142603791643016 0.003757779859014598 0
-0.00282013530633783 0.008846643676004268 0
-0.002888137562222795 0.008199645429800277 0
-0.00229381951686445 0.008464252871791599 0
-0.002361821772749638 0.007817254625585768 0
-0.001767503727391242 0.008081862067577817 0
-0.003482455607581 0.007935037987808854 0
-0.007811284177527305 0.01525854470294621 0
-0.01182061050020145 -0.001327842973890994 0
-0.01122629245484285 -0.001063235531900555 0
0.001322388753561911 0.005140518996095368 0
-0.01034226312834003 0.007347741668739833 0
-0.01611485469707007 -0.004471357195296875 0
-0.01669848162383975 -0.004721249574952125 0
-0.004059071395328682 0.01322880731966047 0
-0.004127073651214047 0.01258180907345716 0
-0.003532755605854731 0.01284641651544762 0
-0.004721391696573542 0.01231720163146634 0
-0.004925398464231822 0.01037620689285442 0
-0.005451714253705138 0.0107585976970677 0
-0.004857396208346923 0.01102320513905767 0
-0.001699501471506216 0.008728860313782037 0
-0.001173185682032868 0.008346469509569548 0
-0.001105183426147962 0.008993467755772748 0
-0.000578867636674631 0.008611076951560326 0
-0.0005108653807896769 0.009258075197763478 0
1.545040868357556e-05 0.008875684393550931 0
-0.00625003906671828 0.008552995516466814 0
-0.0068443571120766 0.00828838807447616 0
-0.006776354856191013 0.008935386320681166 0
-0.007370672901549314 0.008670778878689877 0
-0.003109846587483853 0.0007002739173524697 0
-0.01664071305505304 -0.004088336790650863 0
-0.006590050346142571 0.005318004285451585 0
0.004122569953371411 -0.005947193834026859 0
-0.009951951850637294 0.005671354372117129 0
-0.01054626989599529 0.005406746930126873 0
-0.01001995410652212 0.005024356125914087 0
-0.01061427215188011 0.004759748683923853 0
-0.01008795636240697 0.004377357879711046 0
-0.01068227440776486 0.004112750437720948 0
-0.01015595861829181 0.003730359633508009 0
-0.01075027666364927 0.003465752191518892 0
0.009199423338055582 -0.006153719840920378 0
-0.001054883427869926 0.004082089228133958 0
0.007194509186857797 -0.01444634994686982 0
-0.001158290198966611 -0.007681662565738756 0
-0.002855539821550206 -0.002270109871671679 0
0.0026116248408365 -0.004153023175186943 0
-0.0028052398232712 -0.007181488399304438 0
-0.01175260824431628 -0.0006808447276877147 0
-0.01115829019895768 -0.0004162372856972874 0
-0.0116846059884311 -3.38464814844384e-05 0
-0.01109028794307252 0.0002307609605059759 0
-0.01161660373254602 0.0006131517647190072 0
-0.01102228568718738 0.0008777592067092433 0
-0.0115486014766608 0.001260150010922343 0
-0.01095428343130223 0.001524757452912478 0
-0.01148059922077556 0.00190714825712527 0
0.004598585744564643 -0.00141820611060725 0
0.005600917325231556 0.002728390808599661 0
0.01432938349555459 0.01031488447368887 0
-0.01022396087417627 0.003083361387305551 0
0.001967006797198982 0.0004937479104543134 0
-0.0003599653859538302 -0.005476060385139617 0
0.005210606047527823 0.004404778105217233 0
0.002511024844277888 0.005669733880075923 0
-0.0009719856889170962 -0.01129904460096479 0
0.003868263187436959 -0.002976810045003261 0
0.006603248905897734 0.006874987727805676 0
-0.005691125536571407 -0.002299150589218204 0
-0.006285443581929684 -0.002563758031208733 0
-0.006217441326044598 -0.001916759785005723 0
0.01479939902217029 -0.006742301002699633 0
0.01539357585878502 -0.006477678719071988 0
0.01486950673662799 -0.006095524049109736 0
0.01546417569174847 -0.005830953489221262 0
0.01593629614960537 -0.006848055764154021 0
0.01493829283178802 -0.005448608187734173 0
0.01553274151702559 -0.005184014476548065 0
0.01605907907981238 -0.005566407569228033 0
0.01612270998326435 -0.00491894987537024 0
0.003782558673947449 -0.009182185065040468 0
0.001186384241792239 0.003846522503689752 0
-0.005300814258867894 -0.00397553788583674 0
-0.005895132304226012 -0.004240145327827315 0
0.007144460178442489 -0.009535535151705216 0
0.003953967700927236 0.003228564975033782 0
0.00456598800389092 0.009051549190856864 0
-0.001175992456571394 -0.01324003933957378 0
0.005787221835280533 -0.0008889912266263772 0
-0.004452189447575709 -0.006681314232870176 0
-0.007760984179249778 0.01034716617531298 0
0.005124901534037775 -0.001800596914819558 0
0.005056899278152955 -0.002447595161022332 0
0.005651217323510917 -0.002182987719031869 0
0.01380026093154927 -0.01088923357123791 0
0.01373225867566473 -0.01153623181744153 0
0.01560013454460239 -0.004536952197869327 0
0.01618988214235911 -0.00427186438247856 0
0.006839853414226966 -0.001653772835051006 0
0.0005920661964342827 0.003581915061699338 0
0.0006600684523191306 0.004228913307902068 0
-0.000886281175427078 -0.005093669580927194 0
0.01072807070819446 -0.002389513725928868 0
0.01132238875355257 -0.002124906283938374 0
-0.001072585685475859 -0.001476287545700524 0
-0.003281255614464739 -0.0117104761227243 0
-0.002873242079156058 -0.007828486645507301 0
-0.01112288568374467 0.01070051626197996 0
-0.0153688165147453 0.002642889148007106 0
-0.009798245081257512 0.01252372763836598 0
-0.007575784115528044 -0.01484962071853285 0
-0.008178073608808355 -0.01509584080735735 0
-0.008104563365133381 -0.01446890134914671 0
-0.008699291987180596 -0.01473378736360844 0
-0.008630118022692413 -0.01409194310063876 0
-0.009224631352818133 -0.01435569154542377 0
-0.009156466359627177 -0.01370940913022526 0
-0.009750789829562415 -0.01397399271118228 0
-0.009682755598195446 -0.01332713511522082 0
-0.01027707497509668 -0.01359173670016623 0
-0.01020906697738114 -0.01294476371049746 0
-0.01080338492219881 -0.01320937159473465 0
-0.01073538118058595 -0.01256237988378865 0
-0.01132969947356541 -0.01282698623656959 0
-0.01126169701132934 -0.0121799888980413 0
-0.01185601506356583 -0.01244459630977587 0
-0.01178801276713591 -0.01179759824191772 0
-0.01238233081418241 -0.01206220567648135 0
-0.01157881188385891 0.01172423103566599 0
0.01145839326532217 -0.0008309097915327118 0
0.01205271131068002 -0.0005663023495421516 0
0.01212071356656504 8.069589666074848e-05 0
-0.006504345832648803 0.01152337930549655 0
-0.003399557868629273 -0.007446095841294931 0
0.007215269208861133 0.01269797194362694 0
-0.002568640289612242 -0.01571025580921223 0
-0.003094955056381139 -0.01532786359736783 0
0.01125438649766776 -0.002771904530141295 0
0.01184870454302595 -0.002507297088150797 0
0.01563632184043705 0.006579719076248743 0
0.01570432409632087 0.007226717322450353 0
-0.002125217264422294 -0.0007115059372753667 0
-0.00743867515743467 0.008023780632485697 0
-0.007964990946907502 0.008406171436699144 0
0.009965150410390254 0.006521637641140499 0
-0.001226292454851487 -0.008328660811941597 0
-0.001820610500209503 -0.008593268253932029 0
0.01198470905479526 -0.001213300595745132 0
-0.01421558493924314 -0.007944649515691815 0
0.004172869951650869 -0.01085857236165874 0
0.004767187997008861 -0.01059396491966822 0
0.004107674470302884 0.01008093824127178 0
-0.000631974409493288 -0.00806405336995111 0
0.006094635374030726 0.0128157553058495 0
-0.004026473654660582 0.002759052018183235 0
-0.006471748091978039 0.001053624004019097 0
-0.006607752603747943 -0.0002403724883873951 0
-0.006081436814274706 -0.0006227632925999448 0
-0.006675754859632725 -0.0008873707345900496 0
-0.004841127996957642 0.01658173263723141 0
-0.004772757388023198 0.0172286921679695 0
0.004512881231076162 -0.00762358113064226 0
-0.01570882779417074 -0.0005921020830114505 0
0.01142317522069223 -0.01194808215897317 0
-0.002515528542125596 0.0009648813593427141 0
-0.003041844331598869 0.00134727216355517 0
-0.01039256312661581 0.01225912019637553 0
0.003696834298684237 -0.01538778149519129 0
0.00429117220581837 -0.01512295264308718 0
-0.006199739068438446 0.003641616988830195 0
-0.006267741324323147 0.002994618742627585 0
-0.01557282328240039 0.0007018944093962011 0
-0.01516425889970854 0.004583825990224931 0
8.064589003024297e-05 -0.01206382620938903 0
0.009098823341494767 0.0036690372143396 0
-0.001989212752652432 0.0005824905551300443 0
-0.01231432855101677 -0.01141520746230392 0
0.01229212259353954 0.01249144593673041 0
0.01176580680406655 0.01287383674094187 0
-0.004245792528608852 0.01684623314375688 0
0.01030237774841501 -0.01182993126103247 0
-0.003958471398775519 0.003406050264385749 0
-0.01044566989943733 -0.004416010125139072 0
0.001387584234909487 -0.01579899160683738 0
-0.01124399471245023 -0.006621612305741662 0
0.01305504289134709 0.003580294569665735 0
-0.0129086465962473 -0.01167981490485547 0
-0.01078568117886147 -0.007651001356156755 0
-0.01025936538938792 -0.008033392160369749 0
-0.009665047344029743 -0.007768784718379385 0
-0.00973304959991453 -0.008415782964582468 0
-0.009138731554556308 -0.008151175522591942 0
-0.00920673381044103 -0.008798173768794878 0
-0.008612415765082884 -0.008533566326804423 0
-0.008680418020967855 -0.009180564573007328 0
-0.00808609997560953 -0.008915957131016887 0
-0.008154102231494856 -0.009562955377219566 0
-0.007559784186136236 -0.009298347935229306 0
-0.007627786442021438 -0.009945346181432106 0
-0.007033468396662893 -0.009680738739441754 0
-0.00710147065254764 -0.0103277369856446 0
-0.006507152607189466 -0.01006312954365423 0
-0.006575154863074217 -0.01071012778985705 0
-0.005980836817716106 -0.01044552034786665 0
-0.006048839073601042 -0.01109251859406947 0
-0.005454521028242783 -0.01082791115207908 0
-0.00552252328412762 -0.01147490939828177 0
-0.004928205238769425 -0.01121030195629155 0
-0.01076797892125476 -0.002092624582316859 0
-0.0108359811771401 -0.002739622828519984 0
-0.004195075907100391 0.01193481082725312 0
-0.01063197440948444 -0.0007986280899109728 0
0.01194949925546371 -0.01233049148242735 0
-0.01049596989771398 0.0004953684024964118 0
0.006502648909343788 0.01669774478308042 0
0.008572507552021229 0.004051428018551813 0
0.008146791759108525 -0.005388938232495988 0
0.008741109804466055 -0.00512433079050607 0
0.01264702935603778 -0.0003016949075507247 0
0.01271503161192352 0.0003453033386533369 0
0.007552473713750492 -0.005653545674486733 0
-0.01120859019723805 0.004495141241935293 0
0.00122178875701339 0.01496327605137137 0
0.01385336770436189 0.005785896750275745 0
0.01149379778052783 0.01028584375613308 0
0.007419275976515667 0.01463896668223419 0
0.00801359402187329 0.01490357412422397 0
0.007487278232401463 0.01528596492843693 0
0.008081596277757749 0.01555057237042524 0
0.008539909811345753 0.014521183320011 0
0.01281843838301172 0.01210905513251903 0
0.007555280488286854 0.01593296317463958 0
0.01439738575143607 0.01096188271988877 0
-0.004177620702225377 0.01749321356738309 0
-0.003651168472678193 0.01711080842274049 0
-0.01389067373995169 0.01131819218693043 0
0.004855699285039041 0.01719791894951628 0
0.0006560990880456349 -0.01735493005145875 0
-0.008334029592286928 0.01563291631425534 0
-0.007756707556940211 0.01592964900244131 0
-0.009594037865574691 0.0144642721633341 0
0.007032178696954655 -0.01632895848551256 0
0.01530596193667341 0.008892023530707588 0
0.01535693751687585 0.009502509362307544 0
0.003432564591365815 -0.01734137514490303 0
0.01188180502402495 -0.01297097125129378 0
-0.01695362887656923 0.003774640013490123 0
-0.01385111837560409 0.01204489723152929 0
-0.01243703529056242 -0.01269090109776601 0
-0.008759880219429557 -0.01536445416883557 0
-0.007164574411415087 -0.01647343911511859 0
-0.009818754113409421 -0.01462115798461984 0
-0.0108713856923559 -0.01385637637619449 0
0.01504936730583109 -0.009712228798862292 0
0.01496073606111765 -0.01035705885097007 0
-0.0002328600100257927 0.01738833315299264 0
-0.0008174231300588513 0.01713715221385594 0
0.01660924525310723 0.005151827418193684 0
0.01655099792254954 0.004518255674846179 0
0.01713328489333779 0.00476630376331485 0
0.01706831791602492 0.004135766626733809 0
0.01663663467148506 -0.005317321593780533 0
-0.003897085014610658 -0.01752574876853659 0
0.003123045147241774 0.01149271809589996 0
0.003717363192600525 0.01175732553789026 0
0.001798404544756023 0.009669506719513048 0
0.001204086499398243 0.00940489927752259 0
0.0011360842435143 0.008757901031320812 0
-0.009679942827094869 0.008259347356935547 0
-0.007896988691021282 0.009053169682905435 0
0.0126144316153617 0.01016806039391779 0
-0.006131736812553815 0.004288615235034553 0
-0.006572348088534977 0.01087638105929299 0
0.004835190252894164 -0.009946966673464648 0
0.01105037973001374 -0.004712899268748186 0
-0.005383711997819477 0.01140559594327164 0
0.01130749327047891 0.01390322579135549 0
-0.01066737893157841 -0.01191538160732999 0
0.01042346394397894 0.005492248590725571 0
8.345266456844707e-05 0.009522682639753881 0
-0.01429848267819237 0.007436484313419468 0
0.01364936093670578 0.003844902011659516 0
-0.005912834561831196 -0.009798522101663504 0
-0.005995732300784417 0.005582611727442128 0
0.008096491760827667 -0.0004775597048673873 0
0.008028489504942846 -0.001124557951070085 0
0.00198470905480484 0.006052124684288407 0
0.002579027100163256 0.006316732126278518 0
-0.01545452102823826 -0.003562485872036792 0
0.01361395642149906 -0.007271851536009351 0
-0.01221092177790477 0.0003485443227288774 0
0.00172759551433563 -0.01256400037582323 0
0.001795597770220403 -0.01191700212962015 0
0.001269281980746844 -0.01153461132540783 0
0.001863600026104657 -0.01127000388341736 0
0.002389915815578286 -0.01165239468762971 0
0.00558321506762618 -0.002829985965234712 0
-0.0005136721553280426 -0.01232843365137959 0
-0.002193219520307187 -0.001358504183478238 0
-0.0009216857471806075 -0.01621042320642574 0
0.004480283490400286 0.002846174170821521 0
0.0006246639371077586 -0.006887840239767285 0
0.0006926661929926611 -0.006240841993564402 0
0.01077837070647697 -0.007300892253556903 0
0.01566789691297097 -0.00388992873847176 0
0.01626217497707679 -0.003625317094282022 0
0.01687788516885208 -0.004006933320946248 0
0.01685755567183044 -0.003360821341243353 0
0.0163310627741242 -0.002978411922205034 0
0.01692552840967664 -0.002713819992568789 0
0.01639920770052969 -0.002331428671277398 0
0.01699132808701 -0.002066590246030858 0
0.01646686663840942 -0.001684394340897454 0
0.01705890602680215 -0.001419547402408738 0
0.01653474095527804 -0.001037382647761321 0
0.01712903767746739 -0.0007727729646150309 0
0.01660307678712369 -0.0003904194618039452 0
0.01719745042847573 -0.0001258178631875283 0
0.01765588048484411 -0.001155219160641482 0
0.01667120305485601 0.0002565657502290928 0
0.01726554176885567 0.0005211710198580831 0
0.01777013105364407 0.000141063763305522 0
0.01673924082679804 0.0009035602635443153 0
0.01733356479149916 0.00116816708338695 0
0.01680725246315196 0.001550557523820346 0
0.01740157207192191 0.001815164801489687 0
0.01687525711987133 0.002197555517685345 0
0.01745685596602631 0.002463499801381267 0
0.0169411400489322 0.002844776514113247 0
0.0160768964121395 -8.042890227691763e-06 0
-0.007134068393221261 0.0001420183158257356 0
0.005887821831841165 -0.01071174828188958 0
-0.001344594709015433 -0.004064280530511873 0
0.005855224091165408 -0.0002419929804236156 0
0.01434404694134856 -0.005713223213512262 0
0.01246072484598926 0.003315687127675112 0
0.01298704063546223 0.002933296323462724 0
0.007706180483124235 0.001198827591750438 0
0.008232496272597482 0.0008164367875381753 0
0.006467244394128213 0.005580991235400628 0
0.003885965445042401 0.002581566728831122 0
-0.001903508239161561 0.006787865575167812 0
-0.008677611246425918 0.012405944276144 0
-0.006983168398385955 -0.01459211726707345 0
-0.0008685789178212325 0.0004647071929076971 0
0.0005240639405494206 0.002934916815496674 0
6.575040696118102e-05 0.003964305865911709 0
0.0001337526628460358 0.004611304112114478 0
-0.0154815633996622 0.006906685536603056 0
-0.01495987708456088 0.006524781309753412 0
-0.0160134345583817 0.007289660233651945 0
0.005754624094606399 0.009580764074837312 0
0.004769994771545492 0.01099254392946429 0
-0.007284968388054147 0.01487615389873395 0
0.005872926348770371 0.005316383793410201 0
0.00327394514207894 -0.003241417486993703 0
0.002747629352605856 -0.002859026682781276 0
-0.005368816514752765 -0.004622536132039732 0
-0.005963134560110679 -0.004887143574030244 0
0.0005566616812229166 -0.007534838485970159 0
0.007265569207140153 0.007786593415998498 0
-0.01209261952374232 -0.003915835958703895 0
-0.01453789396106122 -0.005621263972868855 0
0.008587403035093239 -0.01197670405674802 0
3.315266629065923e-05 0.01443406116738852 0
-0.003467560124514023 -0.008093094087497728 0
0.015872857649863 -0.00194903426606812 0
-0.006811759371402747 -0.002181367226995909 0
0.001981657772730798 -0.01553380127030389 0
0.007129564695370514 0.006492596923593427 0
0.01103267747241162 -0.01027127604258231 0
-0.007695788697906741 -0.01059234442763442 0
-0.006421448093699137 -0.003857754523614735 0
-0.009866247337142442 0.01187672939216317 0
-0.001817803725665032 0.01299324059521494 0
-0.002412121771021881 0.01272863315322543 0
0.002528727101883734 0.01122811065390872 0
0.003764853106048841 -0.01474059874056075 0
-0.01530542504832172 -0.006536692902405189 0
-0.005011102977722235 0.004170831872811228 0
0.00976114364273627 0.004580642902532392 0
-0.01487790524048734 -0.008856255203885569 0
-0.01546347913224451 -0.009121781693453748 0
-0.006879761627287706 -0.002828365473199109 0
-0.004996207494654263 -0.01185730020249421 0
-0.004401889449296024 -0.01159269276050347 0
0.004580883486960378 -0.006976582884439793 0
0.005175201532318255 -0.006711975442449243 0
0.007519875973074911 0.004816209626976434 0
0.01096467521652668 -0.01091827428878539 0
0.009710843644454412 0.00949202143016133 0
0.01023715943392769 0.009109630625951583 0
0.009184527854981542 0.009874412234373783 0
0.00925253011086658 0.01052141048057636 0
-0.0103776676435525 -0.003769011878935918 0
0.001594397777102319 0.007728511980907131 0
0.002120713566575464 0.00734612117669433 0
0.006756955675274928 0.01372736099404391 0
-0.01151067483745631 0.01237101860757707 0
-0.01201671266668726 0.01274625303232664 0
-0.009085624781737037 0.008523954798924923 0
-0.009017622525852059 0.009170953045128986 0
-0.0003953699293814102 -0.01659281397165051 0
-0.0004633721805452858 -0.01723981221135575 0
0.01091437521824518 -0.006006895761151383 0
0.01032005717288692 -0.006271503203142202 0
0.0115086932636039 -0.005742288319160453 0
0.009861743639297021 -0.00524211415272996 0
0.0117807022871411 -0.003154295334353817 0
0.01237502033249938 -0.002889687892363223 0
0.01244302258838429 -0.002242689646158905 0
-0.0108862811754172 0.002171755699115419 0
-0.01035996538594452 0.001789364894902146 0
-0.01141259696489087 0.002554146503327945 0
-0.0006291676349509917 0.0135224554791953 0
-0.0006971698908369656 0.01287545723299154 0
0.003666572566633987 0.01666980603338627 0
0.003734553128096846 0.0173168530060587 0
0.003598919090301104 0.01602202441548055 0
0.01458369026148755 0.007344500684671133 0
0.01398937221612989 0.007079893242681715 0
0.01524466874907415 0.008254259524801143 0
0.01742359196477091 -0.003058542890548124 0
-0.006665317068922745 -0.01688708483284395 0
0.005451977031695234 0.01744595387063974 0
-0.01723747516431347 -0.004356308198008434 0
-0.01714746623611317 -0.003711019471797338 0
-0.005891068375561508 0.01733245108059395 0
0.01246239594550788 -0.01268154077725356 0
0.01791238844181115 0.001406368785787549 0
0.01490697135709521 0.01058125032885446 0
-0.01077620479935533 0.01392052731497859 0
-0.01512738747269984 0.01014018800316952 0
0.008179389499785136 -0.0158586935339651 0
-0.0158584367562264 0.00860979874755324 0
0.01003034589174401 -0.01441787296179108 0
0.009944961631447553 -0.01505956588009462 0
0.01431241766899134 -0.01124286293727753 0
-0.0155279292605043 -0.009750604245442027 0
0.0003415862429606865 0.01761595285369977 0
0.0008956049603520092 0.01727467456199175 0
0.01664821078324372 0.005768496768135222 0
0.01747722602118024 0.00312018255024319 0
0.01575139726973639 -0.008091218241755129 0
0.01568656642694239 -0.008732026390213029 0
-0.01680179808640992 0.005034465648398049 0
-0.002791837602856023 -0.01761036554807946 0
-0.002348550602822935 -0.01797458913584867 0
-0.01588362160688772 -0.008101820790689357 0
-0.01636691031834716 -0.007792991859210168 0
0.01241034171527393 -0.01324014221148851 0
0.01620090458073408 0.006847451824726087 0
0.01632393205097693 0.007566506831419214 0
-0.008911329257379048 0.01534867767969433 0
0.01425857446513867 -0.01191862262165418 0
0.0166037248319814 -0.005950677735666665 0
-0.006537772310409207 0.01711910742893155 0
-0.0007429139428792666 0.01774075671779483 0
-0.001324242417656339 0.01747566819185933 0
-0.01579240770657698 0.009217991790072946 0
0.01366425641977992 -0.01218323006364524 0
-0.007232795376892353 -0.01705308730076713 0
-0.008863915756473507 0.01602332631137096 0
-0.01512768729304765 0.0107655389567568 0
-0.01640038159941737 -0.007072177351811981 0
-0.01602813669551886 -0.009335217576402023 0
-0.00356534125904095 0.01786642052511606 0
-0.003056739814657712 0.017375404238872 0
-0.003124760505986839 0.01672840793031149 0
-0.00253042709775818 0.01699301375759938 0
-0.002434301967210968 0.0175882911522054 0
-0.004163628233226582 0.01805131114717846 0
0.00319877768632431 0.01772507446336154 0
0.003803067706103148 0.0179627005579424 0
0.00261262223764021 0.01809430363401182 0
0.01584032860809265 0.008520713814847156 0
0.01763201218056226 0.004359044800654886 0
-0.017281876036629 -0.004930417190547763 0
-0.01137719244967772 0.01367090005100417 0
-0.006418641319156303 0.01772875432553802 0
-0.007160335779459289 0.0168991056114501 0
0.001215713533693872 -0.01771306755543967 0
0.0006268498914851848 -0.01800926570178684 0
0.001765010924668074 -0.01800809092881332 0
0.004888202486417331 0.01789196789047127 0
-0.0156538627813685 0.01045871905787316 0
-0.006607877868981525 0.01647816349856923 0
0.01711715622160254 -0.005690447995435151 0
0.01668742582648801 -0.006623453508342976 0
-0.01450953580338216 0.01166496821639812 0
-0.004485902507998137 -0.01780541853812156 0
-0.01642492695645266 0.008961661797352121 0
0.01774744245950502 0.005033802233580337 0
-0.003924078701182885 -0.01813594971812376 0
-0.005081339923735651 -0.01807152136681467 0
0.002601455013445871 0.01746263159912113 0
0.002067452761139121 0.01783286083611476 0
-0.005016073092454332 -0.01741879341487785 0
-0.005597467307479475 -0.01769452912436213 0
0.005568319584558133 0.01319814611006305 0
0.002596729357770117 0.01187510890011556 0
0.009728545902058544 0.01505039820398972 0
0.009202230112584928 0.01543278900820122 0
0.00927023236846765 0.01607978725440732 0
0.01324134740139809 -3.708746555517357e-05 0
-0.01027426087245358 0.007994739914944498 0
-5.255184720156731e-05 0.008228686147345824 0
0.01424367898206621 0.004109509453657329 0
-0.007828986435135042 0.009700167929109708 0
-0.007234668389776763 0.009964775371100354 0
-0.001241187937918132 0.007699471263363821 0
0.0137853654484761 0.005138898504070068 0
0.0132590496590026 0.005521289308281409 0
0.01296933837785875 -0.002625080450368308 0
-0.003550457863466328 0.007288039741602272 0
0.01164469777537292 -0.00444829182675513 0
0.008743916578995019 0.01646217805862041 0
0.001272088755284028 0.01005189752372723 0
0.001866406800641998 0.01031650496571685 0
0.0006274707116534881 0.01469866860937952 0
0.00115378650112558 0.01431627780516706 0
0.006960962442927793 0.01566835573265126 0
-0.01402358686577634 0.01269011129765187 0
0.007028964698816015 0.01631535397885831 0
0.007096966954699064 0.016962352225062 0
-0.004789393952460195 0.01167020338526226 0
-0.004263078162987621 0.0112878125810486 0
-0.00606373455666924 0.004935613481238819 0
0.01634858864896931 0.0025799833902091 0
-0.004144775908824779 0.007023432299613075 0
-0.001835505983276508 0.007434863821371881 0
-0.01796551524794041 0.004469266825535459 0
-0.01735981481913062 0.004714743368476254 0
0.0179613800619251 -0.004466422991687541 0
0.01733220378252041 -0.004567137393779407 0
0.01753824297693577 -0.003981319926406634 0
-0.002956139818107931 0.007552647183594498 0
0.01621293499464724 0.001285950021199528 0
-0.009270232368466604 -0.01607978725440962 0
-0.008757214358774492 -0.01648048088230134 0
-0.008231719172191412 -0.01625346873787139 0
0.01840237264883619 -0.003243127468020795 0
-0.01032286394741523 -0.0153150056459821 0
0.004903192508779496 -0.009299968427260904 0
-0.006726054857911902 0.004024007793043385 0
-0.009088437980283109 -0.01306252579302427 0
-0.01172001050524904 -0.01115060002211203 0
-0.01224632629355001 -0.01076820922305622 0
0.004376876719306241 -0.008917577623048609 0
-0.01298287608660744 0.01342115667555738 0
-0.01304900005289563 0.01279073834921792 0
-0.01132431267989717 0.01461700529883292 0
-0.0119812555145137 0.01346915147958242 0
-0.01117599245656508 -0.005974614059538368 0
-0.0117703105019238 -0.006239221501528015 0
-0.01110799020067891 -0.005327615813335058 0
0.01641653212461612 0.003226987814463813 0
-0.01835912898248606 0.003229076749086723 0
-0.01765427667998139 0.003368449579307479 0
-0.01200691501024918 0.002289539061338428 0
-0.01795020451789688 0.002735735103763882 0
-0.01814787222870951 0.002113445456067416 0
-0.01876449468066761 0.001989217181406524 0
-0.01833503933460934 0.001500707124553155 0
-0.01896509638458956 0.001376868689867593 0
-0.01852971320340407 0.0008944689742658536 0
-0.01880713515549061 0.0002476758790675753 0
-0.0182336580377871 0.0004439439431076623 0
-0.01829199749033959 -0.0002129429237295763 0
-0.01785483752990279 0.0009281478014087868 0
-0.0006879799043690549 0.01838512305894469 0
0.003903372560519664 -0.01846598147755011 0
0.004548849630915223 -0.01846203860755549 0
0.004878442858105705 -0.01790651266440828 0
0.005600885919591713 -0.01800852577661968 0
0.005263886041238143 -0.01729785546302098 0
0.004237777510139456 -0.0179451484458527 0
0.01740504477683096 0.006341415114655727 0
-0.001976726225220129 0.01847234114470195 0
-0.002608700951668508 0.01850282925654044 0
-0.008035926832652389 -0.01382643023269758 0
-0.01735362018585249 -0.006325708694605223 0
-0.01668762643234056 -0.006408852021406852 0
-0.01604084784265142 -0.006483351708835129 0
-0.01696185322428372 -0.005838564044849342 0
0.01876274870113352 -0.001992137813952166 0
0.01812624044458672 -0.002189280842464054 0
0.01823593135031213 -0.001466908780199752 0
0.002616450575447082 -0.01848332986723531 0
0.003010216279397283 -0.01793079828057871 0
0.004699185741124069 -0.01124096316587107 0
0.00661814438896915 -0.009153144347492736 0
0.01696268898945994 0.007555642629250023 0
0.01675433980880925 0.008139160494849081 0
-0.002500634546829915 -0.01506325276370571 0
-0.009747945082980715 0.007612349110730865 0
-0.01086857891781329 0.007730132472953983 0
-0.01093658117369922 0.007083134226748207 0
-0.01153089921905739 0.006818526784757799 0
-0.01159890147494265 0.006171528538553584 0
0.01137861197276224 -0.01456072916072619 0
0.01068614637223559 -0.01427627910833898 0
0.01129842664233448 -0.01389877045857489 0
0.01130273332424817 -0.01324298149737581 0
-0.002938437560495586 0.01311102395743817 0
-0.003006439816380866 0.01246402571123486 0
-0.002480124026908584 0.01208163490702111 0
-0.003074442072268746 0.01181702746502985 0
-0.004860202982884554 -0.01056330371008817 0
0.01400707447372593 0.01263827001649671 0
0.01393907221784243 0.01199127177029797 0
0.007212462434327498 -0.00888853690550229 0
0.007280464690212993 -0.008241538659299214 0
0.01190181131583675 0.01416783323334533 0
-0.00144800152728461 -0.01582803238931689 0
-0.01614776573452073 -0.009983843196581819 0
0.01617105612744437 0.01004718900725679 0
0.01635616242708509 0.009449085565784273 0
0.006662010033725214 -0.01802388889484838 0
0.006524014131623131 -0.01736001140484944 0
0.005429508298252572 -0.00968235923147351 0
0.005361506042367322 -0.01032935747767727 0
0.01894828739061808 -0.001371722404566784 0
0.01855225571271366 -0.0008327443176888757 0
0.01881446860216803 -0.000211440401191369 0
-0.01193891275436376 0.002936537307541158 0
0.008622807550300818 -0.000859950509079711 0
-0.006965466140777971 -0.009033740493238716 0
0.00869080980618585 -0.0002129522628768792 0
-0.001037181170262912 0.009640466001976154 0
0.007806780479685763 -0.008623929463512148 0
-0.0003273676594062629 -0.01594581570605261 0
-0.01492820523876459 -0.003944876676249718 0
0.00855480529441628 -0.00150694875528235 0
0.0098719733666035 -0.01568499787720999 0
0.00617753311298416 -0.002565378523244218 0
0.00866842663085628 -0.01636635081777405 0
-0.008018097719724624 -0.008268958884813807 0
0.005736921837001069 0.004022387301005033 0
-0.0005816744112129871 -0.01297543189758285 0
-0.0175862970424005 0.005714134292894516 0
-0.01686948379765817 0.00574458578692317 0
-0.01668301317832441 0.006454521851149313 0
-0.01715095884633466 0.006936421763709401 0
-0.006232336809107748 0.01411137229030854 0
0.008383289640515315 -0.0139174593073648 0
-0.00146289696317925 0.0002000997509174954 0
0.01656640402724943 -0.008802958292981018 0
0.008758812062070872 0.0004340459833259726 0
0.009353130107429032 0.0006986534253165814 0
0.008826814317955674 0.001081044229528779 0
-0.0139612781733097 -0.01091503330471824 0
-0.01455559621866783 -0.01117964074670922 0
-0.01402928042919411 -0.01156203155092154 0
-0.01503587869342017 -0.01074805060048993 0
0.009625139130968047 0.003286646410127309 0
0.00955713687508325 0.002639648163924728 0
-0.006692687540432893 0.01514181589277105 0
0.006993560183601324 0.005198600431188535 0
0.01135779326876034 0.008991847263733088 0
0.007693617268375821 -0.01723727928272584 0
0.007611859561357193 -0.016635299659112 0
-0.01297384207570555 0.009259695689805565 0
-0.009629642828818324 0.003347968829295748 0
-0.00162679827513495 -0.01785325575797608 0
0.01254642935947747 0.009521062147715351 0
0.001150979726581161 -0.007270231043979511 0
0.004817487995291977 -0.01550534344729971 0
0.004885490251176344 -0.01485834520109683 0
0.01123949101459385 0.01325622754515363 0
-0.001598901474949018 -0.001093896741488042 0
-0.007406077416761252 -0.002445974668986525 0
-0.006643157118959519 -0.0113571260360597 0
0.004412281234515529 0.002199175924618829 0
-0.004809902984605548 -0.01547468223772149 0
-0.01234692628967493 -0.0009454521696780511 0
-0.004283625259527996 -0.01585712543308092 0
-0.0042155912833131 -0.01521008352758884 0
-0.004076773652939578 0.007670430545817936 0
-0.004739093954184407 0.006758824857624541 0
-0.007302670645663274 0.009317777124895755 0
0.004719694773270143 0.01590392245710979 0
0.0144121918629324 -0.005066239962078233 0
-0.01657107974036711 -0.003444426768919018 0
-0.0170971236867069 -0.003062550668784947 0
-0.0177346518011765 -0.003330963641561101 0
-0.01760663842810945 -0.002647025609743686 0
-0.0175519205508382 -0.002021648391209797 0
-0.01806884531638955 -0.001669420467079479 0
-0.0180215770594257 -0.0009529612997773062 0
-0.009070729298671433 -0.007504177276388769 0
0.0007931563177602783 -0.01606333841002658 0
0.0008612501334712541 -0.01541655736282553 0
0.01122178875699277 0.007697850771328397 0
0.01069547296751858 0.008080241575540164 0
0.01062747071163402 0.007433243329336885 0
0.01010115492215919 0.007815634133547139 0
0.0161449186997035 0.0006389532505609537 0
0.01115378650110782 0.007050852525124955 0
0.01055946845574871 0.006786245083132273 0
-0.01650574892576168 -0.002797698133992825 0
-0.01518926637842923 0.009490733783721634 0
-0.00302694975515375 -0.01468086115960911 0
0.01600881177423951 -0.0006550324777325018 0
0.009846848156224108 0.01078601792256654 0
-0.01509668790017165 0.00523128456917196 0
0.00250756375594013 -0.01591528342730089 0
-0.002802433048725645 0.01440502044984502 0
-0.01426588493752107 -0.003033270988056119 0
-0.01260123305560814 0.002024931619348761 0
0.007330764688492451 -0.01315291718693229 0
0.007262720600963677 -0.01379982147772391 0
0.006736439671193837 -0.01341750896968767 0
0.006668394421675057 -0.01406441065060667 0
0.006142119108190727 -0.01368211075695447 0
0.005615811226705605 -0.01329973771437466 0
0.005547808707221443 -0.01394673536852288 0
-0.009493638317048702 0.004641965321701649 0
-0.01564082553828575 5.489616319241527e-05 0
0.005042003795087123 0.01358053691428204 0
0.004243678982072958 0.01137493473367671 0
0.0136316586791033 -0.001713474762170849 0
0.01310534288962812 -0.001331083957960709 0
0.01303734063374378 -0.001978082204164197 0
0.011375495526364 0.01455022403755747 0
0.01807483968588328 0.00208323637857323 0
0.008773707545142895 -0.01559408609197475 0
-0.009274736066326464 -0.0094451720149973 0
0.0151182040132398 -0.009054325527377116 0
0.01571672009844748 -0.009430658036201871 0
-0.00618203681083315 0.009199993762671292 0
0.01101778198933819 0.005756856032718003 0
-0.01530081425886038 0.003289887394210836 0
-0.0147744984693871 0.002907496589997451 0
-0.00278753756566532 -0.001623111625468618 0
-0.01523226292694607 0.003936827930198211 0
-0.01463849395761666 0.004201493082405144 0
0.01548258910596683 -0.0002726514609527357 0
0.006230639885804351 0.0141097517982688 0
0.009421132363313675 0.001345651671519301 0
0.001659593258450859 -0.01321099862202641 0
0.0008308316835040137 0.01663766550929083 0
-0.001087481168535307 0.0145518445296135 0
-0.01543681877063048 0.001995890901803436 0
-0.01550482102651548 0.001348892655599869 0
-0.01497850523704208 0.0009665018513868504 0
-0.003636162376957055 0.001082664721564908 0
-0.003568160121072141 0.001729662967767738 0
0.009453730103990747 -0.009124103629944931 0
0.005202050746798715 0.01846793484199992 0
-0.01192968681208104 -0.01307083230679066 0
-0.01249149464219038 -0.01325736695470221 0
-0.01042796764182904 0.001142366648699598 0
0.01695123733603129 -0.007559915283267275 0
0.01632326809036069 -0.007805372742439807 0
-0.002752133050452927 0.009493641922207453 0
-0.003301675462579272 -0.01726299792371806 0
0.01301963837614081 -0.007536458978000126 0
0.01354595416561437 -0.007918849782212675 0
0.01295163612025606 -0.008183457224203376 0
-0.006456483226140027 -0.01497399965951767 0
0.006804447737029024 -0.01277052377284744 0
-0.005132212006424608 -0.01315129669489902 0
-0.01246522854383655 0.003318928111755197 0
-0.01187091049848008 0.003583535553744657 0
0.0006749639353885169 -0.01179921876739846 0
0.0007429661912732664 -0.01115222052119553 0
-0.01139334827510639 -0.01343466562232503 0
0.01210301130896295 -0.005477680877169246 0
-0.0127372375673784 0.0007309351269420086 0
-0.01024166313178176 -0.002475015386529912 0
-0.004399082674758325 0.009993816088641892 0
0.004988897022268275 -0.003094593407225219 0
0.001476095522939931 0.01199289226234295 0
-0.002261221776192082 -0.002005502429681086 0
0.01110067972829639 -0.009624277796378982 0
0.0134779519097296 -0.008565848028415837 0
-0.005658527795897852 -0.01276890589068677 0
0.01785663778427617 0.00078295570762393 0
0.01832613123915471 0.0003056724732572759 0
-0.01604742143709386 -0.003826030968827969 0
-0.01552195590597073 -0.004208851333217957 0
-0.01056397215359956 -0.0001516298437073885 0
0.005006599279873541 0.002463783366609229 0
-0.0003748608690195739 0.01055207169017 0
-0.0004428631249045789 0.009905073443966621 0
0.0001514549204537268 0.01016968088595496 0
-0.001563496959736263 0.0100228568061887 0
-0.0089962549530485 0.01472419617213856 0
-0.01525051426058305 -0.001621491133427487 0
0.002070413568297941 0.01225749970433114 0
0.003191047403128062 0.01213971634210593 0
0.003785365448488106 0.01240432378409328 0
0.003259049659015279 0.01278671458830979 0
0.001032677472416885 -0.003005850762549903 0
0.001626995517774958 -0.002741243320559365 0
0.001100679728301736 -0.002358852516347054 0
0.001694997773659699 -0.002094245074356466 0
-0.01395850549827881 0.01067142861048294 0
0.003102413265382923 -0.01565203433224781 0
0.006414137621315015 -0.01109413908610183 0
-0.01465619621522452 -0.001356883691436833 0
-0.0006468698925596328 0.007964078705356481 0
0.0004737639422713981 0.007846295343131325 0
0.008859412058632438 -0.00938871107193593 0
0.006295835367150277 -0.006829758804670363 0
0.006363837623035098 -0.006182760558467439 0
0.006958155668392786 -0.005918153116477145 0
0.00643183987891899 -0.005535762312265388 0
0.005769519577676662 -0.006447368000458414 0
0.007484471457866325 -0.006300543920689192 0
-0.00954393831532482 0.009553343849341773 0
0.008927414314517268 -0.008741712825732693 0
0.009708040675446856 -0.01209449596631178 0
-0.009292438323936005 -0.01500354878883272 0
0.01071036845059225 -0.007947890499760094 0
0.002052711310690404 0.006699122930491461 0
0.002647029356048566 0.00696373037248091 0
0.003173345145521567 0.00658133956826844 0
0.003241347401406432 0.007228337814471032 0
0.001458393265332027 0.006434515488501617 0
0.001390391009446433 0.005787517242298897 0
0.01028745943221013 0.004198252098320859 0
-0.005386518772357814 -0.01018091290587566 0
-0.007864390950349069 -0.001416585618569216 0
-0.007338075160875823 -0.001798976422782557 0
-0.009614747953436198 -0.01268016057300568 0
0.001816106802372847 0.01522788349336284 0
0.002342422591843728 0.01484549268914934 0
0.002936740637202476 0.01511010013113958 0
0.01239272259010452 0.002668688881472075 0
0.01291903837957871 0.002286298077260504 0
0.01351335642493722 0.002550905519253095 0
0.01232472033421978 0.002021690635269337 0
0.01285103612369483 0.001639299831059718 0
-0.01390817140048844 0.005760097016799855 0
-0.01443433287414944 0.006142471601767519 0
-0.01436630489896266 0.006789467144763372 0
-0.006439150351304625 -0.009416131297451249 0
-0.005844832305946361 -0.00915152385546053 0
0.006109530857099605 -0.003212376769447081 0
-0.003464753349969617 0.01349341476165098 0
-0.01356816012106399 0.008995088247815298 0
-0.01363616237694932 0.008348090001612478 0
-0.01304184433159078 0.008612697443602529 0
-0.0131098465874761 0.007965699197399546 0
-5.535862173952083e-05 -0.01335782270179536 0
0.001354986494235676 -0.005329236305370916 0
0.0007606684488775527 -0.005593843747361478 0
0.00128698423835085 -0.005976234551573794 0
-0.004008771397054491 0.008317428792022654 0
-0.01433388719340609 -0.003680269234259335 0
-0.01590249090138019 0.007964973169612432 0
0.00225391130380921 -0.01294639118003578 0
0.002321913559694343 -0.01229939293383262 0
0.002916231605051851 -0.0120347854918425 0
-0.01007306088048721 -0.01165077419055275 0
-0.01059937667015172 -0.01126838338549988 0
-0.01034506990288268 -0.01423876718040709 0
-0.007678086440299998 -0.0050339676537978 0
-0.007083768394941887 -0.004769360211807684 0
-0.007151770650826637 -0.005416358458010499 0
0.006263237626474371 0.00363999649679282 0
0.01283333386608903 -0.003919076942773159 0
-0.009357633805278995 0.005935961814107716 0
-0.01144800148010515 -0.008562607044349076 0
-0.0003245608707418973 0.005640693162530314 0
0.0002017549187311241 0.005258302358317514 0
0.004344278978630888 0.001552177678416066 0
-0.003600757861741411 0.0121994182692434 0
-0.00338185561102348 -0.001887719067459194 0
0.00444487897519107 -0.008270579376845617 0
0.003918563185717635 -0.007888188572633705 0
-0.01069997666536972 -0.001445626336114186 0
0.00994744815278711 0.0009632608673070791 0
0.01018405266111867 -0.007565499695547656 0
0.01025205491700324 -0.00691850144934459 0
0.009725739127529094 -0.006536110645132762 0
-0.01143029922249853 -0.003004230270510327 0
-0.007524379670924957 0.001818405612446262 0
-0.00699806388145138 0.001436014808232561 0
-0.006930061625566382 0.002083013054435565 0
-0.004230480422315257 0.0008180572795744737 0
-0.01296917845287322 -0.01231653103425579 0
-0.005655721021359894 0.008817602958457672 0
-0.007746088696184922 -0.005680965900001019 0
-0.006625454861353218 -0.005798749262223024 0
-0.01739577741452199 -0.0007335015502769277 0
-0.01244752628623215 0.008877304885592798 0
-0.0009868811719849807 0.004729087474336848 0
-0.0003925631266269317 0.004993694916327169 0
0.003800260931552213 -0.003623808291206035 0
-0.01377213688286661 0.007054090355464266 0
-0.01486020298287962 -0.003297878430046506 0
-0.00749178193025129 -0.008651349689026384 0
0.000574363938828459 -0.00197646171213481 0
-0.0006999766653781778 -0.008711051616153962 0
-0.006693457117238112 -0.006445747508426092 0
-0.006099139071879914 -0.006181140066435718 0
-0.005572823282406746 -0.00656353087064825 0
-0.003228148841647779 0.004964654198780806 0
-0.003296151097532529 0.004317655952578076 0
0.003528251908013283 -0.006211801276017132 0
0.01130468649595057 -0.007683283057769323 0
0.01193440905651592 0.003698077931887523 0
-0.0095970450881449 -0.007121786472176221 0
0.001168681984186486 -0.001711854270144186 0
0.001236684240071321 -0.001064856023941414 0
0.001763000029544496 -0.001447246828153711 0
-0.007184368391500699 0.005053396843460964 0
-0.004094475910545334 0.002112053771980302 0
-0.003500157865187265 0.002376661213970482 0
0.005701517321792053 -0.007094366246661151 0
0.01225671807833492 0.00137469238906716 0
-0.004333887193411222 -0.01094569451430077 0
-0.006658052602027292 0.004671006039247789 0
-0.005537418767195635 0.004553222677025539 0
-0.009375336062884335 0.0003775850402727805 0
0.004326576721025648 -0.004006199095418437 0
0.009149123339774311 -0.001242341313291846 0
0.003749960933272881 0.001287570236425648 0
0.01770209374574364 -0.0005059307987826168 0
0.009914850412109086 0.01143301616876895 0
0.007298166947815736 -0.002683161885466105 0
0.007366169203700265 -0.002036163639263271 0
-0.008068397718003842 -0.003357580357179055 0
0.005532915069346815 0.002081392562396926 0
-0.009153627037622493 0.007876956552719611 0
0.0142613812396701 0.009667886227485736 0
-0.01300924659091873 -0.001857057857871831 0
-0.003263553356859563 -0.006152099348889153 0
0.003137940630309722 -0.004535413979399317 0
0.002697329354326638 0.002052351844850225 0
0.01568662139979343 0.001668340594747545 0
-0.0004456698994432781 -0.01168143540517667 0
0.004462581232794992 -0.002712202603012823 0
0.004394578976910249 -0.003359200849215635 0
0.002085309051363253 -0.003770632370974579 0
0.004072269955091507 -0.001035815306394936 0
-0.007660384182694609 0.000524409120040328 0
0.01582259312812186 0.002962340532831668 0
0.0001663504035194152 -0.005858451189352008 0
0.001881302283708924 -0.005711627109583237 0
0.00644954213652339 2.26144615668118e-05 0
-0.00193891275437353 -0.004328887972502367 0
-0.002006915010258408 -0.004975886218705261 0
-0.009561640572933497 0.0039949670754987 0
-0.003991069139443451 0.01387580556586387 0
-0.005638018763749373 0.01437597973229931 0
-0.004706496213509648 -0.003710930443846194 0
-0.000563972153608477 -0.007417055123748266 0
-0.01499125676765724 -0.01012137717328597 0
-0.002346926289682754 -0.008210877449719664 0
-3.765636413505861e-05 -0.007799445927960577 0
-0.005114509748818362 -0.007592919921063438 0
0.0001011549221801281 0.01508105941359186 0
-0.003925873658102451 -0.007063705037082556 0
-0.00109028794308172 -0.007034664319535871 0
-0.002225817260979544 0.009111251117994804 0
0.003256242884474041 -0.008799794260828579 0
0.0003023549152891294 -0.004564454696946207 0
0.01594075006537718 -0.001302024475176393 0
0.0004206571694535415 -0.008828834978375522 0
0.01203500905307817 -0.006124679123372339 0
-0.01214291952201948 0.0009955425689321619 0
0.01386826318743378 -0.0102422353250345 0
0.00021945717633852 0.01081667913215954 0
0.004716887998729273 -0.0056825863920359 0
-0.009425636061163836 0.005288963567904693 0
-0.002737237567386318 -0.006534490153101551 0
-0.003943575915707818 -0.01262208181091793 0
0.01169499777365477 -0.009359670354388134 0
-0.005247707486046434 0.01269959243567968 0
0.001440691007725863 0.0008761387146666283 0
0.003004659174869933 0.01575728641153991 0
0.002525920327346528 -0.01035839819522451 0
0.006091828599495924 -0.008770753543279436 0
0.01295444289478154 0.01340305162492095 0
-0.003331555612744417 -0.006799097595092047 0
0.004140272210976351 -0.0003888170601921819 0
0.004039672214417979 0.009433939995069147 0
0.004633990259775823 0.009698547437059366 0
0.009131421082171463 -0.006800718087122942 0
-0.008100995458677516 0.007112174944291991 0
-0.00923933155111426 0.001671581532678567 0
0.002493322586672109 0.000111357106242006 0
-0.005877430046619906 0.001318231446009213 0
0.001425104766615904 0.01690292363678325 0
0.008708512063789335 0.005345424510956037 0
-0.001702308246044845 -0.0128576485353615 0
0.004666588000449479 -0.0007712078644044896 0
-0.01190631501369359 -0.007533217993933345 0
-0.001956615011978893 -0.00988726474633753 0
-0.002482930801452175 -0.009504873942125229 0
-0.005927730044899529 0.006229609973645092 0
-0.0007148721484451657 0.007317080459149031 0
-0.009002727042786533 -0.006857179030185543 0
-0.001853208240882563 0.001876487047535345 0
-0.009511340574653953 -0.0009164114521346325 0
-0.008290106743265647 -0.01085695186962448 0
-0.01280523982326343 8.393688073844357e-05 0
-0.0002742608724632393 0.0007293146348981078 0
0.005092303793363805 0.008669158386644605 0
-0.009020430472341726 -0.01241555064898634 0
-0.01701576613905158 0.003143063314442468 0
-0.007352970643939239 0.01422915565253055 0
-0.003704164632842006 0.0004356664753620208 0
0.004308874463420909 -0.009564575869252374 0
-0.002701833052174462 0.004582263394568437 0
-0.001480599220785189 -0.005358277022917687 0
-0.008083293201067663 0.01267055171813434 0
-0.01014106350222261 -0.01229777082749707 0
0.009403430105708696 -0.004212725102314825 0
-0.004484787188248908 0.003788441068598272 0
0.005923226347050283 0.0004050052657791396 0
-0.007456377415039813 0.002465403858648663 0
-0.003313853355138584 -0.001240720821256222 0
-0.004265884937526356 -0.0102986962680968 0
-0.006912359367961345 0.007641389828273054 0
-0.004960802979443273 -0.0007405466548218392 0
0.006552948907618652 0.01178636625543474 0
0.006348942139964064 0.009845371516827588 0
0.007247866949535949 0.002228216642165496 0
0.003427651911454199 0.003610955779246028 0
-0.007950095463839697 -0.007621960638610637 0
-0.004112178168151445 -0.003446323001855625 0
-0.006046032299062995 0.01049399025507893 0
0.002765331610211462 0.002699350091052937 0
0.004684290258054744 0.004787168909429439 0
0.0002343526594042833 -0.005211452943149106 0
-0.001631499215621232 0.009375858559985432 0
0.008164494016712627 0.0001694385413354165 0
0.001218981982465974 -0.006623232797776644 0
0.001677295516054432 -0.007652621848191701 0
-0.01080057666192706 0.008377130719157525 0
-0.001122885683754861 0.003435090981931148 0
0.008063894020152109 0.009992195596596077 0
0.003037340633750954 0.005287343075863461 0
-0.008544413509197999 -0.007886568080601276 0
-0.001412596964900313 -0.004711278776714773 0
-0.01458819395933935 -0.0007098854452334491 0
-0.004212778164709865 0.00637643405340974 0
0.008962818829725105 0.002375040721934174 0
0.007179864693651096 0.001581218395962745 0
-0.002329224032076978 -0.002652500675884137 0
-0.0123292240320692 0.004612924604161879 0
-0.01173490598671168 0.00487753204615018 0
0.00357855190629329 -0.01112317980364933 0
0.007670775967915919 -0.009917925955917551 0
-0.009325036064605486 -0.00453379348736291 0
0.01595830569807904 0.004255885983331421 0
0.00137268875184099 0.0002291404684639046 0
0.001899004541314143 -0.0001532503357483629 0
-0.005623123280686412 -0.001652152343015262 0
-0.005741425534850015 0.002612227938414903 0
0.005074601535758211 0.003110781612811936 0
0.005328908301692298 0.0001403978237887003 0
0.01390366770264305 0.0008745182226420964 0
0.01330934965728457 0.0006099107806517424 0
0.002815631608490696 -0.002212028436578469 0
-0.01139263782698088 -0.01457208335494204 0
-0.00509680749121315 -0.002034543147227739 0
0.006076933116424784 0.007257378532017817 0
0.001780702287150182 0.004111129945680149 0
0.001999604537873332 -0.009976007391012226 0
0.00677185115834227 -0.00230077108125376 0
-0.00939303832049029 -0.005180791733566432 0
-0.003585862378678161 -0.003828713806068023 0
0.001050379730022512 0.002552526011284366 0
0.009879445896902355 0.0003162626211042574 0
-0.003653864634563041 -0.004475712052270946 0
-0.001971510495046502 0.006140867328964744 0
0.002392722590114172 0.009934114161503572 0
-0.001906315261661304 -0.01479864361526162 0
0.005346610559297389 0.005698774597622376 0
0.001813300027824077 -0.006358625355786088 0
-0.0171270538269962 0.001855162088462464 0
-0.006353445837814362 -0.003210756277411742 0
0.004361981236236753 0.007110554452249259 0
-0.003213253358579777 -0.01106347787652144 0
0.0005063616829436431 -0.002623459958337592 0
0.007688478225519296 -0.004359549182083786 0
-0.00207211049159635 0.0159636243842425 0
-0.001566303734275243 -0.01156365204295555 0
0.007978189506663571 0.003786820576561436 0
0.007774182739009083 0.001845825837953187 0
-0.01916261950643024 -0.0007539807830267225 0
-0.00548711876891653 -0.0003581558506093983 0
0.008877114316235295 -0.00383033429810263 0
0.01173040228886147 0.00175708319327891 0
0.00673925341766727 0.008168984220210637 0
0.01086407521996408 -0.001095517233523192 0
-0.00105769020240625 -0.01750441962100617 0
-0.0005260860570508864 -0.01788312512792336 0
-0.008949620269966482 0.009817951291332189 0
0.007079264697091444 0.01140397545122247 0
-0.01229662629139756 -0.005856830697313689 0
0.009438834620916898 0.006904028445352315 0
-0.002042322403499445 -0.01609264372764801 0
0.005021494191812764 -0.01356434742590693 0
-0.003349257870349544 -0.01235747436892729 0
-0.003736762373514607 0.01090542177683555 0
-0.00564082553829161 -0.007210529116851096 0
-0.01316295336029601 -0.00870943112411723 0
0.0143116812379499 0.004756507699858373 0
-0.004331080418873205 0.01064081433484511 0
-0.0007502766636573521 -0.003799673088521397 0
0.005668919581116304 0.003375389054802357 0
0.008522207553740007 0.008962806546181638 0
0.01159439777709173 0.0004630867008730287 0
0.008046191762547925 0.004433818822764104 0
0.005819819575956718 -0.01135874652809252 0
0.00847190755546115 0.01387418507380937 0
-0.002958946743749851 -0.01403386187352244 0
-0.003553264814291936 -0.01429846935017618 0
-0.0124149285455601 -0.001592450415881385 0
0.007741584998333898 0.01231558113941484 0
0.01392136996024637 0.006432894996478828 0
0.01339505417077233 0.00681528580069208 0
0.01346305642665524 0.007462284046891704 0
-0.001140587941360763 -0.002123285791903359 0
0.008300498528482293 0.001463435033740949 0
-0.002870435304610709 0.01375802220364158 0
-0.0008005766619363373 0.001111705439110462 0
-7.025410480858628e-05 0.002670309373506328 0
0.008998223344933663 0.01349179426959715 0
-0.00842330448049405 0.009435560487119275 0
0.007791884996613084 0.00740420261178628 0
0.005260906045807437 -0.0005066004224140502 0
0.007995891764267198 0.009345197350393722 0
0.01602404623973677 -0.006216204464280823 0
-0.01294124433503363 -0.001210059611668417 0
0.001254386497677077 0.00449352074989249 0
-0.01268693756910089 -0.004180443400694356 0
0.01013375266283638 -0.002654121167919339 0
0.01628087978683919 0.001932954307079876 0
0.002783033867817765 0.008257726864885937 0
-0.01017719759217731 0.01417460272708339 0
-0.01018850965870085 0.01476157492973666 0
-0.01227892403378983 -0.0002984539234746185 0
-0.002497826284519752 0.006523258133177232 0
-0.004774498469394563 -0.004357928690049131 0
-0.009203927035899168 0.0127883350803565 0
0.01507449187535818 -0.00415463214144361 0
-0.008831318015805584 0.005553571009895283 0
-0.004741901786065126 -0.01482768544682776 0
0.007434171459584931 -0.001389165393060502 0
-0.0002919631300689782 -0.004829062138936697 0
-0.007692981923364759 0.01099416442151595 0
0.004974001539201313 0.01293353866807341 0
0.003359649655569353 0.002963957533043363 0
0.01266473161364328 0.005256681866286052 0
-0.008967322527575251 0.004259574517489316 0
-0.009103327039344815 0.002965578025083517 0
-0.003689291081781012 -0.01559249578676245 0
-0.007574679669204316 0.006729784140079411 0
0.00519290378992259 -0.001153598668616796 0
-0.01119088793962985 0.01005351801577682 0
0.001609293260169676 -0.008299620094394495 0
0.0004560616846645336 0.00228791856929397 0
-0.005436818770637343 -0.005269534378242601 0
-0.006436343576763267 0.01217037755169939 0
-0.002769835308059234 0.003935265148365707 0
-0.001974318875518921 -0.0154456437305546 0
0.005411623624400804 -0.01524032629170558 0
-0.01119369472395522 -0.01153299079034524 0
-0.01165200824809937 -0.01050360178146787 0
-0.01039536990115799 -0.009327388652774632 0
0.01534656935293073 -0.001566646351438018 0
-0.004180180424036341 -0.004093321248058563 0
0.005160306049248684 0.009316156632847067 0
0.002460724845999475 0.01058111240770615 0
-0.009919354109963941 -0.004798400929352883 0
-0.01394357591570274 -0.005356656530878379 0
0.01514241507021654 -0.00350762558559112 0
0.005719219579395713 -0.001535989472829096 0
-0.0001708541013648444 0.01249306642877915 0
-0.006826654854466053 0.01384676484831796 0
0.005976659736751771 0.01707737350048036 0
-0.009697645084702972 0.002700970583092968 0
0.01413988117137522 -0.007654201240304304 0
0.005278608303412539 0.005051776351419814 0
0.01500635602035053 -0.004801616345813368 0
0.006245535368868947 -0.001918380277041443 0
0.005822626350491237 0.01022776232103973 0
-0.0008837995650565067 0.0164923917181283 0
-0.008609608990540824 0.01305294252234693 0
0.01186640680063117 0.003051079685684582 0
0.0007280707082040951 0.00487591155410488 0
0.009844041381694712 -0.01080049092656372 0
0.008061087245619911 -0.01159431325253571 0
-0.0006496766670979008 -0.01362243014378615 0
-0.01423048042230749 0.00808348255962239 0
-0.00689746388489301 -0.008386742247035553 0
-0.004381380417146846 0.01555219286248371 0
0.0100983481476289 -0.01377087471558798 0
-0.002429824028634736 0.007170256379381152 0
0.01008345266455657 0.002257257359712666 0
0.003291647399684514 0.002316959286840697 0
0.01420791424047094 -0.007007206232700383 0
-0.001039987944801814 -0.01194604284716773 0
-0.001107990200686518 -0.01259304109337067 0
0.008486803038531714 -0.002153947001485114 0
-0.000818278919542214 -0.004446671334724287 0
-0.006068146819145583 -0.01664550406003237 0
0.01750726008782719 -0.002433362148101537 0
-0.01725438738635062 0.0005524195769105125 0
0.007874782735570549 -0.007976931217307774 0
-0.01202461726785704 -0.003268837712500733 0
-0.005555121024801454 -0.00100515409681233 0
-0.008562143404603728 -0.01344476537954401 0
0.006599840381104147 -0.01471016956811235 0
0.003817963189157659 0.001934568482628386 0
0.004057716401746833 -0.0170242055646254 0
-0.01424818267991372 0.002525105785784171 0
-0.01453860421885665 0.01102676182700865 0
0.01208530905135864 -0.01103605765100691 0
-0.001666903730833945 -0.001740894987690881 0
0.01634813310774373 -0.009416079237870007 0
0.01438752564137744 -0.01061933925017037 0
-0.01107258568546897 0.005789137734340507 0
0.01064517296923622 0.01299162010316354 0
0.007788866516251419 -0.01418183073826834 0
-0.00484250072527935 -0.005004926936252024 0
0.01597400873418846 -0.01063045248471954 0
-0.006758992131537149 0.0144939388531957 0
-0.01171720372910325 0.01043590881998964 0
0.0007103684505981283 -0.0006824652197292179 0
0.005804924092885724 0.004669385547207658 0
0.006475217066498737 -0.01664706304964766 0
-2.251848923686888e-06 0.003317307619709021 0
0.009388534622636566 0.01181540697298104 0
0.01066006845230959 -0.003036511972131691 0
0.001304686495956168 -0.0004178577777387629 0
-0.01462343134794921 -0.006268899425962517 0
-0.001004583429590961 -0.0008292892994977431 0
0.01556831958455226 0.005932720830045421 0
0.004651692517385461 0.01525692421090623 0
0.004631183485241212 -0.01188796141207389 0
0.006671251161782455 0.007521985974008189 0
-0.01362126689388458 -0.007680042073701064 0
-0.01869132594921855 -0.001943945058558623 0
0.009113719458820321 -0.01235909628551731 0
0.00410486769576709 -0.01150557060786183 0
-0.0008536834543932123 -0.01556342490942934 0
-0.003535562380398764 -0.008740092333700499 0
0.01427546442521165 -0.006360160471905255 0
-0.01555402444739491 0.006263223513543303 0
-0.007166666133892009 0.01061177361730337 0
0.01156180003641241 0.01093284200233546 0
-0.007967823470300122 -0.01318015659563829 0
0.01877298566400611 0.001996877785307348 0
-0.0121783240373255 -0.01012121097834302 0
0.01094977973345362 0.005109857786514985 0
-0.00052856763839684 0.003699698423921432 0
0.01839894518270535 0.003248129097893802 0
0.003850560929832571 -0.008535186818837057 0
-0.01164886423479589 0.01108204954002712 0
-0.009271929291784178 0.01214133683415363 0
0.01118638424178253 -0.003418902776343569 0
-0.01401450069342168 -0.006003760978230004 0
0.008655405290978054 -0.01132970581054504 0
-0.002057215008537359 -6.450769107265164e-05 0
0.01222131356312827 -0.009742061158600528 0
0.01015145492044144 0.002904255605915452 0
-0.0126189353132157 -0.003533445154491182 0
-0.01224320021377792 0.01081742166467835 0
-0.01502901711506614 0.005878898086209365 0
0.01139039100943732 -0.001477908037735556 0
0.003442547394525309 -0.0124171762960551 0
0.01117148875870906 0.01260922929895168 0
-0.003621272445713885 -0.01494547499517198 0
-0.00470368943896519 0.01787557840530742 0
-0.00528878846495409 0.01761536020588193 0
-0.001394894707294324 0.0008470979971202218 0
-0.007506677413319476 0.007376782386282432 0
-0.00076517214672246 0.01222845898678847 0
0.002357318074902446 -0.001182639386163342 0
0.01313794063030615 -0.01180083925943212 0
-0.002941244335040745 -0.008475484891710093 0
0.005293503786482219 -0.01097635572388035 0
0.005228308305133551 0.0099631548790495 0
0.008894816573840293 0.00172804247573147 0
0.006073953932794876 -0.01432874307994318 0
0.01374978687746705 -0.005977836749601433 0
-0.006149439070159524 -0.001269761538802749 0
0.007655880484843447 0.00611020611938118 0
-0.005318516516472866 -0.009533914659672366 0
-0.01375727140565468 -0.008974038566107959 0
-0.004908542575077173 0.01593467262360589 0
-0.01105442933254336 0.01134642587436694 0
-0.001888612756094161 -0.009240266500134812 0
0.002289315819017606 -0.001829637632366093 0
-0.00750934846436227 -0.01420748613416318 0
-0.008032993202792079 0.007759173190495213 0
-0.003993875913987242 -0.007710703283285355 0
-0.004520191703460427 -0.007328312479073009 0
-0.0004605653825119102 0.004346696670124266 0
0.01381788061171012 -0.005330848118161133 0
-0.001294294710736176 -0.008975659058144353 0
0.003853367704374439 0.01305132203029804 0
0.003392247396244081 -0.007505797768422235 0
0.01527858998586462 -0.002213647003353285 0
0.002221313563132759 -0.002476635878568835 0
-0.00504650749293362 -0.006945921674860687 0
-0.004061878169872027 -0.008357701529488129 0
-0.003432155609302205 0.003023659460173054 0
-0.002973842075714071 0.00199427040975791 0
-0.009339931547669258 0.01149433858795069 0
-0.006915143521917516 -0.01394474563275423 0
-0.0007679789212628635 -0.009358049862356678 0
-0.006388785019134353 -0.01432736285843568 0
0.007147266952976334 0.01205097369742468 0
0.006399242138243687 0.004933992989198098 0
0.005515212811741635 -0.003476984211437537 0
0.01162699551776996 -0.01000666860059136 0
-0.01400707447372687 -0.01263827001649564 0
0.001831002285429306 -0.0008002485819510509 0
0.002153311307247948 -0.003123634124771678 0
0.002679627096721111 -0.003506024928984032 0
-0.002414928545567458 -0.008857875695922468 0
0.01191670679891052 -0.001860298841947827 0
-0.001407245295757559 0.01686694790952862 0
0.003205942886194366 -0.003888415733196482 0
0.007197566951255377 0.007139595169795999 0
-0.0001056586200198601 -0.008446444174163344 0
0.004701992515660608 0.0103455456832618 0
0.0121887158224498 0.0007276941428640828 0
0.003986565441602131 -0.007241190326431078 0
0.0004886594253384906 -0.00818183673217282 0
0.009320532366751616 0.01116840872677874 0
-0.01577683005005627 -0.001239100329214837 0
0.001082977470696382 -0.007917229290182268 0
0.01275043612712722 0.01146205688631907 0
0.009489134619198453 0.001992649917722041 0
0.01700075401944806 0.003492719674966852 0
-0.01368926914976958 -0.0083270403199045 0
0.004953492104339222 -0.01421134605036663 0
-0.01450247910799676 0.005495723562192179 0
0.004175676726187655 0.01072793648747419 0
-0.01149830147838379 -0.00365122851671346 0
0.01614748396406439 0.006190467165937628 0
-0.01788078284690208 -0.004502118659644296 0
0.0006528482372154698 0.01851371140680434 0
0.01917362921051137 0.0007924798151173136 0
0.008726214321394119 0.01090380128478856 0
-0.005910027787291106 0.01178798674748632 0
0.01448020977514723 -0.004419243361421368 0
0.006620951163503414 0.012433364501637 0
0.01580487433248403 -0.002596034502788852 0
-0.01839803340276244 -0.003236990914091802 0
-0.00497850523704883 -0.006298923428657803 0
-0.001530899219064108 -0.0004468984952852253 0
-0.007320372903270205 0.003759400351054014 0
0.003238540075155349 -0.0143581771849441 0
0.009066225600818484 0.01413879251579876 0
-0.01513221200641964 -0.00588587141485921 0
-0.006794057113796583 0.003377009546840825 0
0.004837997027430783 0.01163954217566657 0
-0.01090398343302552 -0.00338662107472314 0
0.00435917384286663 -0.01447596039641094 0
0.007960487249058307 -0.001771556197272822 0
0.01155899326188511 -0.0106536668467945 0
0.009181721820414084 -0.01171209827674053 0
0.007723882740728283 0.006757204365583682 0
0.01573650501906618 -0.003242994169691181 0
0.006023826343610954 -0.009417751789482584 0
-0.007243027910078173 0.0155500260141792 0
-0.00431382766758015 0.01619923835370501 0
0.01049146619986405 0.006139246836929097 0
-0.005504821026521991 -0.005916532624445455 0
-0.003192747399002799 0.01608140806940536 0
0.006688953419388584 0.0130803627478397 0
-0.01370415963185876 0.007701091229785761 0
0.005837521833561508 -0.005800369754255711 0
0.007738778223800679 -0.009270927709714752 0
0.01484873132812112 0.009924854487846264 0
-0.01137999922422039 -0.007915608798146024 0
-0.006335743580208054 0.002347620496425123 0
0.01555060410328445 0.0003743454460718004 0
0.0007960729640890617 0.00552290980030797 0
-0.009934249593027612 0.01122973114596036 0
0.003105342889636138 0.005934341322066085 0
-0.002905839819828991 0.002641268655960404 0
0.01505107817554706 0.01187439523450187 0
-0.01428358719512832 -0.008591647761895083 0
-0.0037192264909408 0.01646381603739893 0
-0.003807571403937674 -0.01132808531851213 0
0.003832857925421373 -0.01409357176792136 0
0.0148461950763494 -0.01097160242454553 0
-0.001921210496767459 0.001229488801332723 0
0.005479686883662646 -0.01459346506133187 0
-0.0003776676435589823 -0.01103443715897414 0
-0.006403745836093041 0.001700622250222279 0
0.01157669551948886 -0.005095290072957732 0
-0.01508621615505724 -0.01190487603188123 0
0.01648289362253898 0.003873542617503523 0
0.003699660934994237 0.006198948764056388 0
0.008333096269159034 -0.009006320267724141 0
0.0008640752199740086 0.006169908046511212 0
-0.002447526286240728 0.001611879605545279 0
-0.003875573659822526 -0.01197508356471503 0
0.001931602281988918 -0.0106230056372148 0
0.01208811582588535 0.01055045119812607 0
-0.01046048969994822 0.01161194051120362 0
-0.01207491726613439 0.001642540815135396 0
0.006162637629916005 0.01346275355205363 0
-0.01404417591225832 0.004466100524394197 0
-0.01058167441120682 -0.005710006617547216 0
0.003170532011938976 -0.01500517497585662 0
0.0001486481459147418 -0.01141682796318638 0
-0.007066066137336161 0.0007890165620289384 0
0.001337284236631175 -0.01088761307920524 0
0.01236012484942413 0.01313844418293163 0
-0.01480964533988339 -0.008209835637195174 0
-0.01518251200469791 -0.000974492887224389 0
-0.003364153353417313 0.00367065770637563 0
-0.005315709741932605 0.01205259418947597 0
0.0008109684471574943 -0.01050522227499293 0
-0.01445218944756876 0.0005841110471736784 0
-0.006031136815995302 -0.005534141820233186 0
-0.01236462854728274 -0.006503828943516856 0
0.009776043688912502 -0.01144749942166311 0
0.007061562439485905 0.005845598677390993 0
0.01111838198589805 -0.00406590102254535 0
0.008658212065509114 0.01025680303858631 0
-0.007728386438579834 -0.0001225891261631903 0
-0.002003684598707508 0.01660924232378461 0
-0.009851351854079177 -0.004151402683149089 0
-0.001927894500984632 0.01723933041623906 0
-0.007202070649106183 -0.0005049799303768278 0
-0.01470640470083039 0.003554485217831809 0
-0.00655745260546861 -0.0051517510160205 0
0.01550909537866138 0.01016608617379009 0
0.01183380905995167 0.01352083498714351 0
-0.01504650749292729 0.0003195036051831037 0
-0.006489450349583937 -0.004504752769817538 0
-0.006743757115517587 -0.00153436898079288 0
-0.006947763883172445 -0.00347536371940188 0
-0.007015766139057172 -0.004122361965604737 0
-0.002598359771667837 0.01634578556793255 0
-0.0151145097488126 -0.0003274946410206732 0
-0.00800039546211935 -0.002710582110976419 0
0.003835665446764163 0.007492945256461388 0
-0.01418016517191675 0.003172102428926191 0
-0.01098597463275184 0.01199237453762953 0
-0.01484250072527214 0.002260498343793927 0
0.01076347522340371 0.008727239821742658 0
-0.01343496238415031 -0.01129742410754916 0
-0.01051367215532232 -0.005063008371342362 0
0.008590209809624286 0.009609804792384047 0
-0.007474079672645795 -0.003092972915189125 0
0.002715031611933304 0.007610728618683517 0
-0.01539487342785299 -0.008475635767433147 0
-0.003890469142890791 0.004053048510588181 0
-0.0128406443388728 -0.01103281666520417 0
-0.004416784932364158 0.004435439314800736 0
-0.005469416511311061 0.005200220923227771 0
-0.005401414255426043 0.005847219169430133 0
-0.004943100721837059 0.004817830119013303 0
-0.01438418719168351 0.001231109293377116 0
-0.01349577662507684 -0.01193452890094768 0
0.01037036173720719 -0.01118289198626765 0
-0.01457037823902088 0.004848587749830905 0
-0.01091830747222011 0.01264017380595905 0
-0.01030966538766722 -0.003122013632733045 0
-0.004469891705181016 -0.01223969100670595 0
-0.01277264208264894 -0.01038581842049182 0
0.01003315266627513 0.007168635887344122 0
-0.01491050298115708 0.001613500097590306 0
-0.007270072904990929 -0.001151978176579562 0
0.002457918071462227 -0.01100539644142694 0
0.002576048987276698 -0.01526940973350125 0
-0.005064209750539259 -0.01250429844869661 0
-0.008222104487380168 -0.01020995362342203 0
-0.005590525540012809 -0.01212190764448423 0
-0.007763790953791723 -0.01123934267383701 0
-0.006711159374845259 -0.01200412428226202 0
-0.007169472908433048 -0.01097473523184708 0
0.002984233860935883 -0.01138778724563981 0
0.009693141386852282 0.003933644656329578 0
-0.006116841329486298 -0.01173951684027175 0
0.01089673143873159 -0.01156540387892828 0
0.01149103183077796 -0.01130075678694966 0
-0.009342738322211885 -0.01009217026119967 0
-0.005265409743656636 0.007141215661837533 0
0.01288644063889672 0.01275605337871977 0
0.002049855030691248 -0.01488727283722798 0
-0.009801051855799145 -0.009062781210784767 0
0.009116525599097255 0.009227413988171928 0
0.009574839132685642 0.008198024937758178 0
0.0009292676493276566 -0.01476959531645641 0
0.001455533927968568 -0.01515186891801395 0
0.01201732510430454 -0.01168309701951731 0
-0.01032736764527263 -0.008680390406572197 0
0.007587878228959009 0.005463207873179088 0
0.003767663190879156 0.006845947010258876 0
-0.003668760117628496 0.01155242002303898 0
-0.009647345086423802 -0.002210407944540302 0
-0.008748420276853361 -0.009827562819209644 0
0.00966054364617577 0.01440339995778841 0
0.01306993837442172 -0.01244783750563512 0
0.0081141940184321 0.005080817068966795 0
0.01349565416733281 -0.003007471254579123 0
-0.01085368343474651 -0.008297999602359274 0
0.003510549650409416 -0.01177017804985219 0
0.00218871582246014 0.007993119422896313 0
0.009642841388569835 0.008845023183960425 0
0.008640509807905251 0.004698426264754317 0
0.01254145402513938 -0.01206037574991416 0
-0.01131199696833461 -0.007268610551943891 0
0.01341275642836879 0.01237366257450903 0
-0.01017366087589693 -0.001828017140327445 0
0.004054567697486619 -0.006594192080228799 0
-0.005333411999541313 0.006494217415632967 0
0.009166825597378709 0.004316035460541894 0
0.001662400032987186 0.008375510227108723 0
0.004311681237959053 0.01202193297987946 0
0.004648885742844456 -0.006329584638237904 0
-0.009783349598194426 -0.003504404436946209 0
-0.01144250326679317 0.01303100103720681 0
-0.01010565862001168 -0.001181018894124506 0
-0.006862059369681501 0.002730011300638195 0
0.005243203788202934 -0.006064977196247 0
0.001068081987629354 0.008110902785119618 0
-0.01003765636412688 -0.0005340206479207961 0
0.01035546168809467 0.004845250344523376 0
0.005905524089444975 -0.005153371508053876 0
0.01251102484426847 -0.001595691399955823 0
-0.009969654108242061 0.0001129775982831063 0
-0.01183831275780844 -0.006886219747730762 0
0.000266929033764452 -0.01568115756809093 0
0.01376766319087507 -0.0004194782697640283 0
-0.009901651852357451 0.0007599758444870198 0
0.006499842134802866 -0.004888764066063413 0
-0.0114628969631716 0.007465525030962645 0
0.01257902710015323 -0.0009486931537522641 0
0.0003349508021226589 -0.01503420560110171 0
0.009335427849823772 -0.004859723348516677 0
-0.009833649596472017 0.001406974090689409 0
0.007026157924276563 -0.005271154870275411 0
0.01337735191316984 0.001256909026851929 0
0.009267425593939531 -0.005506721594718685 0
0.01278303386780794 0.0009923015848562881 0
7.279434723921741e-05 -0.01764329624198163 0
0.0140396722144132 0.002168514715046364 0
0.007620475969634152 -0.005006547428284892 0
-0.009765647340586964 0.00205397233689126 0
0.013581358680821 0.003197903765456152 0
0.0001321958163854643 -0.01697781769874191 0
-0.002548126282796556 0.01143463666081672 0
0.008214794014991611 -0.004741939986294279 0
0.01417567672618216 0.00346251120745198 0
-0.001953808237438216 0.01169924410280711 0
0.0001989365013140129 -0.01632813176329097 0
-0.00129148793619392 0.01261084979100138 0
0.008809112060349938 -0.004477332544304057 0
-0.0102919631300601 0.00243636314110382 0
-0.01114058794135329 0.005142139488138067 0
0.0137173631925897 0.004491900257862332 0
-0.01180290824259565 0.004230533799947265 0
-0.001155483424421346 0.01390484628340977 0
0.001085784245238019 0.01366927955896293 0
0.009134227856702103 0.01478579076200005 0
-0.0004931631231783328 0.0148164519716025 0
-0.01081827891953353 0.002818753945317001 0
-0.01134459470900648 0.003201144749530403 0
-0.01219321952030024 0.005906921096565943 0
0.001748104546484854 0.01458088524715814 0
-0.005978030043177083 0.01114098850128236 0
0.002868738381313075 0.01446310188493379 0
-0.001885805981551332 0.0123462423490113 0
-0.006708352600306229 0.009582384566887991 0
0.009793741383412574 -0.005889112398930986 0
0.01038805942877019 -0.005624504956940727 0
0.000541766198156624 0.008493293589333496 0
0.0127327338695287 0.005903680112490671 0
-0.00664035034442023 0.01022938281308955 0
0.0006097684540415133 0.009140291835536052 0
0.003463056426671 0.01472770932692441 0
0.0006777707099267273 0.009787290081738278 0
-0.008559308992265089 0.008141563994710154 0
0.01098237747412882 -0.005359897514949837 0
0.0133270519148888 0.00616828755448564 0
-0.008491306736379503 0.008788562240914651 0
0.001680102290597129 0.01393388700095407 0
0.003531021088164569 0.01537479201151979 0
-0.01212521726441559 0.006553919342768307 0
0.01286873838129554 0.007197676604895201 0
-0.0112765924531224 0.00384814299573291 0
0.01293674063718066 0.007844674851098771 0
0.004379683493844965 0.0126689312260839 0
0.001934409056527332 0.01096350321192132 0
0.002002411312413361 0.01161050145812386 0
0.01083147747928439 0.009374238067942931 0
0.01171270003125552 -0.003801293580553638 0
0.01230701807661347 -0.003536686138562809 0
0.01016915717804411 0.008462632379750023 0
0.004125346820824924 0.01563938218754275 0
0.01290133612197367 -0.003272078696571387 0
-0.001223485680307748 0.01325784803720538 0
-0.01166690373082691 0.005524530292352116 0
0.008607912067229145 0.01516818156621117 0
0.01142579552464288 0.009638845509933698 0
0.006576545114525574 0.01734366892391195 0
-0.0005611653790647549 0.01416945372539856 0
0.0120201135700015 0.009903452951925039 0
0.01317334514551334 -0.0006840857117584719 0
0.01268243387124484 0.01081505864011831 0
0.004193268586645099 0.0162865612173934 0
0.004261332937459915 0.01693341999610144 0
0.006824957931162923 0.01437435924024468 0
0.01344535416905458 0.001903907273052459 0
0.004303263022669132 0.01756068163501855 0
0.006892960187047194 0.01502135748644774 0
0.01353105868253978 0.008109282293091795 0
0.0133447541724848 0.01172666432830972 0
0.0140573744720124 0.007726891488881296 0
0.006366644397570202 0.01540374829066949 0
0.01465146888176275 0.007991191122860623 0
0.01517774739863542 0.007608749017315658 0
0.00814959853364218 0.0161975706166266 0
0.01577232635220453 0.007873715568650136 0
0.008675914323112776 0.01581517981241533 0
0.01387106996196079 0.01134427352409923 0
0.01446395002779591 0.01160903210382503 0
0.01496187972910694 0.01122962479770394 0
0.007171791048614562 0.01760855769614259 0
0.006047584509474577 0.01780696037860844 0
0.00762328274417198 0.01657996142084157 0
0.007692421973055355 0.01722682753786433 0
0.001498281059302613 0.01752431668646558 0
-0.009552055760699164 0.01512015125485717 0
-0.006197015794836326 -0.0173814208207363 0
-0.01697197073413426 0.007549836081150466 0
-0.01316794300446849 0.01219128738174799 0
0.01759592441356371 -0.001788484763307737 0
0.002012910580812521 0.01844701769987415 0
0.01677007759177251 0.006447905112672089 0
0.0009454685256038366 0.01794226239958425 0
-0.007700426365144395 0.01723926679676712 0
-0.01751118724863315 0.004046557579305612 0
0.01671482811383757 -0.004688161541706296 0
0.01850990323260088 0.0009382296053703614 0
-0.01607413792992751 0.006664575471088363 0
-0.0006713628627181385 -0.01848126508652284 0
0.007084256215012586 -0.01697050488386413 0
-0.01771075382505527 0.001639903408147882 0
0.003628292857693418 -0.01794426015306236 0
0.01408983210058571 -0.01261852864767118 0
0.0155385964371961 -0.01010458939757273 0
-0.01453175538829692 0.01229478714721267 0
-0.007228438679065577 0.01626019548383021 0
0.009352081319276872 -0.01530274139229262 0
-0.001786548102122943 0.01790275322469283 0
0.01754407982491756 0.003746779608876562 0
-0.008264285688350163 0.01628581294743021 0
-0.01594268531784571 -0.008734015688568462 0
-0.00337592408693569 -0.0178597590267152 0
0.005911639854963495 -0.01749998617406039 0
-0.002617976916414488 -0.01851509148553109 0
-0.01679953275595476 -0.008212144259740956 0
0.01295903111740587 -0.01345227263119158 0
-0.004602728654348298 0.01848589825552898 0
0.01185977829970903 -0.0135751966073736 0
0.001751114237751117 -0.01741522717526472 0
0.01715600731993387 -0.006972660844537737 0
0.004508484148916921 -0.01741590831936749 0
-0.01863244435276683 -0.0008265673744381596 0
-0.01696427360079761 -0.007559225227536836 0
-0.001943604479774283 -0.01848154722359512 0
-0.01810402699959665 -0.002272696474865825 0
-0.002863090219578506 0.0179805033431004 0
0.01797967842264642 0.00282504665878426 0
-0.01027637264149284 0.01535335488672029 0
0.00391564021697062 0.0185273710535181 0
-0.01654816393692938 0.007077850238923498 0
0.01586002557230801 0.009101225530933968 0
0.01798348094515729 -0.002825082696250375 0
0.01583285462523022 -0.007461941764605931 0
-0.01247290046938266 0.01381630842051995 0
0.01648118155794157 -0.007211899984557958 0
-0.005781641511799257 0.01799462407951971 0
-0.01567859854340405 -0.006040449264895086 0
0.001959953911441607 -0.01853610694175298 0
0.002326223501716407 -0.01785258723713072 0
-0.01681398758069763 0.004412275975618114 0
0.01544217880582424 0.01086501005780998 0
-0.01251185887602089 0.01309855898641184 0
-0.01777927654769901 -0.005169516511535761 0
0.0006387944413307421 -0.01857301513793061 0
-0.0167170015516038 -0.00530014123934675 0
-0.0175713262029869 0.002282926514959455 0
0.007599679585980482 -0.01606003613345582 0
-0.00870367713233273 0.01660654194687698 0
-0.01634440433284038 0.009536680960448305 0
-0.007725037471101017 0.01658360641867208 0
-0.01508325015982372 0.011370351583612 0
-0.0188374083034251 -0.0003062925248587002 0
0.005478339211677436 0.01800887165739207 0
-0.01300468186191306 -0.01346064494745198 0
-0.007730076796908214 -0.01659655898689991 0
-0.007745019858984634 -0.01726315126435683 0
-0.006790127179162597 -0.01742070893674473 0
-0.008199428217665854 -0.0156906357017709 0
-0.01194237272021665 -0.0136462283064571 0
0.01539514070007554 -0.01079410339827097 0
0.01460417250797784 -0.01238570631594214 0
0.01039437710379338 -0.01537404153479984 0
-0.01562310543413916 0.009865217274761764 0
0.01717786992113641 -0.005133551282236165 0
-0.0001927393844025017 0.01795795811648314 0
0.01714515347697334 0.00535088696542772 0
-0.006089981008295678 -0.01796093532079775 0
-0.01642892789500141 0.007700311755666581 0
0.012439490054862 -0.01382437128766871 0
-0.01763419498379785 -0.003987538479114833 0
0.01819763007916659 -0.000300491440264126 0
-0.01553764667520503 -0.01032834787307018 0
-0.009440544657472466 0.01607908799798389 0
-0.009281335346235877 -0.01554166802162188 0
-0.009807651135710135 -0.01515927721740866 0
-0.01349128060960728 -0.01248050252603296 0
-0.0103339669251869 -0.01477688641319538 0
-0.01507135070553067 -0.01134220720137502 0
-0.01454449324096671 -0.01171775997949723 0
-0.01086028271466014 -0.01439449560898256 0
-0.01140087025551642 -0.01401849834131118 0
-0.01401817745149544 -0.0121001507837093 0
-0.01248371967332689 -0.01384231192233886 0
-0.008753611817644003 -0.01591652458732232 0
-0.007241732809599737 -0.01769938359617513 0
-0.007656403179410024 -0.01604946186175524 0
-0.01296486442741538 -0.01286399446346519 0
-0.005164561168615894 -0.01859555099629202 0
-0.01577141032787026 -0.006952456180218372 0
0.0184470999290747 0.001564057487624667 0
0.0162215392436095 0.008153574176874631 0
-0.01070244183000418 0.01443756498523444 0
0.01767394561971304 -0.005727709418449797 0
0.01780487406759183 -0.003419618977117387 0
-0.003801823659465194 0.01852203079942058 0
-0.01773956884006072 -0.0003454163055478197 0
0.01623447274958738 -0.008400665982893133 0
0.01667753711874196 0.007099032397541849 0
-0.01258295547914782 0.0124244423848447 0
-0.001029704021654359 -0.01801930111844787 0
0.002602248373691744 0.01862153311585515 0
-0.006737862532749925 0.01812829090312794 0
0.01523472984561379 -0.0114425777772997 0
0.001591357882752513 0.01804830015347851 0
0.01885076681648851 0.0003747577052550936 0
-0.01561939934203868 -0.0109481123758446 0
-0.01728250334544459 0.005270221360133846 0
0.008053036038919634 -0.01635827961014064 0
-0.01743708752049235 0.002845457712600582 0
0.01585065540447494 0.009653219128014534 0
0.01037692506011455 -0.01479089045322842 0
-0.01810560678905115 -0.002804681662112606 0
-0.0161210315880901 0.01069971266492637 0
-0.01641888274582171 0.008371777271093164 0
0.002817968517103618 -0.01742987169248395 0
0.01292189236101075 -0.01291505452891384 0
-0.002277255418875936 0.01809248712577285 0
0.01791068840194047 0.003425087386984565 0
0.0147679381983074 -0.01148144655062635 0
0.01812356603563173 0.004522459826602798 0
-0.001191463183222818 0.0179843272129468 0
-0.01651920843246161 -0.009477572431077705 0
-0.003907727832607885 -0.01865260422497563 0
0.004281716393707424 0.01806784752733976 0
0.01729968034710615 -0.003554115806931474 0
0.01804424169717213 -0.0008689647832171532 0
-0.01848274609341733 -0.001349569901684812 0
0.006301881669704947 0.01836491907519613 0
0.005671998011810461 -0.01856341724514802 0
-0.005750729730901263 0.01855592583451118 0
0.01941265959115131 -0.0003293554257297136 0
-0.01941376072116248 0.0003182444097481251 0
0.01590321244413849 0.01116589640331726 0
0.003972967101972489 -0.01753417952556219 0
-0.002934348879190883 -0.01810115011934023 0
-0.01630845310234001 -0.008384294627231528 0
-0.01554602148853036 0.01166872388740546 0
-0.006281342895889917 -0.01839239541894571 0
-0.0112139092114345 0.01412223857114376 0
-0.009320477465658358 0.01563938767952787 0
0.006175947751793007 -0.01789890622996414 0
-0.01353832860201399 0.0125588389645014 0
0.01612875841154133 -0.00899227434490125 0
-0.01771893191110181 0.0002384967999050005 0
-0.01721758893385143 -0.005420849388046304 0
0.0003252810467255297 0.01812901562679717 0
0.01714120107452137 0.00591153457906052 0
2 2 0 3158
3349
3350
3351
3352
3353
3354
3355
3356
3357
3358
3359
3360
3361
3362
3363
3364
3365
3366
3367
3368
3369
3370
3371
3372
3373
3374
3375
3376
3377
3378
3379
3380
3381
3382
3383
3384
3385
3386
3387
3388
3389
3390
3391
3392
3393
3394
3395
3396
3397
3398
3399
3400
3401
3402
3403
3404
3405
3406
3407
3408
3409
3410
3411
3412
3413
3414
3415
3416
3417
3418
3419
3420
3421
3422
3423
3424
3425
3426
3427
3428
3429
3430
3431
3432
3433
3434
3435
3436
3437
3438
3439
3440
3441
3442
3443
3444
3445
3446
3447
3448
3449
3450
3451
3452
3453
3454
3455
3456
3457
3458
3459
3460
3461
3462
3463
3464
3465
3466
3467
3468
3469
3470
3471
3472
3473
3474
3475
3476
3477
3478
3479
3480
3481
3482
3483
3484
3485
3486
3487
3488
3489
3490
3491
3492
3493
3494
3495
3496
3497
3498
3499
3500
3501
3502
3503
3504
3505
3506
3507
3508
3509
3510
3511
3512
3513
3514
3515
3516
3517
3518
3519
3520
3521
3522
3523
3524
3525
3526
3527
3528
3529
3530
3531
3532
3533
3534
3535
3536
3537
3538
3539
3540
3541
3542
3543
3544
3545
3546
3547
3548
3549
3550
3551
3552
3553
3554
3555
3556
3557
3558
3559
3560
3561
3562
3563
3564
3565
3566
3567
3568
3569
3570
3571
3572
3573
3574
3575
3576
3577
3578
3579
3580
3581
3582
3583
3584
3585
3586
3587
3588
3589
3590
3591
3592
3593
3594
3595
3596
3597
3598
3599
3600
3601
3602
3603
3604
3605
3606
3607
3608
3609
3610
3611
3612
3613
3614
3615
3616
3617
3618
3619
3620
3621
3622
3623
3624
3625
3626
3627
3628
3629
3630
3631
3632
3633
3634
3635
3636
3637
3638
3639
3640
3641
3642
3643
3644
3645
3646
3647
3648
3649
3650
3651
3652
3653
3654
3655
3656
3657
3658
3659
3660
3661
3662
3663
3664
3665
3666
3667
3668
3669
3670
3671
3672
3673
3674
3675
3676
3677
3678
3679
3680
3681
3682
3683
3684
3685
3686
3687
3688
3689
3690
3691
3692
3693
3694
3695
3696
3697
3698
3699
3700
3701
3702
3703
3704
3705
3706
3707
3708
3709
3710
3711
3712
3713
3714
3715
3716
3717
3718
3719
3720
3721
3722
3723
3724
3725
3726
3727
3728
3729
3730
3731
3732
3733
3734
3735
3736
3737
3738
3739
3740
3741
3742
3743
3744
3745
3746
3747
3748
3749
3750
3751
3752
3753
3754
3755
3756
3757
3758
3759
3760
3761
3762
3763
3764
3765
3766
3767
3768
3769
3770
3771
3772
3773
3774
3775
3776
3777
3778
3779
3780
3781
3782
3783
3784
3785
3786
3787
3788
3789
3790
3791
3792
3793
3794
3795
3796
3797
3798
3799
3800
3801
3802
3803
3804
3805
3806
3807
3808
3809
3810
3811
3812
3813
3814
3815
3816
3817
3818
3819
3820
3821
3822
3823
3824
3825
3826
3827
3828
3829
3830
3831
3832
3833
3834
3835
3836
3837
3838
3839
3840
3841
3842
3843
3844
3845
3846
3847
3848
3849
3850
3851
3852
3853
3854
3855
3856
3857
3858
3859
3860
3861
3862
3863
3864
3865
3866
3867
3868
3869
3870
3871
3872
3873
3874
3875
3876
3877
3878
3879
3880
3881
3882
3883
3884
3885
3886
3887
3888
3889
3890
3891
3892
3893
3894
3895
3896
3897
3898
3899
3900
3901
3902
3903
3904
3905
3906
3907
3908
3909
3910
3911
3912
3913
3914
3915
3916
3917
3918
3919
3920
3921
3922
3923
3924
3925
3926
3927
3928
3929
3930
3931
3932
3933
3934
3935
3936
3937
3938
3939
3940
3941
3942
3943
3944
3945
3946
3947
3948
3949
3950
3951
3952
3953
3954
3955
3956
3957
3958
3959
3960
3961
3962
3963
3964
3965
3966
3967
3968
3969
3970
3971
3972
3973
3974
3975
3976
3977
3978
3979
3980
3981
3982
3983
3984
3985
3986
3987
3988
3989
3990
3991
3992
3993
3994
3995
3996
3997
3998
3999
4000
4001
4002
4003
4004
4005
4006
4007
4008
4009
4010
4011
4012
4013
4014
4015
4016
4017
4018
4019
4020
4021
4022
4023
4024
4025
4026
4027
4028
4029
4030
4031
4032
4033
4034
4035
4036
4037
4038
4039
4040
4041
4042
4043
4044
4045
4046
4047
4048
4049
4050
4051
4052
4053
4054
4055
4056
4057
4058
4059
4060
4061
4062
4063
4064
4065
4066
4067
4068
4069
4070
4071
4072
4073
4074
4075
4076
4077
4078
4079
4080
4081
4082
4083
4084
4085
4086
4087
4088
4089
4090
4091
4092
4093
4094
4095
4096
4097
4098
4099
4100
4101
4102
4103
4104
4105
4106
4107
4108
4109
4110
4111
4112
4113
4114
4115
4116
4117
4118
4119
4120
4121
4122
4123
4124
4125
4126
4127
4128
4129
4130
4131
4132
4133
4134
4135
4136
4137
4138
4139
4140
4141
4142
4143
4144
4145
4146
4147
4148
4149
4150
4151
4152
4153
4154
4155
4156
4157
4158
4159
4160
4161
4162
4163
4164
4165
4166
4167
4168
4169
4170
4171
4172
4173
4174
4175
4176
4177
4178
4179
4180
4181
4182
4183
4184
4185
4186
4187
4188
4189
4190
4191
4192
4193
4194
4195
4196
4197
4198
4199
4200
4201
4202
4203
4204
4205
4206
4207
4208
4209
4210
4211
4212
4213
4214
4215
4216
4217
4218
4219
4220
4221
4222
4223
4224
4225
4226
4227
4228
4229
4230
4231
4232
4233
4234
4235
4236
4237
4238
4239
4240
4241
4242
4243
4244
4245
4246
4247
4248
4249
4250
4251
4252
4253
4254
4255
4256
4257
4258
4259
4260
4261
4262
4263
4264
4265
4266
4267
4268
4269
4270
4271
4272
4273
4274
4275
4276
4277
4278
4279
4280
4281
4282
4283
4284
4285
4286
4287
4288
4289
4290
4291
4292
4293
4294
4295
4296
4297
4298
4299
4300
4301
4302
4303
4304
4305
4306
4307
4308
4309
4310
4311
4312
4313
4314
4315
4316
4317
4318
4319
4320
4321
4322
4323
4324
4325
4326
4327
4328
4329
4330
4331
4332
4333
4334
4335
4336
4337
4338
4339
4340
4341
4342
4343
4344
4345
4346
4347
4348
4349
4350
4351
4352
4353
4354
4355
4356
4357
4358
4359
4360
4361
4362
4363
4364
4365
4366
4367
4368
4369
4370
4371
4372
4373
4374
4375
4376
4377
4378
4379
4380
4381
4382
4383
4384
4385
4386
4387
4388
4389
4390
4391
4392
4393
4394
4395
4396
4397
4398
4399
4400
4401
4402
4403
4404
4405
4406
4407
4408
4409
4410
4411
4412
4413
4414
4415
4416
4417
4418
4419
4420
4421
4422
4423
4424
4425
4426
4427
4428
4429
4430
4431
4432
4433
4434
4435
4436
4437
4438
4439
4440
4441
4442
4443
4444
4445
4446
4447
4448
4449
4450
4451
4452
4453
4454
4455
4456
4457
4458
4459
4460
4461
4462
4463
4464
4465
4466
4467
4468
4469
4470
4471
4472
4473
4474
4475
4476
4477
4478
4479
4480
4481
4482
4483
4484
4485
4486
4487
4488
4489
4490
4491
4492
4493
4494
4495
4496
4497
4498
4499
4500
4501
4502
4503
4504
4505
4506
4507
4508
4509
4510
4511
4512
4513
4514
4515
4516
4517
4518
4519
4520
4521
4522
4523
4524
4525
4526
4527
4528
4529
4530
4531
4532
4533
4534
4535
4536
4537
4538
4539
4540
4541
4542
4543
4544
4545
4546
4547
4548
4549
4550
4551
4552
4553
4554
4555
4556
4557
4558
4559
4560
4561
4562
4563
4564
4565
4566
4567
4568
4569
4570
4571
4572
4573
4574
4575
4576
4577
4578
4579
4580
4581
4582
4583
4584
4585
4586
4587
4588
4589
4590
4591
4592
4593
4594
4595
4596
4597
4598
4599
4600
4601
4602
4603
4604
4605
4606
4607
4608
4609
4610
4611
4612
4613
4614
4615
4616
4617
4618
4619
4620
4621
4622
4623
4624
4625
4626
4627
4628
4629
4630
4631
4632
4633
4634
4635
4636
4637
4638
4639
4640
4641
4642
4643
4644
4645
4646
4647
4648
4649
4650
4651
4652
4653
4654
4655
4656
4657
4658
4659
4660
4661
4662
4663
4664
4665
4666
4667
4668
4669
4670
4671
4672
4673
4674
4675
4676
4677
4678
4679
4680
4681
4682
4683
4684
4685
4686
4687
4688
4689
4690
4691
4692
4693
4694
4695
4696
4697
4698
4699
4700
4701
4702
4703
4704
4705
4706
4707
4708
4709
4710
4711
4712
4713
4714
4715
4716
4717
4718
4719
4720
4721
4722
4723
4724
4725
4726
4727
4728
4729
4730
4731
4732
4733
4734
4735
4736
4737
4738
4739
4740
4741
4742
4743
4744
4745
4746
4747
4748
4749
4750
4751
4752
4753
4754
4755
4756
4757
4758
4759
4760
4761
4762
4763
4764
4765
4766
4767
4768
4769
4770
4771
4772
4773
4774
4775
4776
4777
4778
4779
4780
4781
4782
4783
4784
4785
4786
4787
4788
4789
4790
4791
4792
4793
4794
4795
4796
4797
4798
4799
4800
4801
4802
4803
4804
4805
4806
4807
4808
4809
4810
4811
4812
4813
4814
4815
4816
4817
4818
4819
4820
4821
4822
4823
4824
4825
4826
4827
4828
4829
4830
4831
4832
4833
4834
4835
4836
4837
4838
4839
4840
4841
4842
4843
4844
4845
4846
4847
4848
4849
4850
4851
4852
4853
4854
4855
4856
4857
4858
4859
4860
4861
4862
4863
4864
4865
4866
4867
4868
4869
4870
4871
4872
4873
4874
4875
4876
4877
4878
4879
4880
4881
4882
4883
4884
4885
4886
4887
4888
4889
4890
4891
4892
4893
4894
4895
4896
4897
4898
4899
4900
4901
4902
4903
4904
4905
4906
4907
4908
4909
4910
4911
4912
4913
4914
4915
4916
4917
4918
4919
4920
4921
4922
4923
4924
4925
4926
4927
4928
4929
4930
4931
4932
4933
4934
4935
4936
4937
4938
4939
4940
4941
4942
4943
4944
4945
4946
4947
4948
4949
4950
4951
4952
4953
4954
4955
4956
4957
4958
4959
4960
4961
4962
4963
4964
4965
4966
4967
4968
4969
4970
4971
4972
4973
4974
4975
4976
4977
4978
4979
4980
4981
4982
4983
4984
4985
4986
4987
4988
4989
4990
4991
4992
4993
4994
4995
4996
4997
4998
4999
5000
5001
5002
5003
5004
5005
5006
5007
5008
5009
5010
5011
5012
5013
5014
5015
5016
5017
5018
5019
5020
5021
5022
5023
5024
5025
5026
5027
5028
5029
5030
5031
5032
5033
5034
5035
5036
5037
5038
5039
5040
5041
5042
5043
5044
5045
5046
5047
5048
5049
5050
5051
5052
5053
5054
5055
5056
5057
5058
5059
5060
5061
5062
5063
5064
5065
5066
5067
5068
5069
5070
5071
5072
5073
5074
5075
5076
5077
5078
5079
5080
5081
5082
5083
5084
5085
5086
5087
5088
5089
5090
5091
5092
5093
5094
5095
5096
5097
5098
5099
5100
5101
5102
5103
5104
5105
5106
5107
5108
5109
5110
5111
5112
5113
5114
5115
5116
5117
5118
5119
5120
5121
5122
5123
5124
5125
5126
5127
5128
5129
5130
5131
5132
5133
5134
5135
5136
5137
5138
5139
5140
5141
5142
5143
5144
5145
5146
5147
5148
5149
5150
5151
5152
5153
5154
5155
5156
5157
5158
5159
5160
5161
5162
5163
5164
5165
5166
5167
5168
5169
5170
5171
5172
5173
5174
5175
5176
5177
5178
5179
5180
5181
5182
5183
5184
5185
5186
5187
5188
5189
5190
5191
5192
5193
5194
5195
5196
5197
5198
5199
5200
5201
5202
5203
5204
5205
5206
5207
5208
5209
5210
5211
5212
5213
5214
5215
5216
5217
5218
5219
5220
5221
5222
5223
5224
5225
5226
5227
5228
5229
5230
5231
5232
5233
5234
5235
5236
5237
5238
5239
5240
5241
5242
5243
5244
5245
5246
5247
5248
5249
5250
5251
5252
5253
5254
5255
5256
5257
5258
5259
5260
5261
5262
5263
5264
5265
5266
5267
5268
5269
5270
5271
5272
5273
5274
5275
5276
5277
5278
5279
5280
5281
5282
5283
5284
5285
5286
5287
5288
5289
5290
5291
5292
5293
5294
5295
5296
5297
5298
5299
5300
5301
5302
5303
5304
5305
5306
5307
5308
5309
5310
5311
5312
5313
5314
5315
5316
5317
5318
5319
5320
5321
5322
5323
5324
5325
5326
5327
5328
5329
5330
5331
5332
5333
5334
5335
5336
5337
5338
5339
5340
5341
5342
5343
5344
5345
5346
5347
5348
5349
5350
5351
5352
5353
5354
5355
5356
5357
5358
5359
5360
5361
5362
5363
5364
5365
5366
5367
5368
5369
5370
5371
5372
5373
5374
5375
5376
5377
5378
5379
5380
5381
5382
5383
5384
5385
5386
5387
5388
5389
5390
5391
5392
5393
5394
5395
5396
5397
5398
5399
5400
5401
5402
5403
5404
5405
5406
5407
5408
5409
5410
5411
5412
5413
5414
5415
5416
5417
5418
5419
5420
5421
5422
5423
5424
5425
5426
5427
5428
5429
5430
5431
5432
5433
5434
5435
5436
5437
5438
5439
5440
5441
5442
5443
5444
5445
5446
5447
5448
5449
5450
5451
5452
5453
5454
5455
5456
5457
5458
5459
5460
5461
5462
5463
5464
5465
5466
5467
5468
5469
5470
5471
5472
5473
5474
5475
5476
5477
5478
5479
5480
5481
5482
5483
5484
5485
5486
5487
5488
5489
5490
5491
5492
5493
5494
5495
5496
5497
5498
5499
5500
5501
5502
5503
5504
5505
5506
5507
5508
5509
5510
5511
5512
5513
5514
5515
5516
5517
5518
5519
5520
5521
5522
5523
5524
5525
5526
5527
5528
5529
5530
5531
5532
5533
5534
5535
5536
5537
5538
5539
5540
5541
5542
5543
5544
5545
5546
5547
5548
5549
5550
5551
5552
5553
5554
5555
5556
5557
5558
5559
5560
5561
5562
5563
5564
5565
5566
5567
5568
5569
5570
5571
5572
5573
5574
5575
5576
5577
5578
5579
5580
5581
5582
5583
5584
5585
5586
5587
5588
5589
5590
5591
5592
5593
5594
5595
5596
5597
5598
5599
5600
5601
5602
5603
5604
5605
5606
5607
5608
5609
5610
5611
5612
5613
5614
5615
5616
5617
5618
5619
5620
5621
5622
5623
5624
5625
5626
5627
5628
5629
5630
5631
5632
5633
5634
5635
5636
5637
5638
5639
5640
5641
5642
5643
5644
5645
5646
5647
5648
5649
5650
5651
5652
5653
5654
5655
5656
5657
5658
5659
5660
5661
5662
5663
5664
5665
5666
5667
5668
5669
5670
5671
5672
5673
5674
5675
5676
5677
5678
5679
5680
5681
5682
5683
5684
5685
5686
5687
5688
5689
5690
5691
5692
5693
5694
5695
5696
5697
5698
5699
5700
5701
5702
5703
5704
5705
5706
5707
5708
5709
5710
5711
5712
5713
5714
5715
5716
5717
5718
5719
5720
5721
5722
5723
5724
5725
5726
5727
5728
5729
5730
5731
5732
5733
5734
5735
5736
5737
5738
5739
5740
5741
5742
5743
5744
5745
5746
5747
5748
5749
5750
5751
5752
5753
5754
5755
5756
5757
5758
5759
5760
5761
5762
5763
5764
5765
5766
5767
5768
5769
5770
5771
5772
5773
5774
5775
5776
5777
5778
5779
5780
5781
5782
5783
5784
5785
5786
5787
5788
5789
5790
5791
5792
5793
5794
5795
5796
5797
5798
5799
5800
5801
5802
5803
5804
5805
5806
5807
5808
5809
5810
5811
5812
5813
5814
5815
5816
5817
5818
5819
5820
5821
5822
5823
5824
5825
5826
5827
5828
5829
5830
5831
5832
5833
5834
5835
5836
5837
5838
5839
5840
5841
5842
5843
5844
5845
5846
5847
5848
5849
5850
5851
5852
5853
5854
5855
5856
5857
5858
5859
5860
5861
5862
5863
5864
5865
5866
5867
5868
5869
5870
5871
5872
5873
5874
5875
5876
5877
5878
5879
5880
5881
5882
5883
5884
5885
5886
5887
5888
5889
5890
5891
5892
5893
5894
5895
5896
5897
5898
5899
5900
5901
5902
5903
5904
5905
5906
5907
5908
5909
5910
5911
5912
5913
5914
5915
5916
5917
5918
5919
5920
5921
5922
5923
5924
5925
5926
5927
5928
5929
5930
5931
5932
5933
5934
5935
5936
5937
5938
5939
5940
5941
5942
5943
5944
5945
5946
5947
5948
5949
5950
5951
5952
5953
5954
5955
5956
5957
5958
5959
5960
5961
5962
5963
5964
5965
5966
5967
5968
5969
5970
5971
5972
5973
5974
5975
5976
5977
5978
5979
5980
5981
5982
5983
5984
5985
5986
5987
5988
5989
5990
5991
5992
5993
5994
5995
5996
5997
5998
5999
6000
6001
6002
6003
6004
6005
6006
6007
6008
6009
6010
6011
6012
6013
6014
6015
6016
6017
6018
6019
6020
6021
6022
6023
6024
6025
6026
6027
6028
6029
6030
6031
6032
6033
6034
6035
6036
6037
6038
6039
6040
6041
6042
6043
6044
6045
6046
6047
6048
6049
6050
6051
6052
6053
6054
6055
6056
6057
6058
6059
6060
6061
6062
6063
6064
6065
6066
6067
6068
6069
6070
6071
6072
6073
6074
6075
6076
6077
6078
6079
6080
6081
6082
6083
6084
6085
6086
6087
6088
6089
6090
6091
6092
6093
6094
6095
6096
6097
6098
6099
6100
6101
6102
6103
6104
6105
6106
6107
6108
6109
6110
6111
6112
6113
6114
6115
6116
6117
6118
6119
6120
6121
6122
6123
6124
6125
6126
6127
6128
6129
6130
6131
6132
6133
6134
6135
6136
6137
6138
6139
6140
6141
6142
6143
6144
6145
6146
6147
6148
6149
6150
6151
6152
6153
6154
6155
6156
6157
6158
6159
6160
6161
6162
6163
6164
6165
6166
6167
6168
6169
6170
6171
6172
6173
6174
6175
6176
6177
6178
6179
6180
6181
6182
6183
6184
6185
6186
6187
6188
6189
6190
6191
6192
6193
6194
6195
6196
6197
6198
6199
6200
6201
6202
6203
6204
6205
6206
6207
6208
6209
6210
6211
6212
6213
6214
6215
6216
6217
6218
6219
6220
6221
6222
6223
6224
6225
6226
6227
6228
6229
6230
6231
6232
6233
6234
6235
6236
6237
6238
6239
6240
6241
6242
6243
6244
6245
6246
6247
6248
6249
6250
6251
6252
6253
6254
6255
6256
6257
6258
6259
6260
6261
6262
6263
6264
6265
6266
6267
6268
6269
6270
6271
6272
6273
6274
6275
6276
6277
6278
6279
6280
6281
6282
6283
6284
6285
6286
6287
6288
6289
6290
6291
6292
6293
6294
6295
6296
6297
6298
6299
6300
6301
6302
6303
6304
6305
6306
6307
6308
6309
6310
6311
6312
6313
6314
6315
6316
6317
6318
6319
6320
6321
6322
6323
6324
6325
6326
6327
6328
6329
6330
6331
6332
6333
6334
6335
6336
6337
6338
6339
6340
6341
6342
6343
6344
6345
6346
6347
6348
6349
6350
6351
6352
6353
6354
6355
6356
6357
6358
6359
6360
6361
6362
6363
6364
6365
6366
6367
6368
6369
6370
6371
6372
6373
6374
6375
6376
6377
6378
6379
6380
6381
6382
6383
6384
6385
6386
6387
6388
6389
6390
6391
6392
6393
6394
6395
6396
6397
6398
6399
6400
6401
6402
6403
6404
6405
6406
6407
6408
6409
6410
6411
6412
6413
6414
6415
6416
6417
6418
6419
6420
6421
6422
6423
6424
6425
6426
6427
6428
6429
6430
6431
6432
6433
6434
6435
6436
6437
6438
6439
6440
6441
6442
6443
6444
6445
6446
6447
6448
6449
6450
6451
6452
6453
6454
6455
6456
6457
6458
6459
6460
6461
6462
6463
6464
6465
6466
6467
6468
6469
6470
6471
6472
6473
6474
6475
6476
6477
6478
6479
6480
6481
6482
6483
6484
6485
6486
6487
6488
6489
6490
6491
6492
6493
6494
6495
6496
6497
6498
6499
6500
6501
6502
6503
6504
6505
6506
0.01088047504626339 -0.0149673530845846 0
-0.01081307407561231 0.01499938970531474 0
0.01084917973689061 0.01493261484176991 0
-0.01084917973689127 -0.01493261484176912 0
0.01778938215901527 -0.005078436471273055 0
-0.01778276671686576 0.005093929694086603 0
1.698229011503771e-05 0.01850691711886673 0
1.23294531923107e-05 -0.01839743962234038 0
-0.01757783990472844 -0.005744968992440792 0
0.01759357775473802 0.005729290662361056 0
-0.01685962691534642 0.008081921760849561 0
0.01677518987043422 -0.008186755459974661 0
0.003252810467097016 -0.01846480227022307 0
-0.008217600789514874 -0.01684456886283958 0
0.01645574594069972 0.008759021084260311 0
-0.003236201906016963 0.01845758776009564 0
-0.01654208716376377 -0.008881013007121061 0
0.008217600789522503 0.01684456886283462 0
-0.01858742006156733 -0.002638197428766898 0
0.01855951527814285 0.00261014473762951 0
-0.013503531103244 0.01305200436652196 0
0.01347459812997133 -0.01293854161265161 0
0.008205824916619076 -0.01687101790639624 0
-0.008240030757646469 0.01688760867011356 0
-0.003334559235677217 -0.01847684373669596 0
0.00324710405874533 0.01844083040673422 0
0.01348075868425359 0.01302066082070896 0
-0.01349261222705598 -0.01302953995732419 0
0.01857270735953982 -0.002614431104724956 0
-0.01855951527813495 0.002610144737643576 0
-0.01618043068007098 0.0101342382298105 0
0.01614154846266527 -0.01000441316733628 0
0.00667369050003476 0.01798805873009507 0
-0.006638653421089012 -0.01799174127548332 0
-0.01603964911292886 -0.01059608923545882 0
0.005173986609201946 -0.01847534206274155 0
0.01598010889000415 0.01064543328555199 0
-0.01916994425046324 0.0007884409943714408 0
-0.005208542010273159 0.01838432469722956 0
0.01916994425046406 -0.0007884409943719696 0
-0.01507719045739637 0.01194538202492607 0
0.0149433551465427 -0.01196801619761432 0
0.009796548157941067 0.01569739645019429 0
0.01718070780835135 0.006950433293649125 0
0.01453339026319894 0.01225587921228489 0
-0.001373953001689777 0.0184668273291244 0
-0.009796548157941121 -0.01569739645019603 0
0.001253668675163504 -0.01841610971371967 0
-0.01184916003419683 0.01413547139913116 0
-0.01714050052794575 -0.00693032834926818 0
0.0181818755227447 -0.003855525074546924 0
0.01188921468496336 -0.01419612572947149 0
0.007168650565265983 -0.01761441742133726 0
0.01734259742825745 -0.006312243301640923 0
-0.01735330682155699 0.006322472646865439 0
-0.01816133647529248 0.003848851533487398 0
-0.01453339026319908 -0.01225587921228385 0
0.01242812710530907 0.01378544242913302 0
-0.01194519430377855 -0.0142071407789659 0
-0.009796548157919353 0.01569739645021569 0
0.01814727316244143 0.003912816343388338 0
0.009290967698944618 -0.01604843150869194 0
0.001297859597458652 0.01848919482941986 0
-0.001303404794995823 -0.01847010700024775 0
-0.007072938375196326 0.0176019503812296 0
0.00456936045826992 0.01849054671060993 0
-0.004535135810804603 -0.01847829855507249 0
-0.01899953778928604 -0.001354955308570495 0
-0.01817190393516985 -0.003842168251897406 0
0.01896538262107207 0.001395574883084845 0
-0.01573530283990925 0.01113408493257566 0
0.01580172585438416 -0.01130220224267698 0
-0.01565049623488457 -0.01153699561702872 0
0.01553425457939253 0.0114965385624261 0
0.005801881284001324 0.01843154130524097 0
0.006112337631613701 -0.01837413207970151 0
-0.00571746545629412 -0.01838867472764525 0
-0.006210810889039995 0.01834343692272681 0
0.01935176796477919 0.0001517742690839378 0
-0.01932231737981484 -0.0001777424939264949 0
0.01032286394741663 0.01531500564598217 0
0.01025486169153264 0.0146680073997792 0
0.01078117748100583 0.0142856165955676 0
0.01018685943564832 0.01402100915357722 0
0.01071317522512082 0.01363861834936557 0
0.01011885717976352 0.0133740109073754 0
0.009592541390291122 0.01375640171158714 0
0.009524539134406219 0.01310940346538525 0
0.01005085492387879 0.0127270126611734 0
0.00945653687852142 0.01246240521918322 0
0.008930221089048826 0.01284479602339514 0
0.008862218833164001 0.01219779777719303 0
0.008335903043691372 0.01258018858140501 0
0.008267900787806539 0.01193319033520284 0
0.008794216577279109 0.01155079953099084 0
0.008199898531921651 0.01128619208900063 0
0.007673582742449046 0.01166858289321266 0
0.007605580486564179 0.01102158464701041 0
0.008131896276036742 0.01063919384279838 0
0.007537578230679314 0.01037458640080811 0
0.007011262441206562 0.0107569772050202 0
0.006943260185321723 0.01010997895881785 0
0.007469575974794524 0.009727588154605777 0
0.006875257929436902 0.009462980712615483 0
0.007401573718909742 0.009080589908403399 0
0.006807255673552088 0.008815982466413085 0
0.006280939884079227 0.009198373270625192 0
0.006212937628194405 0.008551375024422768 0
0.005686621838721531 0.00893376582863489 0
0.005618619582836696 0.00828676758243244 0
0.006144935372309596 0.007904376778220317 0
0.005550617326951871 0.007639769336229963 0
0.005024301537478957 0.00802216014044212 0
0.004956299281594121 0.007375161894239628 0
0.00548261507106705 0.006992771090027461 0
0.004888297025709276 0.006728163648037116 0
0.005414612815182222 0.00634577284382493 0
0.004820294769824423 0.006081165401834577 0
0.004293978980351783 0.006463556206046751 0
0.004225976724466758 0.005816557959844212 0
0.004752292513939597 0.005434167155632015 0
0.00415797446858178 0.005169559713641648 0
0.003631658679108927 0.005551950517853784 0
0.00356365642322392 0.004904952271651275 0
0.00408997221269691 0.00452256146743906 0
0.003495654167339051 0.004257954025448673 0
0.002969338377866026 0.004640344829660917 0
0.002901336121981164 0.003993346583458278 0
0.002375020332508116 0.004375737387670543 0
0.002307018076623252 0.003728739141467876 0
0.002833333866096311 0.003346348337255617 0
0.002239015820738399 0.003081740895265195 0
0.001712700031265323 0.00346413169947747 0
0.001644697775380467 0.002817133453274783 0
0.002171013564853555 0.002434742649062501 0
0.001576695519495602 0.002170135207072083 0
0.002103011308968706 0.001787744402859787 0
0.001508693263610729 0.001523136960869365 0
0.0009823774741376373 0.001905527765081663 0
0.000914375218252752 0.001258529518878947 0
0.0003880594287796454 0.001640920323091257 0
0.0003200571728947607 0.0009939220768885233 0
0.0008463729623678787 0.0006115312726762004 0
0.0002520549170098852 0.0003469238306857707 0
0.000778370706483009 -3.546697352653926e-05 0
0.0001840526611250025 -0.0003000744155169687 0
-0.0003422631283481296 8.231638869534853e-05 0
-0.0004102653842329807 -0.0005646818575074275 0
-0.0009365811737060956 -0.0001822910532950369 0
0.000116050405240136 -0.0009470726617197353 0
-0.000478267640117842 -0.001211680103710201 0
4.804814935528317e-05 -0.001594070907922522 0
-0.0005462698960027202 -0.00185867834991297 0
-1.995410652958116e-05 -0.002241069154125296 0
-0.0006142721518875962 -0.002505676596115739 0
-8.795636241443114e-05 -0.002888067400328076 0
-0.000682274407772474 -0.003152674842318538 0
-0.0001559586182992857 -0.003535065646530905 0
0.0004383594270587918 -0.003270458204540415 0
0.0003703571711739508 -0.003917456450743297 0
0.0009646752165320639 -0.00365284900875278 0
-0.0002239608741841302 -0.004182063892733797 0
0.0008966729606472189 -0.004299847254955686 0
0.001490991006005337 -0.004035239812965162 0
0.00142298875012049 -0.004682238059168047 0
0.002017306795478577 -0.00441763061717753 0
0.001949304539593743 -0.005064628863380397 0
0.002543622584951805 -0.004800021421389888 0
0.002475620329066976 -0.005447019667592725 0
0.003069938374425017 -0.005182412225602227 0
0.003001936118540187 -0.005829410471805047 0
0.002407618073182157 -0.006094017913795547 0
0.003596254163898215 -0.005564803029814547 0
-0.001208590197245652 -0.002770284038106175 0
0.002933933862655361 -0.006476408718007864 0
0.002339615817297334 -0.006741016159998362 0
0.002865931606770485 -0.00712340696421067 0
0.002271613561412491 -0.007388014406201175 0
0.002797929350885642 -0.007770405210413474 0
0.002203611305527666 -0.008035012652403979 0
0.002729927095000855 -0.008417403456616273 0
0.003324245140358991 -0.008152796014625367 0
0.002135609049642854 -0.008682010898606766 0
0.003664256419783051 -0.004917804783611741 0
0.004190572209256239 -0.005300195587824058 0
0.004258574465141074 -0.004653197341621265 0
0.004784890254614249 -0.005035588145833574 0
0.004852892510499083 -0.004388589899630796 0
0.005379208299972125 -0.004770980703842825 0
0.005447210555857081 -0.004123982457640328 0
0.005973526345330162 -0.004506373261852467 0
0.00604152860121499 -0.003859375015649859 0
0.006567844390688073 -0.00424176581986185 0
0.006635846646572915 -0.003594767573659316 0
0.007162162436046176 -0.003977158377871631 0
0.007230164691931032 -0.00333016013166889 0
0.007094160180161077 -0.004624156624073512 0
0.007756480481404223 -0.003712550935881214 0
0.007824482737289072 -0.003065552689678429 0
0.002661924839116045 -0.009064401702819067 0
0.002067606793758036 -0.009329009144809563 0
0.00154129100428482 -0.008946618340597252 0
0.001473288748399987 -0.009593616586800082 0
0.0009469729589267548 -0.009211225782587748 0
0.008350798526762255 -0.003447943493890756 0
0.008418800782647087 -0.002800945247687973 0
0.0008789707030419827 -0.009858224028790517 0
0.0003526549135686721 -0.009475833224578248 0
0.0002846526576839083 -0.01012283147078103 0
-0.0002416631317894428 -0.009740440666568807 0
0.002593922583231237 -0.009711399949021865 0
0.008945116572120288 -0.003183336051900285 0
0.009013118828005123 -0.002536337805697494 0
-0.0003096653876742892 -0.01038743891277157 0
-0.0008359811771475525 -0.01000504810855934 0
0.009539434617478335 -0.002918728609909813 0
0.009607436873363174 -0.002271730363706992 0
0.009471432361593497 -0.003565726856112647 0
-0.0009039834330323988 -0.01065204635476209 0
-0.001430299222505614 -0.01026965555054983 0
0.009081121083889792 -0.001889339559494688 0
0.009675439129247874 -0.001624732117504164 0
-0.001498301478390442 -0.01091665379675269 0
-0.002024617267863687 -0.01053426299254035 0
0.0102017549187212 -0.002007122921716505 0
0.01026975717460602 -0.001360124675513672 0
0.009743441385132704 -0.0009777338713013515 0
0.01033775943049083 -0.0007131264293108574 0
0.0002166504017993282 -0.01076982971698355 0
-0.002092619523748509 -0.01118126123874323 0
-0.002618935313221766 -0.01079887043453089 0
-0.002550933057336936 -0.01015187218832801 0
-0.00314525110269502 -0.01041647963031853 0
-0.003077248846810186 -0.009769481384115656 0
-0.003671566892168271 -0.01003408882610618 0
-0.003603564636283452 -0.009387090579903327 0
-0.004197882681641522 -0.009651698021893826 0
-0.00412988042575675 -0.009004699775690978 0
-0.00472419847111474 -0.009269307217681481 0
-0.004656196215229984 -0.00862230897147861 0
-0.005250514260588035 -0.008886916413469316 0
-0.005182512004703186 -0.0082399181672663 0
-0.00577683005006131 -0.008504525609257012 0
-0.005708827794176426 -0.007857527363053968 0
-0.006303145839534618 -0.008122134805044624 0
-0.006235143583649697 -0.007475136558841582 0
-0.006829461629007949 -0.007739744000832263 0
-0.006761459373123009 -0.007092745754629134 0
-0.007355777418481292 -0.007357353196619816 0
-0.007287775162596382 -0.006710354950416662 0
-0.007882093207954716 -0.006974962392407369 0
-0.00781409095206979 -0.006327964146204174 0
-0.008408408997428139 -0.006592571588194843 0
-0.008340406741543252 -0.005945573341991639 0
-0.008934724786901637 -0.006210180783982328 0
-0.008866722531016761 -0.005563182537779121 0
-0.008272404485658372 -0.005298575095788446 0
-0.008798720275131885 -0.004916184291575924 0
-0.0082044022297735 -0.004651576849585266 0
-0.008730718019247016 -0.004269186045372723 0
-0.008136399973888628 -0.004004578603382079 0
-0.008662715763362135 -0.003622187799169512 0
-0.009257033808720543 -0.003886795241160165 0
-0.009189031552835744 -0.003239796994956697 0
-0.008594713507477349 -0.002975189552966377 0
-0.00912102929695067 -0.0025927987487535 0
-0.008526711251592441 -0.002328191306763166 0
-0.009053027041065739 -0.001945800502550282 0
-0.008458708995707458 -0.001681193060559826 0
-0.008985024785180946 -0.001298802256347232 0
-0.008390706739822579 -0.001034194814356633 0
-0.008917022529296065 -0.0006518040101440749 0
-0.008322704483937845 -0.0003871965681534517 0
-0.008849020273411183 -4.805763940930043e-06 0
-0.008254702228053013 0.0002598016780496902 0
-0.008781018017526274 0.00064219248226219 0
-0.008186699972168025 0.0009067999242527649 0
-0.008713015761641355 0.001289190728465229 0
-0.008118697716283147 0.001553798170455779 0
-0.008645013505756452 0.001936188974668216 0
-0.008050695460398296 0.002200796416658737 0
-0.00857701124987157 0.00258318722087115 0
-0.007982693204513443 0.002847794662861652 0
-0.008509008993986714 0.003230185467074036 0
-0.007914690948628622 0.0034947929090645 0
-0.008441006738101862 0.003877183713276945 0
-0.00784668869274377 0.004141791155267427 0
-0.008373004482217023 0.004524181959479895 0
-0.007778686436858872 0.004788789401470437 0
-0.009443338318769165 -0.0002694132059310925 0
-0.008305002226332188 0.005171180205682866 0
-0.00771068418097402 0.005435787647673423 0
-0.009171329295229525 0.002318579778880719 0
-0.008236999970447353 0.005818178451885846 0
-0.007642681925089179 0.006082785893876406 0
-0.007116366135615867 0.005700395089664008 0
-0.007048363879731028 0.006347393335866959 0
-0.006522048090257712 0.005965002531654551 0
-0.006454045834372842 0.006612000777857521 0
-0.006980361623846197 0.006994391582069945 0
-0.006386043578487991 0.007258999024060559 0
-0.005859727789014758 0.006876608219847485 0
-0.00579172553312992 0.007523606466051075 0
-0.009715347342308903 -0.002857406190743151 0
-0.0088993202716904 0.004906572763692305 0
-0.006318041322603159 0.007905997270263646 0
-0.005723723277244854 0.008170604712254269 0
-0.005197407487771585 0.007788213908041763 0
-0.005129405231886501 0.008435212154244915 0
-0.004603089442412781 0.008052821350031922 0
-0.004535087186528028 0.008699819596235468 0
-0.005061402976001561 0.009082210400448088 0
-0.004467084930643186 0.009346817842438725 0
-0.003940769141169651 0.008964427038226164 0
-0.003872766885284802 0.009611425284429365 0
-0.003346451095811282 0.009229034480216818 0
-0.003278448839926395 0.009876032726420013 0
-0.003804764629399937 0.01025842353063254 0
-0.003210446584041533 0.01052303097262319 0
-0.002684130794568007 0.01014064016841067 0
-0.002616128538683 0.0107876384146135 0
0.009811443641017631 -0.000330735625098565 0
0.01040576168637566 -6.612818310805623e-05 0
0.01093207747584889 -0.0004485189873203572 0
0.01100007973173369 0.0001984792588824966 0
0.01047376394226044 0.0005808700630947985 0
0.01106808198761848 0.0008454775050853653 0
-0.007388375159155022 0.003112402104851408 0
0.0105417661981452 0.001227868309297672 0
0.01113608424350327 0.001492475751288248 0
-0.008476411253313065 -0.00723956983439809 0
-0.00479220072699961 -0.009916305463884565 0
-0.002686937569106617 -0.01144586868073378 0
-0.002089812749209629 0.01040524761040126 0
-0.002021810493324704 0.01105224585660428 0
-0.00314244432815534 0.01117002921882612 0
0.01152639552120696 -0.0001839115453298321 0
0.01060976845402999 0.001874866555500542 0
0.01120408649938806 0.002139473997491142 0
-0.001495494703851312 0.01066985505239193 0
-0.001427492447966299 0.01131685329859469 0
0.01067777070991476 0.002521864801703393 0
0.0112720887552729 0.002786472243694046 0
-0.007796388694464408 -0.0007695873723665058 0
-0.0009011766584930139 0.01093446249438254 0
-0.0008331744026081485 0.01158146074058558 0
0.00670384890245765 -0.002947769327456566 0
-0.002160621779633339 -0.01182825948494617 0
-0.002754939824991481 -0.01209286692693672 0
-0.0009691789143779343 0.01028746424817941 0
0.01074577296579954 0.003168863047906343 0
0.01134009101115772 0.00343347048989697 0
0.01179840454474621 0.00240408143948171 0
-0.0003068586131347935 0.01119906993637322 0
-0.0002388563572499352 0.0118460681825762 0
0.01001545040867183 0.001610259113509906 0
-0.009461040576375155 -0.005827789979769783 0
-0.00135949019208036 0.01196385154479782 0
-0.007592381926809683 0.001171407366242853 0
-0.006371148095419585 -0.008769133051247836 0
-0.006167141327764782 -0.006828138312638586 0
0.01081377522168434 0.003815861294109352 0
0.01140809326704248 0.004080468736099964 0
0.0002874594322234147 0.01146367737836383 0
0.0003554616881082476 0.0121106756245668 0
-0.002228624035518172 -0.01247525773114913 0
-0.002822942080876334 -0.01273986517313968 0
0.0008817774775815619 0.0117282848203544 0
0.000949779733466404 0.01237528306655735 0
0.000423463943993088 0.01275767387076975 0
0.001017781989351441 0.01302228131275987 0
0.004920894766383677 -0.003741591653428027 0
0.001544097778824555 0.01263989050854781 0
0.01021945717632621 0.003551253852118773 0
-0.004588193959345156 -0.007975310725275783 0
0.01088177747756868 0.004462859540312074 0
0.01147609552292721 0.00472746698230292 0
0.01200241131240067 0.004345076178090574 0
0.01207041356828547 0.004992074424293645 0
0.01154409777881199 0.005374465228506083 0
0.0008137752216967306 0.01108128657415148 0
0.001612100034710161 0.01328688875475023 0
0.0121384158241698 0.005639072670496865 0
0.01161210003469668 0.006021463474709303 0
-0.002296626291403013 -0.0131222559773521 0
-0.002890944336761194 -0.01338686341934266 0
0.00213841582418274 0.0129044979505383 0
0.005311206044087448 -0.005417978950044828 0
-0.003417260126234553 -0.01300447261513022 0
0.002206418080068172 0.01355149619674107 0
0.01220641808005453 0.006286070916700086 0
0.01168010229058143 0.006668461720912575 0
0.0004914661998781618 0.01340467211697225 0
0.01259672935775896 0.004609683620081216 0
-0.003485262382119414 -0.01365147086133325 0
-0.004011578171592833 -0.01326908005712077 0
-0.0001736608759046684 -0.009093442420366077 0
0.002732733869541406 0.01316910539252771 0
0.01227442033593927 0.006933069162903356 0
0.01174810454646622 0.007315459967115863 0
0.002800736125425951 0.01381610363873102 0
0.01108578424522287 0.006403854278921297 0
-0.002364628547287852 -0.01376925422355509 0
-0.001770310501929664 -0.01350464678156451 0
0.01234242259182442 0.007580067409106602 0
0.003327051914900473 0.01343371283451581 0
0.002664731613655861 0.01252210714632161 0
0.01181610680235109 0.007962458213319144 0
-0.004079580427477691 -0.0139160783033239 0
-0.004605896216951189 -0.01353368749911138 0
0.0033950541707843 0.01408071108072052 0
0.001558993261890108 -0.003388241566762245 0
0.003921369960258097 0.01369832027650685 0
0.003989372216142096 0.01434531852271139 0
-0.001838312757814504 -0.01415164502776754 0
-0.001243994712456268 -0.01388703758577694 0
0.01241042484770893 0.008227065655309953 0
0.01188410905823587 0.00860945645952243 0
0.002274420335955988 0.014198494442945 0
0.01280073612541267 0.006550678358693903 0
-0.004673898472836024 -0.01418068574531465 0
-0.005200214262309601 -0.01379829494110203 0
0.004515688005615068 0.01396292771849958 0
-0.001311996968341113 -0.01453403583198002 0
-0.0007176789229828007 -0.01426942838998938 0
-0.004147582683362376 -0.01456307654952746 0
-0.007610084184415226 -0.004386969407594751 0
-0.003009246590925422 -0.00912248313791285 0
0.001745297771939222 -0.007005623601988941 0
0.01128979101287764 0.008344849017531462 0
0.004583690261499647 0.01460992596470295 0
0.01247842710359434 0.008874063901513254 0
0.01195211131411879 0.009256454705724421 0
-0.005268216518194436 -0.01444529318730538 0
-0.005794532307668025 -0.0140629023830927 0
-0.005726530051783146 -0.01341590413688945 0
-0.006320848097141589 -0.01368051157888009 0
-0.006252845841256674 -0.01303351333267688 0
-0.006847163886615076 -0.01329812077466746 0
-0.006779161630730277 -0.01265112252846449 0
-0.007373479676088531 -0.01291572997045493 0
-0.007305477420203738 -0.01226873172425201 0
-0.007899795465561927 -0.0125333391662424 0
-0.00783179320967713 -0.01188634092003952 0
-0.008426111255035278 -0.01215094836202991 0
-0.008358108999150488 -0.01150395011582706 0
-0.008952427044508604 -0.01176855755781743 0
-0.00888442478862371 -0.01112155931161445 0
-0.009478742833981884 -0.01138616675360495 0
-0.0094107405780971 -0.01073916850740213 0
-0.01000505862345518 -0.01100377594939253 0
-0.009937056367570403 -0.01035677770318971 0
-0.01053137441292848 -0.01062138514518009 0
-0.01046337215704359 -0.009974386898977112 0
-0.0110576902024018 -0.01023899434096761 0
-0.01098968794651689 -0.009591996094764566 0
-0.01158400599187516 -0.009856603536755101 0
-0.01151600373599029 -0.009209605290551932 0
-0.0121103217813487 -0.009474212732542564 0
-0.01204231952546381 -0.008827214486339274 0
-0.01263663757082238 -0.009091821928329951 0
-0.01256863531493743 -0.008444823682126568 0
0.005110006050972916 0.01422753516049061 0
0.004447685749730809 0.01331592947229023 0
-0.0007856811788676659 -0.01491642663619253 0
-0.0001913631335095533 -0.01465181919420184 0
-0.001379999224226013 -0.01518103407818313 0
0.004057374472028255 0.01499231676891544 0
0.01300474289306694 0.008491673097301665 0
-0.0001233608776244339 -0.01400482094799862 0
0.0004029549118487691 -0.01438721175221093 0
0.000470957167733988 -0.0137402135060078 0
0.0009972729572075008 -0.01412260431022017 0
0.001065275213092485 -0.0134756060640171 0
0.00159159100256604 -0.01385799686822961 0
0.001523588746680966 -0.01450499511443249 0
0.0021179067920395 -0.01424038767244187 0
0.002185909047924321 -0.01359338942623885 0
0.002712224837397818 -0.01397578023045122 0
0.002780227093282633 -0.0133287819842483 0
0.003306542882756028 -0.01371117278846058 0
0.00337454513864072 -0.01306417454225773 0
0.003900860928114063 -0.01344656534646986 0
0.00396886318399871 -0.01279956710026712 0
0.004495178973471952 -0.01318195790447931 0
0.004563181229356653 -0.01253495965827656 0
0.005089497018829885 -0.01291735046248882 0
0.00515749927471457 -0.012270352216286 0
0.005683815064187817 -0.01265274302049827 0
0.005751817320072487 -0.01200574477429539 0
0.006278133109545763 -0.01238813557850764 0
0.006346135365430433 -0.01174113733230475 0
0.006872451154903769 -0.01212352813651704 0
0.006940453410788451 -0.01147652989031409 0
0.0074667692002618 -0.01185892069452638 0
0.007534771456146537 -0.01121192244832343 0
0.007008455666673141 -0.01082953164411113 0
0.00760277371203126 -0.01056492420212046 0
0.008129089501504668 -0.01094731500633276 0
0.008197091757389412 -0.01030031676012974 0
0.008723407546862887 -0.01068270756434209 0
0.00879140980274765 -0.01003570931813897 0
0.00931772559222121 -0.01041810012235142 0
0.009385727848105966 -0.009771101876148184 0
0.008265094013274132 -0.009653318513926824 0
0.009912043637579599 -0.01015349268036068 0
0.009980045893464367 -0.009506494434157391 0
0.01050636168293803 -0.009888885238369907 0
0.01057436393882277 -0.009241886992166576 0
0.01004804814934913 -0.0088594961879541 0
0.01064236619470752 -0.008594888745963297 0
0.01116868198418114 -0.00897727955017575 0
0.01123668424006585 -0.008330281303972526 0
0.0101160504052339 -0.00821249794175084 0
0.004427176717587326 -0.01382895615068193 0
0.01176300002953946 -0.008712672108184938 0
0.01183100228542416 -0.008065673861981749 0
0.006210130853661202 -0.01303513382471065 0
0.01235731807489776 -0.00844806466619415 0
0.0124253203307825 -0.007801066419990935 0
0.01189900454130889 -0.007418675615778548 0
0.01249332258666721 -0.007154068173787761 0
0.009249723336336354 -0.01106509836855451 0
0.01196700679719362 -0.006771677369575367 0
0.01256132484255191 -0.006507069927584601 0
0.01228931581901305 -0.009095062912397311 0
0.002644222581512934 -0.0146227784766539 0
0.0130876406320255 -0.006889460731796984 0
0.01315564288791018 -0.006242462485593844 0
0.01262932709843663 -0.005860071681381399 0
0.01322364514379491 -0.005595464239390717 0
0.01269732935432137 -0.005213073435178192 0
0.01329164739967969 -0.004948465993187491 0
0.01276533161020611 -0.004566075188974995 0
0.01335964965556446 -0.004301467746984192 0
0.01388596544503809 -0.004683858551196664 0
0.01395396770092289 -0.004036860304993528 0
0.01342765191144856 -0.003654469500781705 0
0.01402196995680762 -0.003389862058790401 0
0.01368195867738378 -0.006624853289806297 0
0.005225501530599232 -0.0116233539700832 0
0.0145482857462813 -0.003772252863002813 0
0.01461628800216613 -0.003125254616799263 0
0.01408997221269247 -0.002742863812586881 0
0.0146842902580509 -0.002478256370595767 0
0.01415797446857713 -0.002095865566383183 0
0.01475229251393561 -0.001831258124392241 0
0.0142259767244619 -0.001448867320179705 0
0.01482029476982036 -0.001184259878188822 0
0.01429397898034702 -0.0008018690739763712 0
0.01488829702570527 -0.0005372616319853766 0
0.01436198123623189 -0.000154870827773111 0
0.01495629928158996 0.0001097366142179278 0
0.01541461281517903 -0.0009196524361977329 0
0.01442998349211634 0.0004921274184300629 0
0.01502430153747443 0.0007567348604208316 0
0.01449798574800099 0.001139125664633074 0
0.01509230379335909 0.001403733106623773 0
0.01288363386437135 -0.008830455470406534 0
-0.01197431726957892 -0.008180216240136002 0
-0.01250063305905245 -0.007797825435923209 0
-0.01309495110441102 -0.008062432877913797 0
-0.01302694884852601 -0.007415434631710408 0
-0.01243263080316738 -0.007150827189720118 0
-0.01295894659264112 -0.006768436385507102 0
-0.01355326463799959 -0.007033043827497636 0
-0.01348526238211449 -0.006386045581294327 0
-0.01289094433675613 -0.00612143813930378 0
-0.0134172601262294 -0.005739047335091075 0
-0.01282294208087098 -0.005474439893100584 0
-0.01334925787034432 -0.005092049088887903 0
-0.01275493982498591 -0.004827441646897448 0
-0.01328125561445926 -0.00444505084268478 0
-0.01387557365981766 -0.004709658284675218 0
-0.0138075714039326 -0.004062660038472088 0
-0.01321325335857419 -0.003798052596481637 0
-0.01373956914804758 -0.003415661792268895 0
-0.01314525110268905 -0.003151054350278426 0
-0.01367156689216252 -0.002768663546065624 0
-0.01307724884680387 -0.002504056104075148 0
-0.01360356463627738 -0.002121665299862308 0
-0.01419788268163605 -0.002386272741852811 0
-0.01412988042575097 -0.001739274495649469 0
-0.01353556238039229 -0.001474667053658929 0
-0.01406187816986592 -0.001092276249446073 0
-0.01346756012450721 -0.0008276688074554816 0
-0.01399387591398085 -0.0004452780032426138 0
-0.01339955786862214 -0.0001806705612520041 0
-0.01392587365809567 0.0002017202429608426 0
-0.01333155561273707 0.0004663276849514675 0
-0.01385787140221057 0.0008487184891642927 0
-0.01326355335685202 0.001113325931154926 0
-0.01378986914632547 0.001495716735367707 0
-0.01319555110096695 0.001760324177358315 0
-0.01372186689044055 0.002142714981571106 0
-0.01312754884508198 0.002407322423561701 0
-0.01365386463455542 0.002789713227774565 0
-0.01305954658919657 0.003054320669764983 0
-0.01358586237867028 0.003436711473977866 0
-0.01299154433331149 0.003701318915968232 0
-0.01351786012278541 0.00408370972018097 0
-0.0129235420774269 0.004348317162171426 0
-0.01344985786690024 0.004730707966384166 0
-0.01285553982154195 0.004995315408374525 0
-0.01338185561101525 0.005377706212587131 0
-0.01278753756565744 0.005642313654577576 0
-0.0145201917034541 -6.288719902976176e-05 0
-0.01331385335513028 0.006024704458790086 0
-0.01271953530977286 0.006289311900780073 0
-0.01324585109924549 0.006671702704993279 0
-0.01265153305388747 0.006936310146982928 0
-0.0143161849357988 0.001878107539580639 0
-0.01317784884336069 0.007318700951196423 0
-0.01258353079800225 0.007583308393186485 0
-0.01205721500853 0.007200917588972189 0
-0.01198921275264413 0.007847915835176633 0
-0.01251552854211736 0.008230306639389624 0
-0.01192121049675869 0.008494914081379978 0
-0.01139489470728557 0.008112523277167064 0
-0.01132689245140013 0.008759521523370442 0
-0.01185320824087354 0.009141912327583181 0
-0.01125889019551497 0.009406519769573645 0
-0.01073257440604157 0.009024128965360936 0
-0.01066457215015646 0.009671127211564075 0
-0.01013825636068311 0.009288736407351356 0
-0.01007025410479801 0.009935734653554483 0
-0.01059656989427133 0.0103181254577672 0
-0.01000225184891286 0.0105827328997575 0
-0.009475936059439609 0.0102003420955449 0
-0.009407933803554399 0.01084734034174783 0
-0.008881618014081247 0.01046494953753525 0
-0.008813615758196072 0.01111194778373822 0
-0.01472419847110958 -0.002003881937640055 0
-0.0141121781681436 0.003819102278191287 0
-0.008287299968722945 0.0107295569795256 0
-0.008219297712837855 0.01137655522572855 0
-0.008745613502310953 0.01175894602994114 0
-0.008151295456952744 0.01202355347193145 0
-0.007624979667479645 0.01164116266771884 0
-0.00755697741159453 0.01228816091392173 0
-0.007030661622121425 0.01190577010970912 0
-0.006962659366236285 0.012552768355912 0
-0.0126692353114932 0.001377933373145412 0
-0.01239722628795355 0.003965926357958814 0
-0.01440188944929104 -0.004327267480462539 0
-0.007488975155709421 0.01293515916012463 0
-0.00689465711035115 0.01319976660211492 0
-0.006368341320877957 0.01281737579790227 0
-0.006300339064992814 0.0134643740441053 0
-0.00577402327551949 0.01308198323989256 0
-0.005706021019634394 0.01372898148609572 0
-0.005179705230160935 0.01334659068188292 0
-0.005111702974275822 0.0139935889280863 0
-0.004585387184802324 0.01361119812387338 0
-0.004517384928917144 0.01425819637007677 0
-0.005043700718390715 0.01464058717428973 0
-0.004449382673031973 0.01490519461628027 0
-0.003923066883558332 0.01452280381206732 0
-0.003855064627673174 0.01516980205827088 0
-0.003328748838199462 0.01478741125405791 0
-0.0138401691446036 0.006407095263003013 0
-0.0128732420791485 -0.0005630613654648274 0
0.01456598800388584 0.001786123910835714 0
0.01516030604924381 0.00205073135282667 0
0.005178008306857686 0.01487453340669365 0
0.005704324096330999 0.01449214260248126 0
0.01307274514895277 0.009138671343504223 0
-0.01052856763838609 0.01096512370397012 0
-0.003260746582314288 0.01543440950026147 0
-0.002734430792840574 0.01505201869604854 0
0.01281563160848662 -0.009477453716609718 0
0.0156186195828325 0.001021342302411517 0
-0.007420972899824321 0.01358215740632755 0
-0.0002593653893941147 -0.01529881744040514 0
-0.004975698462505616 0.01528758542049314 0
-0.01112569245828688 -0.01088599258717056 0
-0.007441481931973776 -0.01356272821665797 0
-0.00586253456355301 -0.01470990062929596 0
-0.009546745089866778 -0.0120331649998079 0
0.01521060604752454 -0.0028606471748083 0
-0.01407958042747308 -0.00665065302328488 0
-0.01270463982670747 -0.009738820174533293 0
-0.002666428536955345 0.01569901694225196 0
-0.002140112747481672 0.01531662613803918 0
-0.008816422532738946 -0.01047456106541197 0
-0.008355302224608039 0.01008255873332261 0
0.002848229349167477 -0.01268178373804529 0
-0.00723747516431845 -0.01162173347804967 0
0.01217101356484783 -0.004830682630965885 0
0.01463399025977057 0.002433122157038612 0
0.01522830830512852 0.002697729599029609 0
0.005772326352215245 0.01513914084868342 0
0.006298642141689089 0.01475675004446851 0
0.01359906093842606 0.008756280539292503 0
0.01340994965384492 -0.009212846274618953 0
-0.01222862403551253 -0.005209832451110101 0
-0.003396751094084612 0.01414041300785433 0
0.005636321840445789 0.01384514435627714 0
0.01356365642321833 -0.002360473008375586 0
-0.004537893961066238 -0.01288668925290833 0
-0.00467109169829813 0.007405823103828505 0
-0.002157815005094498 0.009758249364198149 0
-0.0109216856906315 -0.008944997848561847 0
-0.003414453351696155 0.008582036234013652 0
-0.01178520598498839 0.009788910573786398 0
0.000828670704762398 -0.004946845501158579 0
-0.01253323079972301 0.002671929865551976 0
-0.01397617365637338 0.005113098770597024 0
-0.007252370647385535 0.004406398597257434 0
0.009982852667994022 0.01208001441497127 0
-0.007932393206234215 -0.002063583864772858 0
-0.009307333806999458 0.001024583286475679 0
-0.008494113510920394 -0.01279794660823287 0
-0.01323095561618102 -0.009356429370320662 0
0.00373225867566771 -0.004270806537408864 0
0.007892484993173811 -0.002418554443475612 0
0.003460249652128546 -0.006858799522220177 0
0.001405286492515462 -0.01024061483300266 0
0.006416944395848904 0.01049236976302997 0
-0.009579342830538812 -0.001563409698337525 0
0.0006423661947132953 -0.001329463465931975 0
-0.005570016507864291 0.01502297797850261 0
-0.002208115003366843 0.01466962789183563 0
0.002035009053083845 0.001140746156657055 0
0.002629327098441827 0.001405353598647487 0
0.002561324842556968 0.0007583553524447447 0
0.00315564288791495 0.001022962794435181 0
0.003087640632030094 0.0003759645482324362 0
0.003681958677388077 0.0006405719902228742 0
0.003613956421503223 -6.426255979872797e-06 0
0.004208274466861207 0.0002581811860105661 0
0.00427627672274606 0.0009051794322133121 0
0.004802592512219187 0.0005227886280010063 0
0.00487059476810404 0.001169786874203744 0
0.005396910557577161 0.0007873960699914426 0
0.005464912813462015 0.001434394316194179 0
0.005991228602935137 0.001052003511981873 0
0.006059230858819988 0.001699001758184617 0
0.004734590256334329 -0.0001242096182017372 0
0.006585546648293116 0.001316610953972309 0
0.006653548904177966 0.001963609200175053 0
0.006517544392408258 0.0006696127077695645 0
0.007111862437766247 0.0009342201497600006 0
0.00612723311470484 0.002346000004387363 0
0.006721551160062819 0.002610607446377802 0
0.007043860181881385 0.0002872219035572474 0
0.006195235370589611 0.002992998250590102 0
0.006789553415947653 0.003257605692580553 0
0.0073158692054208 0.002875214888368245 0
0.007383871461305645 0.003522213134570993 0
0.004938597023988838 0.001816785120406488 0
0.006857555671832512 0.003904603938783303 0
0.007451873717190492 0.004169211380773747 0
0.01223901582073107 -0.004183684384763636 0
0.003019638376145236 -0.0002710336979703107 0
0.003545954165618368 -0.0006534245021826237 0
-0.0002062586165783605 0.001376312881100858 0
-0.0001382563606934737 0.002023311127303616 0
-0.000732574406051499 0.001758703685313201 0
-0.0006645721501666159 0.002405701931515976 0
-0.001258890195524654 0.00214109448952555 0
-0.001190887939639758 0.00278809273572837 0
-0.001785205984997829 0.002523485293737924 0
-0.001717203729112926 0.003170483539940766 0
-0.002311521774470966 0.002905876097950385 0
-0.00237952403035581 0.002258877851747811 0
-0.002243519518586108 0.003552874344153167 0
-0.001649201473228009 0.003817481786143623 0
-0.002837837563944115 0.003288266902163037 0
-0.002175517262701228 0.004199872590356009 0
-0.001581199217343092 0.004464480032346488 0
-0.002107515006816336 0.004846870836558897 0
-0.001513196961458175 0.005111478278549378 0
-0.002039512750931413 0.005493869082761815 0
-0.001445194705573257 0.005758476524752283 0
-0.002633830796289599 0.005229261640771322 0
-0.0009188789161000254 0.005376085720539849 0
-0.0008508766602150978 0.006023083966742751 0
-0.001377192449688339 0.006405474770955193 0
-0.0007828744043301726 0.006670082212945645 0
-0.0002565586148569509 0.006287691408733207 0
-0.0001885563589720188 0.006934689654936082 0
0.0003377594305011283 0.006552298850723753 0
0.0004057616863861511 0.007199297096927014 0
0.0009320774758592301 0.00681690629271429 0
0.001000079731744373 0.007463904538917262 0
-0.0001205541030867547 0.00758168790114155 0
-0.001309190193803283 0.007052473017159071 0
0.006008930860540026 0.006610380285815287 0
0.003188240628589243 -0.009446792507031364 0
-0.002565828540404671 0.005876259886974273 0
-0.003160146585762871 0.005611652444983779 0
0.007076457922557849 -0.01018253339790817 0
-0.0102062586165682 0.008641738161148233 0
-0.01226122177618465 0.005259922850364426 0
-0.008015290945182583 0.01331754996433723 0
0.007333571463024952 0.008433591662200965 0
0.007927889508382663 0.008698199104191316 0
0.007859887252497873 0.008051200857988791 0
0.008454205297855675 0.008315808299979199 0
0.008386203041970875 0.007668810053776566 0
-0.0005965698942817088 0.003052700177718742 0
0.00442998349212133 0.007757552698451785 0
0.004497985748006048 0.008404550944654303 0
0.003903667702648391 0.008139943502663958 0
0.003971669958533091 0.008786941748866527 0
-0.004993400720116684 0.009729208646651276 0
0.01079607296407927 -0.001742515479726 0
0.007398766944377119 -0.01250591894072935 0
-0.001634305990160024 -0.01221065028915856 0
0.01575462409460187 0.002315338794817393 0
0.008282796270877413 -0.004094941740093566 0
-0.01414758268335819 -0.007297651269488278 0
0.004036865439883076 -0.01215256885406458 0
0.002951636120260394 -0.0009180319441730387 0
0.003477951909733516 -0.001300422748385379 0
0.01043835942705318 -0.01053588348457308 0
-0.005842025531404873 0.01243498499368955 0
0.01166240003297656 0.001110084947075865 0
-0.006184843585371561 -0.01238651508647429 0
-0.008168997714562518 0.006465176698088848 0
-0.003787062371787968 0.01581680030447438 0
-0.001276592453130546 -0.003417282284309007 0
-0.001802908242603748 -0.003034891480096614 0
-0.001870910498488646 -0.003681889726299484 0
-0.002397226287961875 -0.003299498922087072 0
-0.002465228543846772 -0.003946497168289964 0
-0.002991544333320017 -0.003564106364077542 0
-0.002923542077435116 -0.002917108117874633 0
-0.003517860122793279 -0.003181715559865116 0
-0.003449857866908376 -0.002534717313662175 0
-0.003059546589204909 -0.004211104610280449 0
-0.002533230799731661 -0.004593495414492864 0
-0.004044175912266561 -0.002799324755652679 0
-0.003976173656381652 -0.002152326509449715 0
-0.003127548845089795 -0.004858102856483354 0
-0.00260123305561655 -0.005240493660695761 0
-0.004570491701739853 -0.002416933951440217 0
-0.004502489445854938 -0.001769935705237253 0
-0.003908171400496743 -0.001505328263246755 0
-0.00443448718997002 -0.001122937459034299 0
-0.004638493957624762 -0.0030639321976432 0
-0.003840169144611841 -0.0008583300170438041 0
-0.004366484934085105 -0.0004759392128313561 0
-0.005028805235328219 -0.001387544901024781 0
-0.005164809747098079 -0.002681541393430722 0
-0.003195551100974682 -0.005505101102686255 0
-0.002669235311501439 -0.00588749190689866 0
-0.00372186689044793 -0.005122710298473842 0
-0.00207491726614331 -0.005622884464908169 0
-0.002142919522028198 -0.006269882711111063 0
-0.001548601476670074 -0.006005275269120577 0
-0.001616603732554959 -0.006652273515323467 0
-0.001022285687196836 -0.006387666073332983 0
-0.001734905986718845 -0.002387893233893739 0
-0.00876331575992074 0.006200569256098272 0
0.006484946651733766 0.01113936800923237 0
0.005890628606376038 0.01087476056724213 0
0.0002697571746161722 0.005905300604520745 0
-0.01237952403034699 0.009524303131795921 0
-0.01231152177446188 0.01017130137799919 0
-0.01290583981982047 0.009906693936008718 0
-0.01216062177962749 -0.004562834204906963 0
-0.007423779674366194 -0.008004351442822962 0
0.008403905299576254 0.01322718682760719 0
-0.00533621877407927 -0.01509229143350876 0
-0.005930536819438008 -0.01535689887549942 0
-0.005404221029964133 -0.01573928967971226 0
0.01470199251565527 0.003080120403241545 0
0.01529631056101326 0.00334472784523259 0
0.01476999477153996 0.003727118649444566 0
0.01536431281689795 0.003991726091435709 0
0.01483799702742445 0.004374116895648089 0
-0.009035324783460023 0.003612576271286403 0
-0.009869054111685021 -0.009709779456987287 0
-0.003772166888726928 -0.0002113317708408821 0
-0.004298482678200183 0.0001710590333715663 0
-0.004892800723558361 -9.354840861890704e-05 0
-0.004824798467673447 0.0005534498375840207 0
0.0105771707133515 0.01234462185696154 0
0.005246010562742386 0.01552153165289667 0
-0.005232812002982989 -0.003328539639633732 0
-0.01255093305733043 -0.002886446908287955 0
-0.007098663878006541 0.01125877186350624 0
-0.009529042832260031 -0.006474788225973008 0
-0.005587718765475024 0.009464601204660654 0
0.003377351913175265 0.008522334306876178 0
0.003445354169060101 0.009169332553078809 0
0.003309349657291045 0.007875336060673454 0
-0.00161379695800804 0.01493423533382623 0
-0.001545794702122908 0.0155812335800297 0
-0.001019478912649705 0.01519884277581699 0
-0.0009514766567642198 0.0158458410220202 0
-0.0004251608672916015 0.01546345021780694 0
0.002851036123702204 0.008904725111088417 0
0.002919038379587058 0.009551723357291075 0
0.002324720334229112 0.009287115915300681 0
0.003513356424944979 0.009816330799281462 0
0.01050916845746673 0.01169762361075927 0
0.01110348650282431 0.01196223105274958 0
0.01366706319431141 0.009403278785495045 0
0.01314074740483779 0.009785669589707469 0
0.01334194739796019 -0.009859844520822121 0
0.01274762935260185 -0.01012445196281299 0
-0.007947288689297506 0.01396454821054016 0
-0.00854160673465577 0.01369994076854983 0
-0.0055020142519792 0.01566997622470593 0
-0.006096332297337715 0.01540536878271547 0
-0.01329895787206618 -0.0100034276165241 0
-0.01382527366153965 -0.009621036812311388 0
-0.01283783756393534 0.01055369218221203 0
-0.0134321556092939 0.01028908474022145 0
-0.01350015786517892 0.00964208649401831 0
-0.0003571586114056925 0.01611044846401053 0
0.0001691571780672221 0.01572805765979711 0
0.01543231507278279 0.004638724337638869 0
0.0149059992833091 0.005021115141851323 0
-0.01467389847283184 -0.006915260465275444 0
0.01327394514207553 -0.01050684276702545 0
0.01267962709671707 -0.01077145020901638 0
-0.001477792446237605 0.01622823182623306 0
0.002987040635471938 0.01019872160349374 0
0.003581358680829826 0.01046332904548406 0
0.00595863086226093 0.0115217588134446 0
0.01410767447029673 0.002815512961250184 0
0.007809587254218668 0.01296257938561703 0
0.008980521087328582 0.007933417495767019 0
0.009048523343212978 0.008580415741969541 0
0.008912518831443915 0.007286419249564313 0
0.008318200786086059 0.00702181180757396 0
0.008844516575559097 0.006639421003361603 0
-0.00168179921389334 0.01428723708762321 0
-0.008695313504035879 0.006847567502301324 0
-0.009289631549394151 0.006582960060310726 0
-0.01005535862173351 -0.006092397421760567 0
-0.005419116513031626 0.0002888423955935405 0
-0.005351114257146711 0.0009358406417964698 0
-0.004756796211788541 0.001200448083786945 0
-0.005283112001261797 0.001582838887999392 0
0.009217125595659244 -0.0005953430670891061 0
0.007910187250778798 0.003139822330358694 0
-0.00575912779245633 -0.002946148835421237 0
0.002443022588392981 0.00502273563387321 0
-0.003739569148053037 -0.01068108707230928 0
-0.003789869146332814 -0.00576970854467675 0
-0.004316184935806067 -0.005387317740464345 0
-0.003245851099253677 -0.0005937225750533157 0
-0.002210921777913081 -0.006916880957313952 0
-0.001684605988439844 -0.007299271761526354 0
-0.004688793955903609 0.001847446329989857 0
-0.005215109745376875 0.002229837134202297 0
0.01006575040695156 -0.003301119414122167 0
0.009997748151066722 -0.003948117660325025 0
-0.003177848843368767 5.327567114958924e-05 0
0.0005389594236189103 -0.01309321525980457 0
0.008250198530201223 0.006374813561371252 0
0.008776514319674222 0.00599242275715886 0
-0.004653389440687499 0.01296419987767005 0
-0.01012336087761841 -0.0067393956679637 0
0.01397166995852851 0.00152151646884402 0
0.0138356654467579 0.0002275199764376763 0
0.01369966093498779 -0.001066476515967932 0
0.00584032860810008 0.01578613909488643 0
0.005314012818627163 0.01616852989909993 0
0.01373506545019638 0.01005027703169827 0
0.01320874966072133 0.01043266783590997 0
0.01419337898378529 0.009020887981282359 0
0.01412537672789964 0.008373889735080194 0
0.0002371594339528969 0.0163750559060009 0
0.0007634752234262239 0.01599266510178811 0
0.0155003173286675 0.00528572258384211 0
0.01497400153919384 0.0056681133880546 0
0.01589062860637213 0.003609335287223583 0
-0.0147419007287169 -0.007562258711478916 0
0.01393626544331845 -0.009595237078831332 0
0.01400426769920314 -0.008948238832628271 0
0.003120238372704435 -0.01009379075323416 0
0.003714556418062448 -0.009829183311243656 0
0.004021969956812078 0.003875563221236434 0
0.005940928604655199 0.005963382039612716 0
0.002883633864375545 -0.001565030190375737 0
0.003409949653848663 -0.001947420994588135 0
0.004004267699206661 -0.001682813552597702 0
0.01103548424693959 0.01131523280654725 0
0.01044116620158195 0.01105062536455693 0
-0.01336415335340888 0.01093608298642478 0
-0.01276983530805014 0.01120069042841544 0
-0.005998539075322892 -0.0160038971217031 0
-0.006524854864796897 -0.01562150631749017 0
-0.005472223285848994 -0.01638628792591583 0
-0.00487790524049036 -0.01612168048392499 0
-0.01389327591742464 -0.01026803505851487 0
-0.01336696012795148 -0.01065042586272737 0
-0.01402647365465227 0.01002447729823091 0
-0.01409447591053725 0.00937747905202798 0
-0.01163430599015379 -0.00494522500912008 0
-0.01156630373426898 -0.004298226762916572 0
-0.003092144329877953 0.006258650691186752 0
-0.003686462375236167 0.005994043249196256 0
-0.003754464631121078 0.005347045002993271 0
-0.004280780420594384 0.005729435807205743 0
-0.004348782676479248 0.005082437561003055 0
0.007877589510103604 0.01360957763181939 0
0.00952173235987553 -0.008477105383741655 0
0.009589734615760329 -0.007830107137538431 0
0.008995416570402034 -0.008094714579529134 0
0.0090634188262868 -0.007447716333326016 0
0.008469100780928593 -0.007712323775316697 0
0.009657736871645091 -0.007183108891335233 0
0.008537103036813322 -0.007065325529113655 0
0.007942784991455168 -0.007329932971104311 0
0.008010787247339897 -0.006682934724901309 0
0.007416469201981761 -0.006947542166891972 0
0.007348466946097146 -0.007594540413095161 0
0.006822151156623655 -0.007212149608882668 0
0.006754148900739032 -0.007859147855085838 0
0.006227833111265549 -0.007476757050873325 0
0.00615983085538081 -0.008123755297076245 0
0.008605105292698041 -0.006418327282910635 0
0.005633515065907453 -0.007741364492863921 0
0.005565512810022711 -0.008388362739066806 0
-0.01248293080144524 -0.002239448662084691 0
-0.01195661501197177 -0.002621839466297511 0
-0.01188861275608662 -0.001974841220094262 0
0.001848704543035042 0.00475812819188283 0
-0.01479220072699463 -0.002650880183843319 0
-0.01531851651646806 -0.002268489379630603 0
-0.0153865187723531 -0.002915487625833752 0
-0.01591283456182649 -0.002533096821621108 0
-0.01584483230594144 -0.001886098575418002 0
-0.01598083681771158 -0.003180095067824307 0
-0.01643915035129983 -0.00215070601740851 0
-0.01637114809541476 -0.001503707771205414 0
0.001133277468977265 -0.01282860781781389 0
0.007638178227239383 0.0005518293455476881 0
0.007570175971354523 -9.516890065506998e-05 0
0.006975857925996522 -0.0003597763426455108 0
0.004616288002169952 0.00414017066322683 0
0.001408093267054859 0.01134589401614203 0
-0.007219772906711493 -0.006063356704213557 0
0.003223645143799745 0.001669961040637952 0
-0.001362296966620861 -0.00962265730434704 0
-0.009611940571209772 0.00890634560313865 0
0.006482139877199746 -0.01044714083989884 0
0.007842184994893947 0.002492824084155933 0
0.009285127851544261 5.165517911370671e-05 0
-0.004620791700018693 0.002494444576192761 0
-0.005147107489491964 0.0028768353804052 0
-0.0117023082460387 -0.005592223255324385 0
-0.001326892451409451 0.001494096243322857 0
0.008436503040251961 0.002757431526146381 0
0.00836850078436709 0.002110433279943648 0
0.001014975214811618 -0.008564227536384927 0
-0.01446989170517608 -0.004974265726665708 0
-0.01499620749464952 -0.004591874922452959 0
0.008504505296136815 0.00340442977234917 0
-0.00243263080317267 -0.01441625246975823 0
0.007993084989735166 -0.01224131149873868 0
0.007925082733850463 -0.01288830974494163 0
0.008519400779208533 -0.01262370230295098 0
0.008451398523323835 -0.01327070054915399 0
0.009045716568681946 -0.01300609310716327 0
0.007857080477965867 -0.01353530799114473 0
0.008977714312797241 -0.01365309135336635 0
0.009572032358155418 -0.01338848391137559 0
0.005364312816903191 0.01125715137145433 0
0.0052963105610183 0.01061015312525186 0
-0.00438418719169089 -0.006034315986667255 0
-0.004910502981164177 -0.005651925182454869 0
-0.003857871402217697 -0.006416706790879662 0
-0.009987356365848717 -0.005445399175556799 0
-0.004162478166430316 0.001465055525777384 0
-0.01506420975053455 -0.005238873168656179 0
-0.01559052554000805 -0.004856482364443433 0
0.01252872710187414 0.003962685373878129 0
-0.005827130048341241 -0.00359314708162427 0
-0.007542081928530399 -0.003739971161391837 0
0.009640034614040158 -0.01274148566517246 0
0.01016635040351376 -0.01312387646938486 0
-0.004552789444133814 0.00314144282239567 0
-0.005079105233607065 0.003523833626608111 0
-0.005809427790734953 0.001965229692212047 0
0.0102343526593985 -0.01247687822318157 0
-0.005519716509590135 0.01011159945086379 0
-0.006114034554948412 0.009846992008873675 0
0.001526395521217367 0.007081513734704601 0
0.00950683687680173 0.007551026691555628 0
-0.0001028518454802541 0.01314006467498208 0
0.006890153412508375 -0.006565151362679685 0
0.01162980229229723 0.01157984024853764 0
0.0006954729675406326 0.01534566685558435 0
0.0012897910128995 0.01561027429757537 0
0.001357793268784738 0.01625727254377854 0
0.001884109058257942 0.01587488173956583 0
0.001952111314143124 0.01652187998576882 0
0.00247842710361627 0.01613948918155617 0
0.0143796834938354 0.005403505946063776 0
0.01444768574972009 0.006050504192267129 0
0.0150420037950786 0.006315111634258012 0
-0.01564916910820048 -0.005490599482107244 0
0.01076149044161927 -0.01286111525333177 0
0.01082880770354806 -0.01221257848551376 0
0.01135596831890088 -0.01259686679971774 0
-0.0169654661407732 -0.001768315213195946 0
-0.0168974638848882 -0.001121316966992653 0
-0.0163031458395296 -0.0008567095250020153 0
-0.01682946162900326 -0.0004743187207891252 0
-0.01623514358364437 -0.000209711278798402 0
-0.0167614593731182 0.0001726795254145655 0
-0.01616714132775924 0.000437286967405311 0
-0.01669345711723313 0.0008196777716183024 0
-0.01609913907187415 0.001084285213609089 0
-0.01662545486134805 0.001466676017822062 0
-0.01603113681598908 0.001731283459812861 0
-0.01655745260546295 0.002113674264025811 0
-0.01596313456010403 0.002378281706016548 0
-0.01648945034957783 0.002760672510229494 0
-0.01589513230421897 0.003025279952220175 0
-0.0164214480936927 0.003407670756433101 0
-0.01582713004833391 0.00367227819842373 0
-0.01722807806183334 0.001221688116976708 0
-0.0173389759011213 -9.369382720918028e-05 0
-0.008473604478770701 0.01434693901475278 0
-0.007879286433412441 0.01461154645674308 0
-0.009067922524128975 0.01408233157276246 0
-0.009135924780014074 0.01343533332655945 0
-0.006050195028560153 0.01605466513166771 0
-0.005437656160612012 0.01631735748803405 0
-0.006634871273232925 0.01579408689920604 0
0.01320594288619086 -0.01115384101322893 0
-0.01525894130831641 -0.007200700369729411 0
-0.006592857120681798 -0.01626850456369406 0
-0.000289156355520344 0.01675744671021381 0
0.0160266331181412 0.004903331779629646 0
-0.01633698418504129 0.004052938813211426 0
-0.01575638418365448 0.004318988079723005 0
-0.01441959170689851 -0.009885644254302156 0
-0.01626578105222938 0.004699600633693273 0
-0.01568739118014927 0.00496588219415542 0
0.01471969477325878 0.008638497177070679 0
0.002544266592511298 0.01679134508195227 0
0.003072384687809496 0.01640490623257863 0
-0.01703346839665816 -0.002415313459399062 0
-0.00966224056948733 0.01381772413077209 0
-0.009730242825372444 0.01317072588456904 0
0.0145305834886766 -0.00933062963684062 0
0.0145985857445613 -0.00868363139063762 0
0.01446258123279194 -0.009977627883043617 0
0.01478769702914411 0.009285495423273293 0
-0.01025655861484576 0.01355311668878174 0
-0.01032456087073073 0.01290611844257858 0
-0.004946890847684446 -0.01677003219709194 0
-0.004351753342901589 -0.01650429686596488 0
0.009504030102270642 -0.01403548215757866 0
0.008909712056912537 -0.01430008959956936 0
-0.008405602222885564 0.01499393726095569 0
0.003055042891356809 0.01084571984969641 0
0.003649360936714707 0.01111032729168673 0
0.005432315072788104 0.01190414961765685 0
0.006026633118145818 0.01216875705964706 0
0.00134009101116948 0.01069889576993353 0
0.0007457729658116152 0.01043428832794378 0
-0.009221629293509035 0.007229958306514328 0
-0.008627311248150034 0.007494565748505315 0
-0.009815947338867061 0.006965350864524321 0
-0.009883949594752348 0.006318352618320312 0
-0.004875098465952602 0.005464828365215225 0
0.009370832365032226 0.006257030199149279 0
0.009302830109147354 0.005610031952946489 0
0.007283271464745918 0.01334497018982917 0
0.005039197020549398 -0.008005971934854521 0
0.005107199276434128 -0.007358973688651641 0
0.004971194764664653 -0.008652970181057405 0
0.006686146644854206 -0.008506146101289256 0
0.00549751055413788 -0.009035360985269672 0
-0.005945432302504898 0.0006712331998059934 0
-0.006013434558389813 2.42349536030327e-05 0
0.003936265443321809 -0.00232981179880047 0
0.004530583488679811 -0.002065204356810019 0
0.0033419473979638 -0.002594419240790922 0
0.01407226995508786 -0.008301240586425184 0
0.01466658800044603 -0.008036633144434624 0
0.001916706798919814 0.005405126438085734 0
-0.01041026538422618 0.006700743422533695 0
-0.01047826764011072 0.006053745176329747 0
0.01137268875183533 -0.007036284811566124 0
0.01144069100772006 -0.006389286565362974 0
0.01059206619642471 -0.003683510218334548 0
0.01052406394053985 -0.004330508464537419 0
0.009929745895182026 -0.004595115906527671 0
0.003646554162177643 -0.01047618155744646 0
0.004240872207535661 -0.01021157411545595 0
0.003052236116819625 -0.01074078899943698 0
0.004548285746285123 0.003493172417024188 0
0.006925557927717198 0.004551602184986004 0
0.006331239882359294 0.004286994742995568 0
0.007502173715469658 -0.0007421671468578221 0
0.006907855670111656 -0.001006774588848261 0
-0.005673423278965221 0.003259226184617635 0
-0.005605421023080356 0.003906224430820961 0
0.001118381985907391 0.003199524257487061 0
0.002425320330787266 -0.0005356411399607126 0
0.00638153988063852 -0.0006243837846359487 0
0.00631353762475366 -0.001271382030838712 0
-0.003822466887005935 0.004700046756790642 0
-0.0009542834313119503 -0.005740667827130091 0
-0.0004279676418387127 -0.006123058631342501 0
-0.0004959698977236027 -0.006770056877545389 0
9.834814763451635e-05 -0.006505449435554913 0
-0.004248182679921192 -0.004740319494261465 0
3.034589174962381e-05 -0.007152447681757793 0
-0.002651533053895554 -0.0003291151330628701 0
-0.002719535309780427 -0.0009761133792657339 0
-0.002278924033797966 -0.00756387920351684 0
-0.00175260824432473 -0.007946270007729239 0
-0.01136229696661319 -0.002357232024307091 0
-0.01129429471072802 -0.001710233778103828 0
-0.002583530798010654 0.0003178831131400153 0
0.01215331130724338 -0.01038905940480382 0
0.006535246650012921 0.006227989481603105 0
0.000606961679503761 -0.0124462170136014 0
0.001201279724862066 -0.01218160957161076 0
1.26436341454345e-05 -0.01271082445559203 0
0.01169780454818192 0.01222683849473995 0
0.01222412033765482 0.01184444769052802 0
-0.01435158945101348 -0.009238646008098513 0
-0.01494590749637254 -0.00950325345008929 0
0.01312304514723198 0.004227292815868802 0
0.01261162484083227 -0.01141844845521951 0
0.008078789503224642 -0.006035936478698316 0
0.01045606168465512 -0.004977506710740359 0
0.008182196274316232 0.005727815315168438 0
0.002256718078344347 0.008640117669098075 0
0.001730402288871293 0.009022508473310473 0
-3.484958959461345e-05 0.01378706292118503 0
0.01096748199105489 0.01066823456034479 0
0.01037316394569708 0.01040362711835436 0
0.008673107548582479 -0.005771329036707799 0
0.01451568800560477 0.006697502438470588 0
0.01511000605096269 0.006962109880460565 0
0.005908330863985692 0.01643313734109066 0
0.006434646653457649 0.01605074653687445 0
0.005382015074512139 0.01681552814530349 0
0.004787697029155305 0.01655092070331352 0
0.01380306770608001 0.01069727527790025 0
0.0003051616898381811 0.01702205415220419 0
0.01609463537402593 0.005550330025832933 0
-0.007105875130369574 -0.01586781093580079 0
-0.007048954357639864 -0.01523606504266383 0
-0.007637491026959817 -0.01546414948269229 0
0.01519290378991938 -0.008419023948646945 0
0.01524682862029837 -0.007770546105401727 0
-0.005986444297946038 0.01670211023118335 0
-0.005370969853025038 0.01696449404597707 0
-0.01533467290576348 -0.007830338230546777 0
-0.0161729237908976 -0.005104683616831123 0
-0.01624258162801943 0.005366248058778602 0
-0.01562669093827345 0.005616137948210404 0
-0.01462079170001047 0.009759869856240519 0
-0.01468879395589545 0.009112871610037694 0
-0.01416247816642235 0.008730480805825124 0
-0.0147567962117805 0.00846587336383494 0
-0.01528311200125347 0.008848264168047376 0
-0.0153511142571385 0.008201265921844713 0
-0.01482479846766557 0.007818875117632284 0
-0.01541911651302359 0.007554267675642075 0
-0.01455278944412552 0.01040686810244344 0
0.003138164099843709 0.01705689706781342 0
0.009432737644160883 -0.01467509048859079 0
-0.01705961289085377 0.002493526222454728 0
-0.01626533871142699 -0.005805730816268657 0
0.002018863030373388 0.01717159003805632 0
-0.01329737867993938 0.01158139161038563 0
-0.01269236150994294 0.01182122728874316 0
-0.01217393867232102 0.01146088763942668 0
-0.0120947695963338 0.01208266068720769 0
-0.005543368587356453 -0.01703392067460842 0
-0.01448759396278324 -0.01053264250050581 0
-0.01749178193024674 -0.001385924408983311 0
-0.01085087666020396 0.01328850924679153 0
0.008837871231765319 -0.01493846627804947 0
0.01073446265650286 -0.01353290766874901 0
-0.01617278914194659 0.006031702699803751 0
-0.01585145584064438 -0.007469358568310148 0
-0.004420766265409783 -0.01715268617543623 0
-0.003825496736608692 -0.01688676912883729 0
-0.003757335900150061 -0.01623955261519938 0
-0.003231003544444408 -0.01662192061794944 0
-0.003162972097425239 -0.01597488219359681 0
-0.002636648681724052 -0.01635726250120726 0
-0.002704649666570918 -0.01700425899797667 0
-0.002110322690295495 -0.0167396392636331 0
-0.002178325828704945 -0.0173866387245271 0
-0.001584006441947933 -0.01712202943625948 0
0.002410424847731126 0.01549249093535322 0
0.0131910474031172 0.004874291062075368 0
0.009897148154505361 0.005874639394936945 0
-0.01100458342958482 0.00643613598054299 0
0.005500317328672955 0.01255114786385938 0
0.004905999283316071 0.01228654042186896 0
-0.0106496766670919 -0.006357004863751266 0
-0.01071767892297666 -0.007004003109954201 0
-0.01019136313350325 -0.00738639391416688 0
0.000559468455765178 0.0140516703631749 0
0.007351273720631734 0.01399196843603152 0
0.007945591765988811 0.01425657587802188 0
-0.004807096210068202 0.006111826611419565 0
-0.006539750347863003 0.0004066257578154911 0
-0.01103998794479537 -0.004680617567129579 0
-0.01097198568891049 -0.004033619320926139 0
-0.003618460119351254 0.006641041495399257 0
-0.003024142073993027 0.006905648937389726 0
-0.01489280072355045 0.007171876871429271 0
0.01215611808176973 0.01119744944432652 0
-0.001516003962496662 -0.01647503088234355 0
-0.0009896880592830824 -0.01685742153000621 0
0.01327675191660372 0.01107966608211047 0
0.008314754250010886 -0.01456326011360623 0
0.008246645367202217 -0.01521001887181653 0
0.007720844941194981 -0.01482878559290058 0
0.007645655250157602 -0.01545964059544014 0
0.00712548300664644 -0.01509104842138054 0
0.007050051211320296 -0.01572135964878442 0
0.006530776647510281 -0.01535478369634489 0
0.006462709672662536 -0.01600163658137649 0
0.005937556634305927 -0.01562185735893114 0
0.005869737383780254 -0.01626926664190005 0
0.005343645887052701 -0.01588737960744309 0
0.005275161093246977 -0.01655939526857612 0
0.004749352683849422 -0.01615639304796831 0
0.00468006634463011 -0.01680427247903099 0
0.004154909328307045 -0.01641844645112557 0
0.006005752682043186 -0.01497529437635611 0
0.00422310471305028 -0.01577087566764001 0
0.003628797970804118 -0.0160349620136115 0
0.003560849648690148 -0.01668155657748483 0
0.003034524870254406 -0.01629923305366049 0
0.00295330854577435 -0.0169164791242606 0
0.002438010472770902 -0.0165588369461252 0
0.002361618592243394 -0.01717957185227015 0
0.001839300838218834 -0.01681233272283266 0
0.001912432979155726 -0.01617788504379035 0
0.001318237983106688 -0.01644273230276089 0
0.005843607431055818 -0.01692975125880485 0
0.001245792689629671 -0.017079745230429 0
0.0007240754287615561 -0.01670784722518333 0
0.008401098525043836 -0.008359322021520364 0
-0.00616433455322282 0.01475837053651214 0
0.009030821085609996 0.003022038968136844 0
0.009829145898620417 0.005227641148734378 0
0.009234827853262465 0.004963033706743664 0
-0.002276117259251923 0.01402262964563223 0
-0.001749801469778232 0.01364023884141935 0
-0.002344119515136872 0.01337563139942878 0
0.006550142133084405 -0.009800142593695601 0
0.005955824087726188 -0.01006475003568618 0
0.0147322440187465 -0.007389388298724627 0
0.01531209359900149 -0.007123260159773883 0
0.01089947973517002 0.01002123631414254 0
0.01030516168981202 0.009756628872152378 0
0.009778845900339176 0.01013901967636405 0
0.01084637296236177 -0.006653894007353717 0
0.005142603791643016 0.003757779859014598 0
-0.00282013530633783 0.008846643676004268 0
-0.002888137562222795 0.008199645429800277 0
-0.00229381951686445 0.008464252871791599 0
-0.002361821772749638 0.007817254625585768 0
-0.001767503727391242 0.008081862067577817 0
-0.003482455607581 0.007935037987808854 0
-0.007811284177527305 0.01525854470294621 0
-0.01182061050020145 -0.001327842973890994 0
-0.01122629245484285 -0.001063235531900555 0
0.001322388753561911 0.005140518996095368 0
-0.01034226312834003 0.007347741668739833 0
-0.01611485469707007 -0.004471357195296875 0
-0.01669848162383975 -0.004721249574952125 0
-0.004059071395328682 0.01322880731966047 0
-0.004127073651214047 0.01258180907345716 0
-0.003532755605854731 0.01284641651544762 0
-0.004721391696573542 0.01231720163146634 0
-0.004925398464231822 0.01037620689285442 0
-0.005451714253705138 0.0107585976970677 0
-0.004857396208346923 0.01102320513905767 0
-0.001699501471506216 0.008728860313782037 0
-0.001173185682032868 0.008346469509569548 0
-0.001105183426147962 0.008993467755772748 0
-0.000578867636674631 0.008611076951560326 0
-0.0005108653807896769 0.009258075197763478 0
1.545040868357556e-05 0.008875684393550931 0
-0.00625003906671828 0.008552995516466814 0
-0.0068443571120766 0.00828838807447616 0
-0.006776354856191013 0.008935386320681166 0
-0.007370672901549314 0.008670778878689877 0
-0.003109846587483853 0.0007002739173524697 0
-0.01664071305505304 -0.004088336790650863 0
-0.006590050346142571 0.005318004285451585 0
0.004122569953371411 -0.005947193834026859 0
-0.009951951850637294 0.005671354372117129 0
-0.01054626989599529 0.005406746930126873 0
-0.01001995410652212 0.005024356125914087 0
-0.01061427215188011 0.004759748683923853 0
-0.01008795636240697 0.004377357879711046 0
-0.01068227440776486 0.004112750437720948 0
-0.01015595861829181 0.003730359633508009 0
-0.01075027666364927 0.003465752191518892 0
0.009199423338055582 -0.006153719840920378 0
-0.001054883427869926 0.004082089228133958 0
0.007194509186857797 -0.01444634994686982 0
-0.001158290198966611 -0.007681662565738756 0
-0.002855539821550206 -0.002270109871671679 0
0.0026116248408365 -0.004153023175186943 0
-0.0028052398232712 -0.007181488399304438 0
-0.01175260824431628 -0.0006808447276877147 0
-0.01115829019895768 -0.0004162372856972874 0
-0.0116846059884311 -3.38464814844384e-05 0
-0.01109028794307252 0.0002307609605059759 0
-0.01161660373254602 0.0006131517647190072 0
-0.01102228568718738 0.0008777592067092433 0
-0.0115486014766608 0.001260150010922343 0
-0.01095428343130223 0.001524757452912478 0
-0.01148059922077556 0.00190714825712527 0
0.004598585744564643 -0.00141820611060725 0
0.005600917325231556 0.002728390808599661 0
0.01432938349555459 0.01031488447368887 0
-0.01022396087417627 0.003083361387305551 0
0.001967006797198982 0.0004937479104543134 0
-0.0003599653859538302 -0.005476060385139617 0
0.005210606047527823 0.004404778105217233 0
0.002511024844277888 0.005669733880075923 0
-0.0009719856889170962 -0.01129904460096479 0
0.003868263187436959 -0.002976810045003261 0
0.006603248905897734 0.006874987727805676 0
-0.005691125536571407 -0.002299150589218204 0
-0.006285443581929684 -0.002563758031208733 0
-0.006217441326044598 -0.001916759785005723 0
0.01479939902217029 -0.006742301002699633 0
0.01539357585878502 -0.006477678719071988 0
0.01486950673662799 -0.006095524049109736 0
0.01546417569174847 -0.005830953489221262 0
0.01593629614960537 -0.006848055764154021 0
0.01493829283178802 -0.005448608187734173 0
0.01553274151702559 -0.005184014476548065 0
0.01605907907981238 -0.005566407569228033 0
0.01612270998326435 -0.00491894987537024 0
0.003782558673947449 -0.009182185065040468 0
0.001186384241792239 0.003846522503689752 0
-0.005300814258867894 -0.00397553788583674 0
-0.005895132304226012 -0.004240145327827315 0
0.007144460178442489 -0.009535535151705216 0
0.003953967700927236 0.003228564975033782 0
0.00456598800389092 0.009051549190856864 0
-0.001175992456571394 -0.01324003933957378 0
0.005787221835280533 -0.0008889912266263772 0
-0.004452189447575709 -0.006681314232870176 0
-0.007760984179249778 0.01034716617531298 0
0.005124901534037775 -0.001800596914819558 0
0.005056899278152955 -0.002447595161022332 0
0.005651217323510917 -0.002182987719031869 0
0.01380026093154927 -0.01088923357123791 0
0.01373225867566473 -0.01153623181744153 0
0.01560013454460239 -0.004536952197869327 0
0.01618988214235911 -0.00427186438247856 0
0.006839853414226966 -0.001653772835051006 0
0.0005920661964342827 0.003581915061699338 0
0.0006600684523191306 0.004228913307902068 0
-0.000886281175427078 -0.005093669580927194 0
0.01072807070819446 -0.002389513725928868 0
0.01132238875355257 -0.002124906283938374 0
-0.001072585685475859 -0.001476287545700524 0
-0.003281255614464739 -0.0117104761227243 0
-0.002873242079156058 -0.007828486645507301 0
-0.01112288568374467 0.01070051626197996 0
-0.0153688165147453 0.002642889148007106 0
-0.009798245081257512 0.01252372763836598 0
-0.007575784115528044 -0.01484962071853285 0
-0.008178073608808355 -0.01509584080735735 0
-0.008104563365133381 -0.01446890134914671 0
-0.008699291987180596 -0.01473378736360844 0
-0.008630118022692413 -0.01409194310063876 0
-0.009224631352818133 -0.01435569154542377 0
-0.009156466359627177 -0.01370940913022526 0
-0.009750789829562415 -0.01397399271118228 0
-0.009682755598195446 -0.01332713511522082 0
-0.01027707497509668 -0.01359173670016623 0
-0.01020906697738114 -0.01294476371049746 0
-0.01080338492219881 -0.01320937159473465 0
-0.01073538118058595 -0.01256237988378865 0
-0.01132969947356541 -0.01282698623656959 0
-0.01126169701132934 -0.0121799888980413 0
-0.01185601506356583 -0.01244459630977587 0
-0.01178801276713591 -0.01179759824191772 0
-0.01238233081418241 -0.01206220567648135 0
-0.01157881188385891 0.01172423103566599 0
0.01145839326532217 -0.0008309097915327118 0
0.01205271131068002 -0.0005663023495421516 0
0.01212071356656504 8.069589666074848e-05 0
-0.006504345832648803 0.01152337930549655 0
-0.003399557868629273 -0.007446095841294931 0
0.007215269208861133 0.01269797194362694 0
-0.002568640289612242 -0.01571025580921223 0
-0.003094955056381139 -0.01532786359736783 0
0.01125438649766776 -0.002771904530141295 0
0.01184870454302595 -0.002507297088150797 0
0.01563632184043705 0.006579719076248743 0
0.01570432409632087 0.007226717322450353 0
-0.002125217264422294 -0.0007115059372753667 0
-0.00743867515743467 0.008023780632485697 0
-0.007964990946907502 0.008406171436699144 0
0.009965150410390254 0.006521637641140499 0
-0.001226292454851487 -0.008328660811941597 0
-0.001820610500209503 -0.008593268253932029 0
0.01198470905479526 -0.001213300595745132 0
-0.01421558493924314 -0.007944649515691815 0
0.004172869951650869 -0.01085857236165874 0
0.004767187997008861 -0.01059396491966822 0
0.004107674470302884 0.01008093824127178 0
-0.000631974409493288 -0.00806405336995111 0
0.006094635374030726 0.0128157553058495 0
-0.004026473654660582 0.002759052018183235 0
-0.006471748091978039 0.001053624004019097 0
-0.006607752603747943 -0.0002403724883873951 0
-0.006081436814274706 -0.0006227632925999448 0
-0.006675754859632725 -0.0008873707345900496 0
-0.004841127996957642 0.01658173263723141 0
-0.004772757388023198 0.0172286921679695 0
0.004512881231076162 -0.00762358113064226 0
-0.01570882779417074 -0.0005921020830114505 0
0.01142317522069223 -0.01194808215897317 0
-0.002515528542125596 0.0009648813593427141 0
-0.003041844331598869 0.00134727216355517 0
-0.01039256312661581 0.01225912019637553 0
0.003696834298684237 -0.01538778149519129 0
0.00429117220581837 -0.01512295264308718 0
-0.006199739068438446 0.003641616988830195 0
-0.006267741324323147 0.002994618742627585 0
-0.01557282328240039 0.0007018944093962011 0
-0.01516425889970854 0.004583825990224931 0
8.064589003024297e-05 -0.01206382620938903 0
0.009098823341494767 0.0036690372143396 0
-0.001989212752652432 0.0005824905551300443 0
-0.01231432855101677 -0.01141520746230392 0
0.01229212259353954 0.01249144593673041 0
0.01176580680406655 0.01287383674094187 0
-0.004245792528608852 0.01684623314375688 0
0.01030237774841501 -0.01182993126103247 0
-0.003958471398775519 0.003406050264385749 0
-0.01044566989943733 -0.004416010125139072 0
0.001387584234909487 -0.01579899160683738 0
-0.01124399471245023 -0.006621612305741662 0
0.01305504289134709 0.003580294569665735 0
-0.0129086465962473 -0.01167981490485547 0
-0.01078568117886147 -0.007651001356156755 0
-0.01025936538938792 -0.008033392160369749 0
-0.009665047344029743 -0.007768784718379385 0
-0.00973304959991453 -0.008415782964582468 0
-0.009138731554556308 -0.008151175522591942 0
-0.00920673381044103 -0.008798173768794878 0
-0.008612415765082884 -0.008533566326804423 0
-0.008680418020967855 -0.009180564573007328 0
-0.00808609997560953 -0.008915957131016887 0
-0.008154102231494856 -0.009562955377219566 0
-0.007559784186136236 -0.009298347935229306 0
-0.007627786442021438 -0.009945346181432106 0
-0.007033468396662893 -0.009680738739441754 0
-0.00710147065254764 -0.0103277369856446 0
-0.006507152607189466 -0.01006312954365423 0
-0.006575154863074217 -0.01071012778985705 0
-0.005980836817716106 -0.01044552034786665 0
-0.006048839073601042 -0.01109251859406947 0
-0.005454521028242783 -0.01082791115207908 0
-0.00552252328412762 -0.01147490939828177 0
-0.004928205238769425 -0.01121030195629155 0
-0.01076797892125476 -0.002092624582316859 0
-0.0108359811771401 -0.002739622828519984 0
-0.004195075907100391 0.01193481082725312 0
-0.01063197440948444 -0.0007986280899109728 0
0.01194949925546371 -0.01233049148242735 0
-0.01049596989771398 0.0004953684024964118 0
0.006502648909343788 0.01669774478308042 0
0.008572507552021229 0.004051428018551813 0
0.008146791759108525 -0.005388938232495988 0
0.008741109804466055 -0.00512433079050607 0
0.01264702935603778 -0.0003016949075507247 0
0.01271503161192352 0.0003453033386533369 0
0.007552473713750492 -0.005653545674486733 0
-0.01120859019723805 0.004495141241935293 0
0.00122178875701339 0.01496327605137137 0
0.01385336770436189 0.005785896750275745 0
0.01149379778052783 0.01028584375613308 0
0.007419275976515667 0.01463896668223419 0
0.00801359402187329 0.01490357412422397 0
0.007487278232401463 0.01528596492843693 0
0.008081596277757749 0.01555057237042524 0
0.008539909811345753 0.014521183320011 0
0.01281843838301172 0.01210905513251903 0
0.007555280488286854 0.01593296317463958 0
0.01439738575143607 0.01096188271988877 0
-0.004177620702225377 0.01749321356738309 0
-0.003651168472678193 0.01711080842274049 0
-0.01389067373995169 0.01131819218693043 0
0.004855699285039041 0.01719791894951628 0
0.0006560990880456349 -0.01735493005145875 0
-0.008334029592286928 0.01563291631425534 0
-0.007756707556940211 0.01592964900244131 0
-0.009594037865574691 0.0144642721633341 0
0.007032178696954655 -0.01632895848551256 0
0.01530596193667341 0.008892023530707588 0
0.01535693751687585 0.009502509362307544 0
0.003432564591365815 -0.01734137514490303 0
0.01188180502402495 -0.01297097125129378 0
-0.01695362887656923 0.003774640013490123 0
-0.01385111837560409 0.01204489723152929 0
-0.01243703529056242 -0.01269090109776601 0
-0.008759880219429557 -0.01536445416883557 0
-0.007164574411415087 -0.01647343911511859 0
-0.009818754113409421 -0.01462115798461984 0
-0.0108713856923559 -0.01385637637619449 0
0.01504936730583109 -0.009712228798862292 0
0.01496073606111765 -0.01035705885097007 0
-0.0002328600100257927 0.01738833315299264 0
-0.0008174231300588513 0.01713715221385594 0
0.01660924525310723 0.005151827418193684 0
0.01655099792254954 0.004518255674846179 0
0.01713328489333779 0.00476630376331485 0
0.01706831791602492 0.004135766626733809 0
0.01663663467148506 -0.005317321593780533 0
-0.003897085014610658 -0.01752574876853659 0
0.003123045147241774 0.01149271809589996 0
0.003717363192600525 0.01175732553789026 0
0.001798404544756023 0.009669506719513048 0
0.001204086499398243 0.00940489927752259 0
0.0011360842435143 0.008757901031320812 0
-0.009679942827094869 0.008259347356935547 0
-0.007896988691021282 0.009053169682905435 0
0.0126144316153617 0.01016806039391779 0
-0.006131736812553815 0.004288615235034553 0
-0.006572348088534977 0.01087638105929299 0
0.004835190252894164 -0.009946966673464648 0
0.01105037973001374 -0.004712899268748186 0
-0.005383711997819477 0.01140559594327164 0
0.01130749327047891 0.01390322579135549 0
-0.01066737893157841 -0.01191538160732999 0
0.01042346394397894 0.005492248590725571 0
8.345266456844707e-05 0.009522682639753881 0
-0.01429848267819237 0.007436484313419468 0
0.01364936093670578 0.003844902011659516 0
-0.005912834561831196 -0.009798522101663504 0
-0.005995732300784417 0.005582611727442128 0
0.008096491760827667 -0.0004775597048673873 0
0.008028489504942846 -0.001124557951070085 0
0.00198470905480484 0.006052124684288407 0
0.002579027100163256 0.006316732126278518 0
-0.01545452102823826 -0.003562485872036792 0
0.01361395642149906 -0.007271851536009351 0
-0.01221092177790477 0.0003485443227288774 0
0.00172759551433563 -0.01256400037582323 0
0.001795597770220403 -0.01191700212962015 0
0.001269281980746844 -0.01153461132540783 0
0.001863600026104657 -0.01127000388341736 0
0.002389915815578286 -0.01165239468762971 0
0.00558321506762618 -0.002829985965234712 0
-0.0005136721553280426 -0.01232843365137959 0
-0.002193219520307187 -0.001358504183478238 0
-0.0009216857471806075 -0.01621042320642574 0
0.004480283490400286 0.002846174170821521 0
0.0006246639371077586 -0.006887840239767285 0
0.0006926661929926611 -0.006240841993564402 0
0.01077837070647697 -0.007300892253556903 0
0.01566789691297097 -0.00388992873847176 0
0.01626217497707679 -0.003625317094282022 0
0.01687788516885208 -0.004006933320946248 0
0.01685755567183044 -0.003360821341243353 0
0.0163310627741242 -0.002978411922205034 0
0.01692552840967664 -0.002713819992568789 0
0.01639920770052969 -0.002331428671277398 0
0.01699132808701 -0.002066590246030858 0
0.01646686663840942 -0.001684394340897454 0
0.01705890602680215 -0.001419547402408738 0
0.01653474095527804 -0.001037382647761321 0
0.01712903767746739 -0.0007727729646150309 0
0.01660307678712369 -0.0003904194618039452 0
0.01719745042847573 -0.0001258178631875283 0
0.01765588048484411 -0.001155219160641482 0
0.01667120305485601 0.0002565657502290928 0
0.01726554176885567 0.0005211710198580831 0
0.01777013105364407 0.000141063763305522 0
0.01673924082679804 0.0009035602635443153 0
0.01733356479149916 0.00116816708338695 0
0.01680725246315196 0.001550557523820346 0
0.01740157207192191 0.001815164801489687 0
0.01687525711987133 0.002197555517685345 0
0.01745685596602631 0.002463499801381267 0
0.0169411400489322 0.002844776514113247 0
0.0160768964121395 -8.042890227691763e-06 0
-0.007134068393221261 0.0001420183158257356 0
0.005887821831841165 -0.01071174828188958 0
-0.001344594709015433 -0.004064280530511873 0
0.005855224091165408 -0.0002419929804236156 0
0.01434404694134856 -0.005713223213512262 0
0.01246072484598926 0.003315687127675112 0
0.01298704063546223 0.002933296323462724 0
0.007706180483124235 0.001198827591750438 0
0.008232496272597482 0.0008164367875381753 0
0.006467244394128213 0.005580991235400628 0
0.003885965445042401 0.002581566728831122 0
-0.001903508239161561 0.006787865575167812 0
-0.008677611246425918 0.012405944276144 0
-0.006983168398385955 -0.01459211726707345 0
-0.0008685789178212325 0.0004647071929076971 0
0.0005240639405494206 0.002934916815496674 0
6.575040696118102e-05 0.003964305865911709 0
0.0001337526628460358 0.004611304112114478 0
-0.0154815633996622 0.006906685536603056 0
-0.01495987708456088 0.006524781309753412 0
-0.0160134345583817 0.007289660233651945 0
0.005754624094606399 0.009580764074837312 0
0.004769994771545492 0.01099254392946429 0
-0.007284968388054147 0.01487615389873395 0
0.005872926348770371 0.005316383793410201 0
0.00327394514207894 -0.003241417486993703 0
0.002747629352605856 -0.002859026682781276 0
-0.005368816514752765 -0.004622536132039732 0
-0.005963134560110679 -0.004887143574030244 0
0.0005566616812229166 -0.007534838485970159 0
0.007265569207140153 0.007786593415998498 0
-0.01209261952374232 -0.003915835958703895 0
-0.01453789396106122 -0.005621263972868855 0
0.008587403035093239 -0.01197670405674802 0
3.315266629065923e-05 0.01443406116738852 0
-0.003467560124514023 -0.008093094087497728 0
0.015872857649863 -0.00194903426606812 0
-0.006811759371402747 -0.002181367226995909 0
0.001981657772730798 -0.01553380127030389 0
0.007129564695370514 0.006492596923593427 0
0.01103267747241162 -0.01027127604258231 0
-0.007695788697906741 -0.01059234442763442 0
-0.006421448093699137 -0.003857754523614735 0
-0.009866247337142442 0.01187672939216317 0
-0.001817803725665032 0.01299324059521494 0
-0.002412121771021881 0.01272863315322543 0
0.002528727101883734 0.01122811065390872 0
0.003764853106048841 -0.01474059874056075 0
-0.01530542504832172 -0.006536692902405189 0
-0.005011102977722235 0.004170831872811228 0
0.00976114364273627 0.004580642902532392 0
-0.01487790524048734 -0.008856255203885569 0
-0.01546347913224451 -0.009121781693453748 0
-0.006879761627287706 -0.002828365473199109 0
-0.004996207494654263 -0.01185730020249421 0
-0.004401889449296024 -0.01159269276050347 0
0.004580883486960378 -0.006976582884439793 0
0.005175201532318255 -0.006711975442449243 0
0.007519875973074911 0.004816209626976434 0
0.01096467521652668 -0.01091827428878539 0
0.009710843644454412 0.00949202143016133 0
0.01023715943392769 0.009109630625951583 0
0.009184527854981542 0.009874412234373783 0
0.00925253011086658 0.01052141048057636 0
-0.0103776676435525 -0.003769011878935918 0
0.001594397777102319 0.007728511980907131 0
0.002120713566575464 0.00734612117669433 0
0.006756955675274928 0.01372736099404391 0
-0.01151067483745631 0.01237101860757707 0
-0.01201671266668726 0.01274625303232664 0
-0.009085624781737037 0.008523954798924923 0
-0.009017622525852059 0.009170953045128986 0
-0.0003953699293814102 -0.01659281397165051 0
-0.0004633721805452858 -0.01723981221135575 0
0.01091437521824518 -0.006006895761151383 0
0.01032005717288692 -0.006271503203142202 0
0.0115086932636039 -0.005742288319160453 0
0.009861743639297021 -0.00524211415272996 0
0.0117807022871411 -0.003154295334353817 0
0.01237502033249938 -0.002889687892363223 0
0.01244302258838429 -0.002242689646158905 0
-0.0108862811754172 0.002171755699115419 0
-0.01035996538594452 0.001789364894902146 0
-0.01141259696489087 0.002554146503327945 0
-0.0006291676349509917 0.0135224554791953 0
-0.0006971698908369656 0.01287545723299154 0
0.003666572566633987 0.01666980603338627 0
0.003734553128096846 0.0173168530060587 0
0.003598919090301104 0.01602202441548055 0
0.01458369026148755 0.007344500684671133 0
0.01398937221612989 0.007079893242681715 0
0.01524466874907415 0.008254259524801143 0
0.01742359196477091 -0.003058542890548124 0
-0.006665317068922745 -0.01688708483284395 0
0.005451977031695234 0.01744595387063974 0
-0.01723747516431347 -0.004356308198008434 0
-0.01714746623611317 -0.003711019471797338 0
-0.005891068375561508 0.01733245108059395 0
0.01246239594550788 -0.01268154077725356 0
0.01791238844181115 0.001406368785787549 0
0.01490697135709521 0.01058125032885446 0
-0.01077620479935533 0.01392052731497859 0
-0.01512738747269984 0.01014018800316952 0
0.008179389499785136 -0.0158586935339651 0
-0.0158584367562264 0.00860979874755324 0
0.01003034589174401 -0.01441787296179108 0
0.009944961631447553 -0.01505956588009462 0
0.01431241766899134 -0.01124286293727753 0
-0.0155279292605043 -0.009750604245442027 0
0.0003415862429606865 0.01761595285369977 0
0.0008956049603520092 0.01727467456199175 0
0.01664821078324372 0.005768496768135222 0
0.01747722602118024 0.00312018255024319 0
0.01575139726973639 -0.008091218241755129 0
0.01568656642694239 -0.008732026390213029 0
-0.01680179808640992 0.005034465648398049 0
-0.002791837602856023 -0.01761036554807946 0
-0.002348550602822935 -0.01797458913584867 0
-0.01588362160688772 -0.008101820790689357 0
-0.01636691031834716 -0.007792991859210168 0
0.01241034171527393 -0.01324014221148851 0
0.01620090458073408 0.006847451824726087 0
0.01632393205097693 0.007566506831419214 0
-0.008911329257379048 0.01534867767969433 0
0.01425857446513867 -0.01191862262165418 0
0.0166037248319814 -0.005950677735666665 0
-0.006537772310409207 0.01711910742893155 0
-0.0007429139428792666 0.01774075671779483 0
-0.001324242417656339 0.01747566819185933 0
-0.01579240770657698 0.009217991790072946 0
0.01366425641977992 -0.01218323006364524 0
-0.007232795376892353 -0.01705308730076713 0
-0.008863915756473507 0.01602332631137096 0
-0.01512768729304765 0.0107655389567568 0
-0.01640038159941737 -0.007072177351811981 0
-0.01602813669551886 -0.009335217576402023 0
-0.00356534125904095 0.01786642052511606 0
-0.003056739814657712 0.017375404238872 0
-0.003124760505986839 0.01672840793031149 0
-0.00253042709775818 0.01699301375759938 0
-0.002434301967210968 0.0175882911522054 0
-0.004163628233226582 0.01805131114717846 0
0.00319877768632431 0.01772507446336154 0
0.003803067706103148 0.0179627005579424 0
0.00261262223764021 0.01809430363401182 0
0.01584032860809265 0.008520713814847156 0
0.01763201218056226 0.004359044800654886 0
-0.017281876036629 -0.004930417190547763 0
-0.01137719244967772 0.01367090005100417 0
-0.006418641319156303 0.01772875432553802 0
-0.007160335779459289 0.0168991056114501 0
0.001215713533693872 -0.01771306755543967 0
0.0006268498914851848 -0.01800926570178684 0
0.001765010924668074 -0.01800809092881332 0
0.004888202486417331 0.01789196789047127 0
-0.0156538627813685 0.01045871905787316 0
-0.006607877868981525 0.01647816349856923 0
0.01711715622160254 -0.005690447995435151 0
0.01668742582648801 -0.006623453508342976 0
-0.01450953580338216 0.01166496821639812 0
-0.004485902507998137 -0.01780541853812156 0
-0.01642492695645266 0.008961661797352121 0
0.01774744245950502 0.005033802233580337 0
-0.003924078701182885 -0.01813594971812376 0
-0.005081339923735651 -0.01807152136681467 0
0.002601455013445871 0.01746263159912113 0
0.002067452761139121 0.01783286083611476 0
-0.005016073092454332 -0.01741879341487785 0
-0.005597467307479475 -0.01769452912436213 0
0.005568319584558133 0.01319814611006305 0
0.002596729357770117 0.01187510890011556 0
0.009728545902058544 0.01505039820398972 0
0.009202230112584928 0.01543278900820122 0
0.00927023236846765 0.01607978725440732 0
0.01324134740139809 -3.708746555517357e-05 0
-0.01027426087245358 0.007994739914944498 0
-5.255184720156731e-05 0.008228686147345824 0
0.01424367898206621 0.004109509453657329 0
-0.007828986435135042 0.009700167929109708 0
-0.007234668389776763 0.009964775371100354 0
-0.001241187937918132 0.007699471263363821 0
0.0137853654484761 0.005138898504070068 0
0.0132590496590026 0.005521289308281409 0
0.01296933837785875 -0.002625080450368308 0
-0.003550457863466328 0.007288039741602272 0
0.01164469777537292 -0.00444829182675513 0
0.008743916578995019 0.01646217805862041 0
0.001272088755284028 0.01005189752372723 0
0.001866406800641998 0.01031650496571685 0
0.0006274707116534881 0.01469866860937952 0
0.00115378650112558 0.01431627780516706 0
0.006960962442927793 0.01566835573265126 0
-0.01402358686577634 0.01269011129765187 0
0.007028964698816015 0.01631535397885831 0
0.007096966954699064 0.016962352225062 0
-0.004789393952460195 0.01167020338526226 0
-0.004263078162987621 0.0112878125810486 0
-0.00606373455666924 0.004935613481238819 0
0.01634858864896931 0.0025799833902091 0
-0.004144775908824779 0.007023432299613075 0
-0.001835505983276508 0.007434863821371881 0
-0.01796551524794041 0.004469266825535459 0
-0.01735981481913062 0.004714743368476254 0
0.0179613800619251 -0.004466422991687541 0
0.01733220378252041 -0.004567137393779407 0
0.01753824297693577 -0.003981319926406634 0
-0.002956139818107931 0.007552647183594498 0
0.01621293499464724 0.001285950021199528 0
-0.009270232368466604 -0.01607978725440962 0
-0.008757214358774492 -0.01648048088230134 0
-0.008231719172191412 -0.01625346873787139 0
0.01840237264883619 -0.003243127468020795 0
-0.01032286394741523 -0.0153150056459821 0
0.004903192508779496 -0.009299968427260904 0
-0.006726054857911902 0.004024007793043385 0
-0.009088437980283109 -0.01306252579302427 0
-0.01172001050524904 -0.01115060002211203 0
-0.01224632629355001 -0.01076820922305622 0
0.004376876719306241 -0.008917577623048609 0
-0.01298287608660744 0.01342115667555738 0
-0.01304900005289563 0.01279073834921792 0
-0.01132431267989717 0.01461700529883292 0
-0.0119812555145137 0.01346915147958242 0
-0.01117599245656508 -0.005974614059538368 0
-0.0117703105019238 -0.006239221501528015 0
-0.01110799020067891 -0.005327615813335058 0
0.01641653212461612 0.003226987814463813 0
-0.01835912898248606 0.003229076749086723 0
-0.01765427667998139 0.003368449579307479 0
-0.01200691501024918 0.002289539061338428 0
-0.01795020451789688 0.002735735103763882 0
-0.01814787222870951 0.002113445456067416 0
-0.01876449468066761 0.001989217181406524 0
-0.01833503933460934 0.001500707124553155 0
-0.01896509638458956 0.001376868689867593 0
-0.01852971320340407 0.0008944689742658536 0
-0.01880713515549061 0.0002476758790675753 0
-0.0182336580377871 0.0004439439431076623 0
-0.01829199749033959 -0.0002129429237295763 0
-0.01785483752990279 0.0009281478014087868 0
-0.0006879799043690549 0.01838512305894469 0
0.003903372560519664 -0.01846598147755011 0
0.004548849630915223 -0.01846203860755549 0
0.004878442858105705 -0.01790651266440828 0
0.005600885919591713 -0.01800852577661968 0
0.005263886041238143 -0.01729785546302098 0
0.004237777510139456 -0.0179451484458527 0
0.01740504477683096 0.006341415114655727 0
-0.001976726225220129 0.01847234114470195 0
-0.002608700951668508 0.01850282925654044 0
-0.008035926832652389 -0.01382643023269758 0
-0.01735362018585249 -0.006325708694605223 0
-0.01668762643234056 -0.006408852021406852 0
-0.01604084784265142 -0.006483351708835129 0
-0.01696185322428372 -0.005838564044849342 0
0.01876274870113352 -0.001992137813952166 0
0.01812624044458672 -0.002189280842464054 0
0.01823593135031213 -0.001466908780199752 0
0.002616450575447082 -0.01848332986723531 0
0.003010216279397283 -0.01793079828057871 0
0.004699185741124069 -0.01124096316587107 0
0.00661814438896915 -0.009153144347492736 0
0.01696268898945994 0.007555642629250023 0
0.01675433980880925 0.008139160494849081 0
-0.002500634546829915 -0.01506325276370571 0
-0.009747945082980715 0.007612349110730865 0
-0.01086857891781329 0.007730132472953983 0
-0.01093658117369922 0.007083134226748207 0
-0.01153089921905739 0.006818526784757799 0
-0.01159890147494265 0.006171528538553584 0
0.01137861197276224 -0.01456072916072619 0
0.01068614637223559 -0.01427627910833898 0
0.01129842664233448 -0.01389877045857489 0
0.01130273332424817 -0.01324298149737581 0
-0.002938437560495586 0.01311102395743817 0
-0.003006439816380866 0.01246402571123486 0
-0.002480124026908584 0.01208163490702111 0
-0.003074442072268746 0.01181702746502985 0
-0.004860202982884554 -0.01056330371008817 0
0.01400707447372593 0.01263827001649671 0
0.01393907221784243 0.01199127177029797 0
0.007212462434327498 -0.00888853690550229 0
0.007280464690212993 -0.008241538659299214 0
0.01190181131583675 0.01416783323334533 0
-0.00144800152728461 -0.01582803238931689 0
-0.01614776573452073 -0.009983843196581819 0
0.01617105612744437 0.01004718900725679 0
0.01635616242708509 0.009449085565784273 0
0.006662010033725214 -0.01802388889484838 0
0.006524014131623131 -0.01736001140484944 0
0.005429508298252572 -0.00968235923147351 0
0.005361506042367322 -0.01032935747767727 0
0.01894828739061808 -0.001371722404566784 0
0.01855225571271366 -0.0008327443176888757 0
0.01881446860216803 -0.000211440401191369 0
-0.01193891275436376 0.002936537307541158 0
0.008622807550300818 -0.000859950509079711 0
-0.006965466140777971 -0.009033740493238716 0
0.00869080980618585 -0.0002129522628768792 0
-0.001037181170262912 0.009640466001976154 0
0.007806780479685763 -0.008623929463512148 0
-0.0003273676594062629 -0.01594581570605261 0
-0.01492820523876459 -0.003944876676249718 0
0.00855480529441628 -0.00150694875528235 0
0.0098719733666035 -0.01568499787720999 0
0.00617753311298416 -0.002565378523244218 0
0.00866842663085628 -0.01636635081777405 0
-0.008018097719724624 -0.008268958884813807 0
0.005736921837001069 0.004022387301005033 0
-0.0005816744112129871 -0.01297543189758285 0
-0.0175862970424005 0.005714134292894516 0
-0.01686948379765817 0.00574458578692317 0
-0.01668301317832441 0.006454521851149313 0
-0.01715095884633466 0.006936421763709401 0
-0.006232336809107748 0.01411137229030854 0
0.008383289640515315 -0.0139174593073648 0
-0.00146289696317925 0.0002000997509174954 0
0.01656640402724943 -0.008802958292981018 0
0.008758812062070872 0.0004340459833259726 0
0.009353130107429032 0.0006986534253165814 0
0.008826814317955674 0.001081044229528779 0
-0.0139612781733097 -0.01091503330471824 0
-0.01455559621866783 -0.01117964074670922 0
-0.01402928042919411 -0.01156203155092154 0
-0.01503587869342017 -0.01074805060048993 0
0.009625139130968047 0.003286646410127309 0
0.00955713687508325 0.002639648163924728 0
-0.006692687540432893 0.01514181589277105 0
0.006993560183601324 0.005198600431188535 0
0.01135779326876034 0.008991847263733088 0
0.007693617268375821 -0.01723727928272584 0
0.007611859561357193 -0.016635299659112 0
-0.01297384207570555 0.009259695689805565 0
-0.009629642828818324 0.003347968829295748 0
-0.00162679827513495 -0.01785325575797608 0
0.01254642935947747 0.009521062147715351 0
0.001150979726581161 -0.007270231043979511 0
0.004817487995291977 -0.01550534344729971 0
0.004885490251176344 -0.01485834520109683 0
0.01123949101459385 0.01325622754515363 0
-0.001598901474949018 -0.001093896741488042 0
-0.007406077416761252 -0.002445974668986525 0
-0.006643157118959519 -0.0113571260360597 0
0.004412281234515529 0.002199175924618829 0
-0.004809902984605548 -0.01547468223772149 0
-0.01234692628967493 -0.0009454521696780511 0
-0.004283625259527996 -0.01585712543308092 0
-0.0042155912833131 -0.01521008352758884 0
-0.004076773652939578 0.007670430545817936 0
-0.004739093954184407 0.006758824857624541 0
-0.007302670645663274 0.009317777124895755 0
0.004719694773270143 0.01590392245710979 0
0.0144121918629324 -0.005066239962078233 0
-0.01657107974036711 -0.003444426768919018 0
-0.0170971236867069 -0.003062550668784947 0
-0.0177346518011765 -0.003330963641561101 0
-0.01760663842810945 -0.002647025609743686 0
-0.0175519205508382 -0.002021648391209797 0
-0.01806884531638955 -0.001669420467079479 0
-0.0180215770594257 -0.0009529612997773062 0
-0.009070729298671433 -0.007504177276388769 0
0.0007931563177602783 -0.01606333841002658 0
0.0008612501334712541 -0.01541655736282553 0
0.01122178875699277 0.007697850771328397 0
0.01069547296751858 0.008080241575540164 0
0.01062747071163402 0.007433243329336885 0
0.01010115492215919 0.007815634133547139 0
0.0161449186997035 0.0006389532505609537 0
0.01115378650110782 0.007050852525124955 0
0.01055946845574871 0.006786245083132273 0
-0.01650574892576168 -0.002797698133992825 0
-0.01518926637842923 0.009490733783721634 0
-0.00302694975515375 -0.01468086115960911 0
0.01600881177423951 -0.0006550324777325018 0
0.009846848156224108 0.01078601792256654 0
-0.01509668790017165 0.00523128456917196 0
0.00250756375594013 -0.01591528342730089 0
-0.002802433048725645 0.01440502044984502 0
-0.01426588493752107 -0.003033270988056119 0
-0.01260123305560814 0.002024931619348761 0
0.007330764688492451 -0.01315291718693229 0
0.007262720600963677 -0.01379982147772391 0
0.006736439671193837 -0.01341750896968767 0
0.006668394421675057 -0.01406441065060667 0
0.006142119108190727 -0.01368211075695447 0
0.005615811226705605 -0.01329973771437466 0
0.005547808707221443 -0.01394673536852288 0
-0.009493638317048702 0.004641965321701649 0
-0.01564082553828575 5.489616319241527e-05 0
0.005042003795087123 0.01358053691428204 0
0.004243678982072958 0.01137493473367671 0
0.0136316586791033 -0.001713474762170849 0
0.01310534288962812 -0.001331083957960709 0
0.01303734063374378 -0.001978082204164197 0
0.011375495526364 0.01455022403755747 0
0.01807483968588328 0.00208323637857323 0
0.008773707545142895 -0.01559408609197475 0
-0.009274736066326464 -0.0094451720149973 0
0.0151182040132398 -0.009054325527377116 0
0.01571672009844748 -0.009430658036201871 0
-0.00618203681083315 0.009199993762671292 0
0.01101778198933819 0.005756856032718003 0
-0.01530081425886038 0.003289887394210836 0
-0.0147744984693871 0.002907496589997451 0
-0.00278753756566532 -0.001623111625468618 0
-0.01523226292694607 0.003936827930198211 0
-0.01463849395761666 0.004201493082405144 0
0.01548258910596683 -0.0002726514609527357 0
0.006230639885804351 0.0141097517982688 0
0.009421132363313675 0.001345651671519301 0
0.001659593258450859 -0.01321099862202641 0
0.0008308316835040137 0.01663766550929083 0
-0.001087481168535307 0.0145518445296135 0
-0.01543681877063048 0.001995890901803436 0
-0.01550482102651548 0.001348892655599869 0
-0.01497850523704208 0.0009665018513868504 0
-0.003636162376957055 0.001082664721564908 0
-0.003568160121072141 0.001729662967767738 0
0.009453730103990747 -0.009124103629944931 0
0.005202050746798715 0.01846793484199992 0
-0.01192968681208104 -0.01307083230679066 0
-0.01249149464219038 -0.01325736695470221 0
-0.01042796764182904 0.001142366648699598 0
0.01695123733603129 -0.007559915283267275 0
0.01632326809036069 -0.007805372742439807 0
-0.002752133050452927 0.009493641922207453 0
-0.003301675462579272 -0.01726299792371806 0
0.01301963837614081 -0.007536458978000126 0
0.01354595416561437 -0.007918849782212675 0
0.01295163612025606 -0.008183457224203376 0
-0.006456483226140027 -0.01497399965951767 0
0.006804447737029024 -0.01277052377284744 0
-0.005132212006424608 -0.01315129669489902 0
-0.01246522854383655 0.003318928111755197 0
-0.01187091049848008 0.003583535553744657 0
0.0006749639353885169 -0.01179921876739846 0
0.0007429661912732664 -0.01115222052119553 0
-0.01139334827510639 -0.01343466562232503 0
0.01210301130896295 -0.005477680877169246 0
-0.0127372375673784 0.0007309351269420086 0
-0.01024166313178176 -0.002475015386529912 0
-0.004399082674758325 0.009993816088641892 0
0.004988897022268275 -0.003094593407225219 0
0.001476095522939931 0.01199289226234295 0
-0.002261221776192082 -0.002005502429681086 0
0.01110067972829639 -0.009624277796378982 0
0.0134779519097296 -0.008565848028415837 0
-0.005658527795897852 -0.01276890589068677 0
0.01785663778427617 0.00078295570762393 0
0.01832613123915471 0.0003056724732572759 0
-0.01604742143709386 -0.003826030968827969 0
-0.01552195590597073 -0.004208851333217957 0
-0.01056397215359956 -0.0001516298437073885 0
0.005006599279873541 0.002463783366609229 0
-0.0003748608690195739 0.01055207169017 0
-0.0004428631249045789 0.009905073443966621 0
0.0001514549204537268 0.01016968088595496 0
-0.001563496959736263 0.0100228568061887 0
-0.0089962549530485 0.01472419617213856 0
-0.01525051426058305 -0.001621491133427487 0
0.002070413568297941 0.01225749970433114 0
0.003191047403128062 0.01213971634210593 0
0.003785365448488106 0.01240432378409328 0
0.003259049659015279 0.01278671458830979 0
0.001032677472416885 -0.003005850762549903 0
0.001626995517774958 -0.002741243320559365 0
0.001100679728301736 -0.002358852516347054 0
0.001694997773659699 -0.002094245074356466 0
-0.01395850549827881 0.01067142861048294 0
0.003102413265382923 -0.01565203433224781 0
0.006414137621315015 -0.01109413908610183 0
-0.01465619621522452 -0.001356883691436833 0
-0.0006468698925596328 0.007964078705356481 0
0.0004737639422713981 0.007846295343131325 0
0.008859412058632438 -0.00938871107193593 0
0.006295835367150277 -0.006829758804670363 0
0.006363837623035098 -0.006182760558467439 0
0.006958155668392786 -0.005918153116477145 0
0.00643183987891899 -0.005535762312265388 0
0.005769519577676662 -0.006447368000458414 0
0.007484471457866325 -0.006300543920689192 0
-0.00954393831532482 0.009553343849341773 0
0.008927414314517268 -0.008741712825732693 0
0.009708040675446856 -0.01209449596631178 0
-0.009292438323936005 -0.01500354878883272 0
0.01071036845059225 -0.007947890499760094 0
0.002052711310690404 0.006699122930491461 0
0.002647029356048566 0.00696373037248091 0
0.003173345145521567 0.00658133956826844 0
0.003241347401406432 0.007228337814471032 0
0.001458393265332027 0.006434515488501617 0
0.001390391009446433 0.005787517242298897 0
0.01028745943221013 0.004198252098320859 0
-0.005386518772357814 -0.01018091290587566 0
-0.007864390950349069 -0.001416585618569216 0
-0.007338075160875823 -0.001798976422782557 0
-0.009614747953436198 -0.01268016057300568 0
0.001816106802372847 0.01522788349336284 0
0.002342422591843728 0.01484549268914934 0
0.002936740637202476 0.01511010013113958 0
0.01239272259010452 0.002668688881472075 0
0.01291903837957871 0.002286298077260504 0
0.01351335642493722 0.002550905519253095 0
0.01232472033421978 0.002021690635269337 0
0.01285103612369483 0.001639299831059718 0
-0.01390817140048844 0.005760097016799855 0
-0.01443433287414944 0.006142471601767519 0
-0.01436630489896266 0.006789467144763372 0
-0.006439150351304625 -0.009416131297451249 0
-0.005844832305946361 -0.00915152385546053 0
0.006109530857099605 -0.003212376769447081 0
-0.003464753349969617 0.01349341476165098 0
-0.01356816012106399 0.008995088247815298 0
-0.01363616237694932 0.008348090001612478 0
-0.01304184433159078 0.008612697443602529 0
-0.0131098465874761 0.007965699197399546 0
-5.535862173952083e-05 -0.01335782270179536 0
0.001354986494235676 -0.005329236305370916 0
0.0007606684488775527 -0.005593843747361478 0
0.00128698423835085 -0.005976234551573794 0
-0.004008771397054491 0.008317428792022654 0
-0.01433388719340609 -0.003680269234259335 0
-0.01590249090138019 0.007964973169612432 0
0.00225391130380921 -0.01294639118003578 0
0.002321913559694343 -0.01229939293383262 0
0.002916231605051851 -0.0120347854918425 0
-0.01007306088048721 -0.01165077419055275 0
-0.01059937667015172 -0.01126838338549988 0
-0.01034506990288268 -0.01423876718040709 0
-0.007678086440299998 -0.0050339676537978 0
-0.007083768394941887 -0.004769360211807684 0
-0.007151770650826637 -0.005416358458010499 0
0.006263237626474371 0.00363999649679282 0
0.01283333386608903 -0.003919076942773159 0
-0.009357633805278995 0.005935961814107716 0
-0.01144800148010515 -0.008562607044349076 0
-0.0003245608707418973 0.005640693162530314 0
0.0002017549187311241 0.005258302358317514 0
0.004344278978630888 0.001552177678416066 0
-0.003600757861741411 0.0121994182692434 0
-0.00338185561102348 -0.001887719067459194 0
0.00444487897519107 -0.008270579376845617 0
0.003918563185717635 -0.007888188572633705 0
-0.01069997666536972 -0.001445626336114186 0
0.00994744815278711 0.0009632608673070791 0
0.01018405266111867 -0.007565499695547656 0
0.01025205491700324 -0.00691850144934459 0
0.009725739127529094 -0.006536110645132762 0
-0.01143029922249853 -0.003004230270510327 0
-0.007524379670924957 0.001818405612446262 0
-0.00699806388145138 0.001436014808232561 0
-0.006930061625566382 0.002083013054435565 0
-0.004230480422315257 0.0008180572795744737 0
-0.01296917845287322 -0.01231653103425579 0
-0.005655721021359894 0.008817602958457672 0
-0.007746088696184922 -0.005680965900001019 0
-0.006625454861353218 -0.005798749262223024 0
-0.01739577741452199 -0.0007335015502769277 0
-0.01244752628623215 0.008877304885592798 0
-0.0009868811719849807 0.004729087474336848 0
-0.0003925631266269317 0.004993694916327169 0
0.003800260931552213 -0.003623808291206035 0
-0.01377213688286661 0.007054090355464266 0
-0.01486020298287962 -0.003297878430046506 0
-0.00749178193025129 -0.008651349689026384 0
0.000574363938828459 -0.00197646171213481 0
-0.0006999766653781778 -0.008711051616153962 0
-0.006693457117238112 -0.006445747508426092 0
-0.006099139071879914 -0.006181140066435718 0
-0.005572823282406746 -0.00656353087064825 0
-0.003228148841647779 0.004964654198780806 0
-0.003296151097532529 0.004317655952578076 0
0.003528251908013283 -0.006211801276017132 0
0.01130468649595057 -0.007683283057769323 0
0.01193440905651592 0.003698077931887523 0
-0.0095970450881449 -0.007121786472176221 0
0.001168681984186486 -0.001711854270144186 0
0.001236684240071321 -0.001064856023941414 0
0.001763000029544496 -0.001447246828153711 0
-0.007184368391500699 0.005053396843460964 0
-0.004094475910545334 0.002112053771980302 0
-0.003500157865187265 0.002376661213970482 0
0.005701517321792053 -0.007094366246661151 0
0.01225671807833492 0.00137469238906716 0
-0.004333887193411222 -0.01094569451430077 0
-0.006658052602027292 0.004671006039247789 0
-0.005537418767195635 0.004553222677025539 0
-0.009375336062884335 0.0003775850402727805 0
0.004326576721025648 -0.004006199095418437 0
0.009149123339774311 -0.001242341313291846 0
0.003749960933272881 0.001287570236425648 0
0.01770209374574364 -0.0005059307987826168 0
0.009914850412109086 0.01143301616876895 0
0.007298166947815736 -0.002683161885466105 0
0.007366169203700265 -0.002036163639263271 0
-0.008068397718003842 -0.003357580357179055 0
0.005532915069346815 0.002081392562396926 0
-0.009153627037622493 0.007876956552719611 0
0.0142613812396701 0.009667886227485736 0
-0.01300924659091873 -0.001857057857871831 0
-0.003263553356859563 -0.006152099348889153 0
0.003137940630309722 -0.004535413979399317 0
0.002697329354326638 0.002052351844850225 0
0.01568662139979343 0.001668340594747545 0
-0.0004456698994432781 -0.01168143540517667 0
0.004462581232794992 -0.002712202603012823 0
0.004394578976910249 -0.003359200849215635 0
0.002085309051363253 -0.003770632370974579 0
0.004072269955091507 -0.001035815306394936 0
-0.007660384182694609 0.000524409120040328 0
0.01582259312812186 0.002962340532831668 0
0.0001663504035194152 -0.005858451189352008 0
0.001881302283708924 -0.005711627109583237 0
0.00644954213652339 2.26144615668118e-05 0
-0.00193891275437353 -0.004328887972502367 0
-0.002006915010258408 -0.004975886218705261 0
-0.009561640572933497 0.0039949670754987 0
-0.003991069139443451 0.01387580556586387 0
-0.005638018763749373 0.01437597973229931 0
-0.004706496213509648 -0.003710930443846194 0
-0.000563972153608477 -0.007417055123748266 0
-0.01499125676765724 -0.01012137717328597 0
-0.002346926289682754 -0.008210877449719664 0
-3.765636413505861e-05 -0.007799445927960577 0
-0.005114509748818362 -0.007592919921063438 0
0.0001011549221801281 0.01508105941359186 0
-0.003925873658102451 -0.007063705037082556 0
-0.00109028794308172 -0.007034664319535871 0
-0.002225817260979544 0.009111251117994804 0
0.003256242884474041 -0.008799794260828579 0
0.0003023549152891294 -0.004564454696946207 0
0.01594075006537718 -0.001302024475176393 0
0.0004206571694535415 -0.008828834978375522 0
0.01203500905307817 -0.006124679123372339 0
-0.01214291952201948 0.0009955425689321619 0
0.01386826318743378 -0.0102422353250345 0
0.00021945717633852 0.01081667913215954 0
0.004716887998729273 -0.0056825863920359 0
-0.009425636061163836 0.005288963567904693 0
-0.002737237567386318 -0.006534490153101551 0
-0.003943575915707818 -0.01262208181091793 0
0.01169499777365477 -0.009359670354388134 0
-0.005247707486046434 0.01269959243567968 0
0.001440691007725863 0.0008761387146666283 0
0.003004659174869933 0.01575728641153991 0
0.002525920327346528 -0.01035839819522451 0
0.006091828599495924 -0.008770753543279436 0
0.01295444289478154 0.01340305162492095 0
-0.003331555612744417 -0.006799097595092047 0
0.004140272210976351 -0.0003888170601921819 0
0.004039672214417979 0.009433939995069147 0
0.004633990259775823 0.009698547437059366 0
0.009131421082171463 -0.006800718087122942 0
-0.008100995458677516 0.007112174944291991 0
-0.00923933155111426 0.001671581532678567 0
0.002493322586672109 0.000111357106242006 0
-0.005877430046619906 0.001318231446009213 0
0.001425104766615904 0.01690292363678325 0
0.008708512063789335 0.005345424510956037 0
-0.001702308246044845 -0.0128576485353615 0
0.004666588000449479 -0.0007712078644044896 0
-0.01190631501369359 -0.007533217993933345 0
-0.001956615011978893 -0.00988726474633753 0
-0.002482930801452175 -0.009504873942125229 0
-0.005927730044899529 0.006229609973645092 0
-0.0007148721484451657 0.007317080459149031 0
-0.009002727042786533 -0.006857179030185543 0
-0.001853208240882563 0.001876487047535345 0
-0.009511340574653953 -0.0009164114521346325 0
-0.008290106743265647 -0.01085695186962448 0
-0.01280523982326343 8.393688073844357e-05 0
-0.0002742608724632393 0.0007293146348981078 0
0.005092303793363805 0.008669158386644605 0
-0.009020430472341726 -0.01241555064898634 0
-0.01701576613905158 0.003143063314442468 0
-0.007352970643939239 0.01422915565253055 0
-0.003704164632842006 0.0004356664753620208 0
0.004308874463420909 -0.009564575869252374 0
-0.002701833052174462 0.004582263394568437 0
-0.001480599220785189 -0.005358277022917687 0
-0.008083293201067663 0.01267055171813434 0
-0.01014106350222261 -0.01229777082749707 0
0.009403430105708696 -0.004212725102314825 0
-0.004484787188248908 0.003788441068598272 0
0.005923226347050283 0.0004050052657791396 0
-0.007456377415039813 0.002465403858648663 0
-0.003313853355138584 -0.001240720821256222 0
-0.004265884937526356 -0.0102986962680968 0
-0.006912359367961345 0.007641389828273054 0
-0.004960802979443273 -0.0007405466548218392 0
0.006552948907618652 0.01178636625543474 0
0.006348942139964064 0.009845371516827588 0
0.007247866949535949 0.002228216642165496 0
0.003427651911454199 0.003610955779246028 0
-0.007950095463839697 -0.007621960638610637 0
-0.004112178168151445 -0.003446323001855625 0
-0.006046032299062995 0.01049399025507893 0
0.002765331610211462 0.002699350091052937 0
0.004684290258054744 0.004787168909429439 0
0.0002343526594042833 -0.005211452943149106 0
-0.001631499215621232 0.009375858559985432 0
0.008164494016712627 0.0001694385413354165 0
0.001218981982465974 -0.006623232797776644 0
0.001677295516054432 -0.007652621848191701 0
-0.01080057666192706 0.008377130719157525 0
-0.001122885683754861 0.003435090981931148 0
0.008063894020152109 0.009992195596596077 0
0.003037340633750954 0.005287343075863461 0
-0.008544413509197999 -0.007886568080601276 0
-0.001412596964900313 -0.004711278776714773 0
-0.01458819395933935 -0.0007098854452334491 0
-0.004212778164709865 0.00637643405340974 0
0.008962818829725105 0.002375040721934174 0
0.007179864693651096 0.001581218395962745 0
-0.002329224032076978 -0.002652500675884137 0
-0.0123292240320692 0.004612924604161879 0
-0.01173490598671168 0.00487753204615018 0
0.00357855190629329 -0.01112317980364933 0
0.007670775967915919 -0.009917925955917551 0
-0.009325036064605486 -0.00453379348736291 0
0.01595830569807904 0.004255885983331421 0
0.00137268875184099 0.0002291404684639046 0
0.001899004541314143 -0.0001532503357483629 0
-0.005623123280686412 -0.001652152343015262 0
-0.005741425534850015 0.002612227938414903 0
0.005074601535758211 0.003110781612811936 0
0.005328908301692298 0.0001403978237887003 0
0.01390366770264305 0.0008745182226420964 0
0.01330934965728457 0.0006099107806517424 0
0.002815631608490696 -0.002212028436578469 0
-0.01139263782698088 -0.01457208335494204 0
-0.00509680749121315 -0.002034543147227739 0
0.006076933116424784 0.007257378532017817 0
0.001780702287150182 0.004111129945680149 0
0.001999604537873332 -0.009976007391012226 0
0.00677185115834227 -0.00230077108125376 0
-0.00939303832049029 -0.005180791733566432 0
-0.003585862378678161 -0.003828713806068023 0
0.001050379730022512 0.002552526011284366 0
0.009879445896902355 0.0003162626211042574 0
-0.003653864634563041 -0.004475712052270946 0
-0.001971510495046502 0.006140867328964744 0
0.002392722590114172 0.009934114161503572 0
-0.001906315261661304 -0.01479864361526162 0
0.005346610559297389 0.005698774597622376 0
0.001813300027824077 -0.006358625355786088 0
-0.0171270538269962 0.001855162088462464 0
-0.006353445837814362 -0.003210756277411742 0
0.004361981236236753 0.007110554452249259 0
-0.003213253358579777 -0.01106347787652144 0
0.0005063616829436431 -0.002623459958337592 0
0.007688478225519296 -0.004359549182083786 0
-0.00207211049159635 0.0159636243842425 0
-0.001566303734275243 -0.01156365204295555 0
0.007978189506663571 0.003786820576561436 0
0.007774182739009083 0.001845825837953187 0
-0.01916261950643024 -0.0007539807830267225 0
-0.00548711876891653 -0.0003581558506093983 0
0.008877114316235295 -0.00383033429810263 0
0.01173040228886147 0.00175708319327891 0
0.00673925341766727 0.008168984220210637 0
0.01086407521996408 -0.001095517233523192 0
-0.00105769020240625 -0.01750441962100617 0
-0.0005260860570508864 -0.01788312512792336 0
-0.008949620269966482 0.009817951291332189 0
0.007079264697091444 0.01140397545122247 0
-0.01229662629139756 -0.005856830697313689 0
0.009438834620916898 0.006904028445352315 0
-0.002042322403499445 -0.01609264372764801 0
0.005021494191812764 -0.01356434742590693 0
-0.003349257870349544 -0.01235747436892729 0
-0.003736762373514607 0.01090542177683555 0
-0.00564082553829161 -0.007210529116851096 0
-0.01316295336029601 -0.00870943112411723 0
0.0143116812379499 0.004756507699858373 0
-0.004331080418873205 0.01064081433484511 0
-0.0007502766636573521 -0.003799673088521397 0
0.005668919581116304 0.003375389054802357 0
0.008522207553740007 0.008962806546181638 0
0.01159439777709173 0.0004630867008730287 0
0.008046191762547925 0.004433818822764104 0
0.005819819575956718 -0.01135874652809252 0
0.00847190755546115 0.01387418507380937 0
-0.002958946743749851 -0.01403386187352244 0
-0.003553264814291936 -0.01429846935017618 0
-0.0124149285455601 -0.001592450415881385 0
0.007741584998333898 0.01231558113941484 0
0.01392136996024637 0.006432894996478828 0
0.01339505417077233 0.00681528580069208 0
0.01346305642665524 0.007462284046891704 0
-0.001140587941360763 -0.002123285791903359 0
0.008300498528482293 0.001463435033740949 0
-0.002870435304610709 0.01375802220364158 0
-0.0008005766619363373 0.001111705439110462 0
-7.025410480858628e-05 0.002670309373506328 0
0.008998223344933663 0.01349179426959715 0
-0.00842330448049405 0.009435560487119275 0
0.007791884996613084 0.00740420261178628 0
0.005260906045807437 -0.0005066004224140502 0
0.007995891764267198 0.009345197350393722 0
0.01602404623973677 -0.006216204464280823 0
-0.01294124433503363 -0.001210059611668417 0
0.001254386497677077 0.00449352074989249 0
-0.01268693756910089 -0.004180443400694356 0
0.01013375266283638 -0.002654121167919339 0
0.01628087978683919 0.001932954307079876 0
0.002783033867817765 0.008257726864885937 0
-0.01017719759217731 0.01417460272708339 0
-0.01018850965870085 0.01476157492973666 0
-0.01227892403378983 -0.0002984539234746185 0
-0.002497826284519752 0.006523258133177232 0
-0.004774498469394563 -0.004357928690049131 0
-0.009203927035899168 0.0127883350803565 0
0.01507449187535818 -0.00415463214144361 0
-0.008831318015805584 0.005553571009895283 0
-0.004741901786065126 -0.01482768544682776 0
0.007434171459584931 -0.001389165393060502 0
-0.0002919631300689782 -0.004829062138936697 0
-0.007692981923364759 0.01099416442151595 0
0.004974001539201313 0.01293353866807341 0
0.003359649655569353 0.002963957533043363 0
0.01266473161364328 0.005256681866286052 0
-0.008967322527575251 0.004259574517489316 0
-0.009103327039344815 0.002965578025083517 0
-0.003689291081781012 -0.01559249578676245 0
-0.007574679669204316 0.006729784140079411 0
0.00519290378992259 -0.001153598668616796 0
-0.01119088793962985 0.01005351801577682 0
0.001609293260169676 -0.008299620094394495 0
0.0004560616846645336 0.00228791856929397 0
-0.005436818770637343 -0.005269534378242601 0
-0.006436343576763267 0.01217037755169939 0
-0.002769835308059234 0.003935265148365707 0
-0.001974318875518921 -0.0154456437305546 0
0.005411623624400804 -0.01524032629170558 0
-0.01119369472395522 -0.01153299079034524 0
-0.01165200824809937 -0.01050360178146787 0
-0.01039536990115799 -0.009327388652774632 0
0.01534656935293073 -0.001566646351438018 0
-0.004180180424036341 -0.004093321248058563 0
0.005160306049248684 0.009316156632847067 0
0.002460724845999475 0.01058111240770615 0
-0.009919354109963941 -0.004798400929352883 0
-0.01394357591570274 -0.005356656530878379 0
0.01514241507021654 -0.00350762558559112 0
0.005719219579395713 -0.001535989472829096 0
-0.0001708541013648444 0.01249306642877915 0
-0.006826654854466053 0.01384676484831796 0
0.005976659736751771 0.01707737350048036 0
-0.009697645084702972 0.002700970583092968 0
0.01413988117137522 -0.007654201240304304 0
0.005278608303412539 0.005051776351419814 0
0.01500635602035053 -0.004801616345813368 0
0.006245535368868947 -0.001918380277041443 0
0.005822626350491237 0.01022776232103973 0
-0.0008837995650565067 0.0164923917181283 0
-0.008609608990540824 0.01305294252234693 0
0.01186640680063117 0.003051079685684582 0
0.0007280707082040951 0.00487591155410488 0
0.009844041381694712 -0.01080049092656372 0
0.008061087245619911 -0.01159431325253571 0
-0.0006496766670979008 -0.01362243014378615 0
-0.01423048042230749 0.00808348255962239 0
-0.00689746388489301 -0.008386742247035553 0
-0.004381380417146846 0.01555219286248371 0
0.0100983481476289 -0.01377087471558798 0
-0.002429824028634736 0.007170256379381152 0
0.01008345266455657 0.002257257359712666 0
0.003291647399684514 0.002316959286840697 0
0.01420791424047094 -0.007007206232700383 0
-0.001039987944801814 -0.01194604284716773 0
-0.001107990200686518 -0.01259304109337067 0
0.008486803038531714 -0.002153947001485114 0
-0.000818278919542214 -0.004446671334724287 0
-0.006068146819145583 -0.01664550406003237 0
0.01750726008782719 -0.002433362148101537 0
-0.01725438738635062 0.0005524195769105125 0
0.007874782735570549 -0.007976931217307774 0
-0.01202461726785704 -0.003268837712500733 0
-0.005555121024801454 -0.00100515409681233 0
-0.008562143404603728 -0.01344476537954401 0
0.006599840381104147 -0.01471016956811235 0
0.003817963189157659 0.001934568482628386 0
0.004057716401746833 -0.0170242055646254 0
-0.01424818267991372 0.002525105785784171 0
-0.01453860421885665 0.01102676182700865 0
0.01208530905135864 -0.01103605765100691 0
-0.001666903730833945 -0.001740894987690881 0
0.01634813310774373 -0.009416079237870007 0
0.01438752564137744 -0.01061933925017037 0
-0.01107258568546897 0.005789137734340507 0
0.01064517296923622 0.01299162010316354 0
0.007788866516251419 -0.01418183073826834 0
-0.00484250072527935 -0.005004926936252024 0
0.01597400873418846 -0.01063045248471954 0
-0.006758992131537149 0.0144939388531957 0
-0.01171720372910325 0.01043590881998964 0
0.0007103684505981283 -0.0006824652197292179 0
0.005804924092885724 0.004669385547207658 0
0.006475217066498737 -0.01664706304964766 0
-2.251848923686888e-06 0.003317307619709021 0
0.009388534622636566 0.01181540697298104 0
0.01066006845230959 -0.003036511972131691 0
0.001304686495956168 -0.0004178577777387629 0
-0.01462343134794921 -0.006268899425962517 0
-0.001004583429590961 -0.0008292892994977431 0
0.01556831958455226 0.005932720830045421 0
0.004651692517385461 0.01525692421090623 0
0.004631183485241212 -0.01188796141207389 0
0.006671251161782455 0.007521985974008189 0
-0.01362126689388458 -0.007680042073701064 0
-0.01869132594921855 -0.001943945058558623 0
0.009113719458820321 -0.01235909628551731 0
0.00410486769576709 -0.01150557060786183 0
-0.0008536834543932123 -0.01556342490942934 0
-0.003535562380398764 -0.008740092333700499 0
0.01427546442521165 -0.006360160471905255 0
-0.01555402444739491 0.006263223513543303 0
-0.007166666133892009 0.01061177361730337 0
0.01156180003641241 0.01093284200233546 0
-0.007967823470300122 -0.01318015659563829 0
0.01877298566400611 0.001996877785307348 0
-0.0121783240373255 -0.01012121097834302 0
0.01094977973345362 0.005109857786514985 0
-0.00052856763839684 0.003699698423921432 0
0.01839894518270535 0.003248129097893802 0
0.003850560929832571 -0.008535186818837057 0
-0.01164886423479589 0.01108204954002712 0
-0.009271929291784178 0.01214133683415363 0
0.01118638424178253 -0.003418902776343569 0
-0.01401450069342168 -0.006003760978230004 0
0.008655405290978054 -0.01132970581054504 0
-0.002057215008537359 -6.450769107265164e-05 0
0.01222131356312827 -0.009742061158600528 0
0.01015145492044144 0.002904255605915452 0
-0.0126189353132157 -0.003533445154491182 0
-0.01224320021377792 0.01081742166467835 0
-0.01502901711506614 0.005878898086209365 0
0.01139039100943732 -0.001477908037735556 0
0.003442547394525309 -0.0124171762960551 0
0.01117148875870906 0.01260922929895168 0
-0.003621272445713885 -0.01494547499517198 0
-0.00470368943896519 0.01787557840530742 0
-0.00528878846495409 0.01761536020588193 0
-0.001394894707294324 0.0008470979971202218 0
-0.007506677413319476 0.007376782386282432 0
-0.00076517214672246 0.01222845898678847 0
0.002357318074902446 -0.001182639386163342 0
0.01313794063030615 -0.01180083925943212 0
-0.002941244335040745 -0.008475484891710093 0
0.005293503786482219 -0.01097635572388035 0
0.005228308305133551 0.0099631548790495 0
0.008894816573840293 0.00172804247573147 0
0.006073953932794876 -0.01432874307994318 0
0.01374978687746705 -0.005977836749601433 0
-0.006149439070159524 -0.001269761538802749 0
0.007655880484843447 0.00611020611938118 0
-0.005318516516472866 -0.009533914659672366 0
-0.01375727140565468 -0.008974038566107959 0
-0.004908542575077173 0.01593467262360589 0
-0.01105442933254336 0.01134642587436694 0
-0.001888612756094161 -0.009240266500134812 0
0.002289315819017606 -0.001829637632366093 0
-0.00750934846436227 -0.01420748613416318 0
-0.008032993202792079 0.007759173190495213 0
-0.003993875913987242 -0.007710703283285355 0
-0.004520191703460427 -0.007328312479073009 0
-0.0004605653825119102 0.004346696670124266 0
0.01381788061171012 -0.005330848118161133 0
-0.001294294710736176 -0.008975659058144353 0
0.003853367704374439 0.01305132203029804 0
0.003392247396244081 -0.007505797768422235 0
0.01527858998586462 -0.002213647003353285 0
0.002221313563132759 -0.002476635878568835 0
-0.00504650749293362 -0.006945921674860687 0
-0.004061878169872027 -0.008357701529488129 0
-0.003432155609302205 0.003023659460173054 0
-0.002973842075714071 0.00199427040975791 0
-0.009339931547669258 0.01149433858795069 0
-0.006915143521917516 -0.01394474563275423 0
-0.0007679789212628635 -0.009358049862356678 0
-0.006388785019134353 -0.01432736285843568 0
0.007147266952976334 0.01205097369742468 0
0.006399242138243687 0.004933992989198098 0
0.005515212811741635 -0.003476984211437537 0
0.01162699551776996 -0.01000666860059136 0
-0.01400707447372687 -0.01263827001649564 0
0.001831002285429306 -0.0008002485819510509 0
0.002153311307247948 -0.003123634124771678 0
0.002679627096721111 -0.003506024928984032 0
-0.002414928545567458 -0.008857875695922468 0
0.01191670679891052 -0.001860298841947827 0
-0.001407245295757559 0.01686694790952862 0
0.003205942886194366 -0.003888415733196482 0
0.007197566951255377 0.007139595169795999 0
-0.0001056586200198601 -0.008446444174163344 0
0.004701992515660608 0.0103455456832618 0
0.0121887158224498 0.0007276941428640828 0
0.003986565441602131 -0.007241190326431078 0
0.0004886594253384906 -0.00818183673217282 0
0.009320532366751616 0.01116840872677874 0
-0.01577683005005627 -0.001239100329214837 0
0.001082977470696382 -0.007917229290182268 0
0.01275043612712722 0.01146205688631907 0
0.009489134619198453 0.001992649917722041 0
0.01700075401944806 0.003492719674966852 0
-0.01368926914976958 -0.0083270403199045 0
0.004953492104339222 -0.01421134605036663 0
-0.01450247910799676 0.005495723562192179 0
0.004175676726187655 0.01072793648747419 0
-0.01149830147838379 -0.00365122851671346 0
0.01614748396406439 0.006190467165937628 0
-0.01788078284690208 -0.004502118659644296 0
0.0006528482372154698 0.01851371140680434 0
0.01917362921051137 0.0007924798151173136 0
0.008726214321394119 0.01090380128478856 0
-0.005910027787291106 0.01178798674748632 0
0.01448020977514723 -0.004419243361421368 0
0.006620951163503414 0.012433364501637 0
0.01580487433248403 -0.002596034502788852 0
-0.01839803340276244 -0.003236990914091802 0
-0.00497850523704883 -0.006298923428657803 0
-0.001530899219064108 -0.0004468984952852253 0
-0.007320372903270205 0.003759400351054014 0
0.003238540075155349 -0.0143581771849441 0
0.009066225600818484 0.01413879251579876 0
-0.01513221200641964 -0.00588587141485921 0
-0.006794057113796583 0.003377009546840825 0
0.004837997027430783 0.01163954217566657 0
-0.01090398343302552 -0.00338662107472314 0
0.00435917384286663 -0.01447596039641094 0
0.007960487249058307 -0.001771556197272822 0
0.01155899326188511 -0.0106536668467945 0
0.009181721820414084 -0.01171209827674053 0
0.007723882740728283 0.006757204365583682 0
0.01573650501906618 -0.003242994169691181 0
0.006023826343610954 -0.009417751789482584 0
-0.007243027910078173 0.0155500260141792 0
-0.00431382766758015 0.01619923835370501 0
0.01049146619986405 0.006139246836929097 0
-0.005504821026521991 -0.005916532624445455 0
-0.003192747399002799 0.01608140806940536 0
0.006688953419388584 0.0130803627478397 0
-0.01370415963185876 0.007701091229785761 0
0.005837521833561508 -0.005800369754255711 0
0.007738778223800679 -0.009270927709714752 0
0.01484873132812112 0.009924854487846264 0
-0.01137999922422039 -0.007915608798146024 0
-0.006335743580208054 0.002347620496425123 0
0.01555060410328445 0.0003743454460718004 0
0.0007960729640890617 0.00552290980030797 0
-0.009934249593027612 0.01122973114596036 0
0.003105342889636138 0.005934341322066085 0
-0.002905839819828991 0.002641268655960404 0
0.01505107817554706 0.01187439523450187 0
-0.01428358719512832 -0.008591647761895083 0
-0.0037192264909408 0.01646381603739893 0
-0.003807571403937674 -0.01132808531851213 0
0.003832857925421373 -0.01409357176792136 0
0.0148461950763494 -0.01097160242454553 0
-0.001921210496767459 0.001229488801332723 0
0.005479686883662646 -0.01459346506133187 0
-0.0003776676435589823 -0.01103443715897414 0
-0.006403745836093041 0.001700622250222279 0
0.01157669551948886 -0.005095290072957732 0
-0.01508621615505724 -0.01190487603188123 0
0.01648289362253898 0.003873542617503523 0
0.003699660934994237 0.006198948764056388 0
0.008333096269159034 -0.009006320267724141 0
0.0008640752199740086 0.006169908046511212 0
-0.002447526286240728 0.001611879605545279 0
-0.003875573659822526 -0.01197508356471503 0
0.001931602281988918 -0.0106230056372148 0
0.01208811582588535 0.01055045119812607 0
-0.01046048969994822 0.01161194051120362 0
-0.01207491726613439 0.001642540815135396 0
0.006162637629916005 0.01346275355205363 0
-0.01404417591225832 0.004466100524394197 0
-0.01058167441120682 -0.005710006617547216 0
0.003170532011938976 -0.01500517497585662 0
0.0001486481459147418 -0.01141682796318638 0
-0.007066066137336161 0.0007890165620289384 0
0.001337284236631175 -0.01088761307920524 0
0.01236012484942413 0.01313844418293163 0
-0.01480964533988339 -0.008209835637195174 0
-0.01518251200469791 -0.000974492887224389 0
-0.003364153353417313 0.00367065770637563 0
-0.005315709741932605 0.01205259418947597 0
0.0008109684471574943 -0.01050522227499293 0
-0.01445218944756876 0.0005841110471736784 0
-0.006031136815995302 -0.005534141820233186 0
-0.01236462854728274 -0.006503828943516856 0
0.009776043688912502 -0.01144749942166311 0
0.007061562439485905 0.005845598677390993 0
0.01111838198589805 -0.00406590102254535 0
0.008658212065509114 0.01025680303858631 0
-0.007728386438579834 -0.0001225891261631903 0
-0.002003684598707508 0.01660924232378461 0
-0.009851351854079177 -0.004151402683149089 0
-0.001927894500984632 0.01723933041623906 0
-0.007202070649106183 -0.0005049799303768278 0
-0.01470640470083039 0.003554485217831809 0
-0.00655745260546861 -0.0051517510160205 0
0.01550909537866138 0.01016608617379009 0
0.01183380905995167 0.01352083498714351 0
-0.01504650749292729 0.0003195036051831037 0
-0.006489450349583937 -0.004504752769817538 0
-0.006743757115517587 -0.00153436898079288 0
-0.006947763883172445 -0.00347536371940188 0
-0.007015766139057172 -0.004122361965604737 0
-0.002598359771667837 0.01634578556793255 0
-0.0151145097488126 -0.0003274946410206732 0
-0.00800039546211935 -0.002710582110976419 0
0.003835665446764163 0.007492945256461388 0
-0.01418016517191675 0.003172102428926191 0
-0.01098597463275184 0.01199237453762953 0
-0.01484250072527214 0.002260498343793927 0
0.01076347522340371 0.008727239821742658 0
-0.01343496238415031 -0.01129742410754916 0
-0.01051367215532232 -0.005063008371342362 0
0.008590209809624286 0.009609804792384047 0
-0.007474079672645795 -0.003092972915189125 0
0.002715031611933304 0.007610728618683517 0
-0.01539487342785299 -0.008475635767433147 0
-0.003890469142890791 0.004053048510588181 0
-0.0128406443388728 -0.01103281666520417 0
-0.004416784932364158 0.004435439314800736 0
-0.005469416511311061 0.005200220923227771 0
-0.005401414255426043 0.005847219169430133 0
-0.004943100721837059 0.004817830119013303 0
-0.01438418719168351 0.001231109293377116 0
-0.01349577662507684 -0.01193452890094768 0
0.01037036173720719 -0.01118289198626765 0
-0.01457037823902088 0.004848587749830905 0
-0.01091830747222011 0.01264017380595905 0
-0.01030966538766722 -0.003122013632733045 0
-0.004469891705181016 -0.01223969100670595 0
-0.01277264208264894 -0.01038581842049182 0
0.01003315266627513 0.007168635887344122 0
-0.01491050298115708 0.001613500097590306 0
-0.007270072904990929 -0.001151978176579562 0
0.002457918071462227 -0.01100539644142694 0
0.002576048987276698 -0.01526940973350125 0
-0.005064209750539259 -0.01250429844869661 0
-0.008222104487380168 -0.01020995362342203 0
-0.005590525540012809 -0.01212190764448423 0
-0.007763790953791723 -0.01123934267383701 0
-0.006711159374845259 -0.01200412428226202 0
-0.007169472908433048 -0.01097473523184708 0
0.002984233860935883 -0.01138778724563981 0
0.009693141386852282 0.003933644656329578 0
-0.006116841329486298 -0.01173951684027175 0
0.01089673143873159 -0.01156540387892828 0
0.01149103183077796 -0.01130075678694966 0
-0.009342738322211885 -0.01009217026119967 0
-0.005265409743656636 0.007141215661837533 0
0.01288644063889672 0.01275605337871977 0
0.002049855030691248 -0.01488727283722798 0
-0.009801051855799145 -0.009062781210784767 0
0.009116525599097255 0.009227413988171928 0
0.009574839132685642 0.008198024937758178 0
0.0009292676493276566 -0.01476959531645641 0
0.001455533927968568 -0.01515186891801395 0
0.01201732510430454 -0.01168309701951731 0
-0.01032736764527263 -0.008680390406572197 0
0.007587878228959009 0.005463207873179088 0
0.003767663190879156 0.006845947010258876 0
-0.003668760117628496 0.01155242002303898 0
-0.009647345086423802 -0.002210407944540302 0
-0.008748420276853361 -0.009827562819209644 0
0.00966054364617577 0.01440339995778841 0
0.01306993837442172 -0.01244783750563512 0
0.0081141940184321 0.005080817068966795 0
0.01349565416733281 -0.003007471254579123 0
-0.01085368343474651 -0.008297999602359274 0
0.003510549650409416 -0.01177017804985219 0
0.00218871582246014 0.007993119422896313 0
0.009642841388569835 0.008845023183960425 0
0.008640509807905251 0.004698426264754317 0
0.01254145402513938 -0.01206037574991416 0
-0.01131199696833461 -0.007268610551943891 0
0.01341275642836879 0.01237366257450903 0
-0.01017366087589693 -0.001828017140327445 0
0.004054567697486619 -0.006594192080228799 0
-0.005333411999541313 0.006494217415632967 0
0.009166825597378709 0.004316035460541894 0
0.001662400032987186 0.008375510227108723 0
0.004311681237959053 0.01202193297987946 0
0.004648885742844456 -0.006329584638237904 0
-0.009783349598194426 -0.003504404436946209 0
-0.01144250326679317 0.01303100103720681 0
-0.01010565862001168 -0.001181018894124506 0
-0.006862059369681501 0.002730011300638195 0
0.005243203788202934 -0.006064977196247 0
0.001068081987629354 0.008110902785119618 0
-0.01003765636412688 -0.0005340206479207961 0
0.01035546168809467 0.004845250344523376 0
0.005905524089444975 -0.005153371508053876 0
0.01251102484426847 -0.001595691399955823 0
-0.009969654108242061 0.0001129775982831063 0
-0.01183831275780844 -0.006886219747730762 0
0.000266929033764452 -0.01568115756809093 0
0.01376766319087507 -0.0004194782697640283 0
-0.009901651852357451 0.0007599758444870198 0
0.006499842134802866 -0.004888764066063413 0
-0.0114628969631716 0.007465525030962645 0
0.01257902710015323 -0.0009486931537522641 0
0.0003349508021226589 -0.01503420560110171 0
0.009335427849823772 -0.004859723348516677 0
-0.009833649596472017 0.001406974090689409 0
0.007026157924276563 -0.005271154870275411 0
0.01337735191316984 0.001256909026851929 0
0.009267425593939531 -0.005506721594718685 0
0.01278303386780794 0.0009923015848562881 0
7.279434723921741e-05 -0.01764329624198163 0
0.0140396722144132 0.002168514715046364 0
0.007620475969634152 -0.005006547428284892 0
-0.009765647340586964 0.00205397233689126 0
0.013581358680821 0.003197903765456152 0
0.0001321958163854643 -0.01697781769874191 0
-0.002548126282796556 0.01143463666081672 0
0.008214794014991611 -0.004741939986294279 0
0.01417567672618216 0.00346251120745198 0
-0.001953808237438216 0.01169924410280711 0
0.0001989365013140129 -0.01632813176329097 0
-0.00129148793619392 0.01261084979100138 0
0.008809112060349938 -0.004477332544304057 0
-0.0102919631300601 0.00243636314110382 0
-0.01114058794135329 0.005142139488138067 0
0.0137173631925897 0.004491900257862332 0
-0.01180290824259565 0.004230533799947265 0
-0.001155483424421346 0.01390484628340977 0
0.001085784245238019 0.01366927955896293 0
0.009134227856702103 0.01478579076200005 0
-0.0004931631231783328 0.0148164519716025 0
-0.01081827891953353 0.002818753945317001 0
-0.01134459470900648 0.003201144749530403 0
-0.01219321952030024 0.005906921096565943 0
0.001748104546484854 0.01458088524715814 0
-0.005978030043177083 0.01114098850128236 0
0.002868738381313075 0.01446310188493379 0
-0.001885805981551332 0.0123462423490113 0
-0.006708352600306229 0.009582384566887991 0
0.009793741383412574 -0.005889112398930986 0
0.01038805942877019 -0.005624504956940727 0
0.000541766198156624 0.008493293589333496 0
0.0127327338695287 0.005903680112490671 0
-0.00664035034442023 0.01022938281308955 0
0.0006097684540415133 0.009140291835536052 0
0.003463056426671 0.01472770932692441 0
0.0006777707099267273 0.009787290081738278 0
-0.008559308992265089 0.008141563994710154 0
0.01098237747412882 -0.005359897514949837 0
0.0133270519148888 0.00616828755448564 0
-0.008491306736379503 0.008788562240914651 0
0.001680102290597129 0.01393388700095407 0
0.003531021088164569 0.01537479201151979 0
-0.01212521726441559 0.006553919342768307 0
0.01286873838129554 0.007197676604895201 0
-0.0112765924531224 0.00384814299573291 0
0.01293674063718066 0.007844674851098771 0
0.004379683493844965 0.0126689312260839 0
0.001934409056527332 0.01096350321192132 0
0.002002411312413361 0.01161050145812386 0
0.01083147747928439 0.009374238067942931 0
0.01171270003125552 -0.003801293580553638 0
0.01230701807661347 -0.003536686138562809 0
0.01016915717804411 0.008462632379750023 0
0.004125346820824924 0.01563938218754275 0
0.01290133612197367 -0.003272078696571387 0
-0.001223485680307748 0.01325784803720538 0
-0.01166690373082691 0.005524530292352116 0
0.008607912067229145 0.01516818156621117 0
0.01142579552464288 0.009638845509933698 0
0.006576545114525574 0.01734366892391195 0
-0.0005611653790647549 0.01416945372539856 0
0.0120201135700015 0.009903452951925039 0
0.01317334514551334 -0.0006840857117584719 0
0.01268243387124484 0.01081505864011831 0
0.004193268586645099 0.0162865612173934 0
0.004261332937459915 0.01693341999610144 0
0.006824957931162923 0.01437435924024468 0
0.01344535416905458 0.001903907273052459 0
0.004303263022669132 0.01756068163501855 0
0.006892960187047194 0.01502135748644774 0
0.01353105868253978 0.008109282293091795 0
0.0133447541724848 0.01172666432830972 0
0.0140573744720124 0.007726891488881296 0
0.006366644397570202 0.01540374829066949 0
0.01465146888176275 0.007991191122860623 0
0.01517774739863542 0.007608749017315658 0
0.00814959853364218 0.0161975706166266 0
0.01577232635220453 0.007873715568650136 0
0.008675914323112776 0.01581517981241533 0
0.01387106996196079 0.01134427352409923 0
0.01446395002779591 0.01160903210382503 0
0.01496187972910694 0.01122962479770394 0
0.007171791048614562 0.01760855769614259 0
0.006047584509474577 0.01780696037860844 0
0.00762328274417198 0.01657996142084157 0
0.007692421973055355 0.01722682753786433 0
0.001498281059302613 0.01752431668646558 0
-0.009552055760699164 0.01512015125485717 0
-0.006197015794836326 -0.0173814208207363 0
-0.01697197073413426 0.007549836081150466 0
-0.01316794300446849 0.01219128738174799 0
0.01759592441356371 -0.001788484763307737 0
0.002012910580812521 0.01844701769987415 0
0.01677007759177251 0.006447905112672089 0
0.0009454685256038366 0.01794226239958425 0
-0.007700426365144395 0.01723926679676712 0
-0.01751118724863315 0.004046557579305612 0
0.01671482811383757 -0.004688161541706296 0
0.01850990323260088 0.0009382296053703614 0
-0.01607413792992751 0.006664575471088363 0
-0.0006713628627181385 -0.01848126508652284 0
0.007084256215012586 -0.01697050488386413 0
-0.01771075382505527 0.001639903408147882 0
0.003628292857693418 -0.01794426015306236 0
0.01408983210058571 -0.01261852864767118 0
0.0155385964371961 -0.01010458939757273 0
-0.01453175538829692 0.01229478714721267 0
-0.007228438679065577 0.01626019548383021 0
0.009352081319276872 -0.01530274139229262 0
-0.001786548102122943 0.01790275322469283 0
0.01754407982491756 0.003746779608876562 0
-0.008264285688350163 0.01628581294743021 0
-0.01594268531784571 -0.008734015688568462 0
-0.00337592408693569 -0.0178597590267152 0
0.005911639854963495 -0.01749998617406039 0
-0.002617976916414488 -0.01851509148553109 0
-0.01679953275595476 -0.008212144259740956 0
0.01295903111740587 -0.01345227263119158 0
-0.004602728654348298 0.01848589825552898 0
0.01185977829970903 -0.0135751966073736 0
0.001751114237751117 -0.01741522717526472 0
0.01715600731993387 -0.006972660844537737 0
0.004508484148916921 -0.01741590831936749 0
-0.01863244435276683 -0.0008265673744381596 0
-0.01696427360079761 -0.007559225227536836 0
-0.001943604479774283 -0.01848154722359512 0
-0.01810402699959665 -0.002272696474865825 0
-0.002863090219578506 0.0179805033431004 0
0.01797967842264642 0.00282504665878426 0
-0.01027637264149284 0.01535335488672029 0
0.00391564021697062 0.0185273710535181 0
-0.01654816393692938 0.007077850238923498 0
0.01586002557230801 0.009101225530933968 0
0.01798348094515729 -0.002825082696250375 0
0.01583285462523022 -0.007461941764605931 0
-0.01247290046938266 0.01381630842051995 0
0.01648118155794157 -0.007211899984557958 0
-0.005781641511799257 0.01799462407951971 0
-0.01567859854340405 -0.006040449264895086 0
0.001959953911441607 -0.01853610694175298 0
0.002326223501716407 -0.01785258723713072 0
-0.01681398758069763 0.004412275975618114 0
0.01544217880582424 0.01086501005780998 0
-0.01251185887602089 0.01309855898641184 0
-0.01777927654769901 -0.005169516511535761 0
0.0006387944413307421 -0.01857301513793061 0
-0.0167170015516038 -0.00530014123934675 0
-0.0175713262029869 0.002282926514959455 0
0.007599679585980482 -0.01606003613345582 0
-0.00870367713233273 0.01660654194687698 0
-0.01634440433284038 0.009536680960448305 0
-0.007725037471101017 0.01658360641867208 0
-0.01508325015982372 0.011370351583612 0
-0.0188374083034251 -0.0003062925248587002 0
0.005478339211677436 0.01800887165739207 0
-0.01300468186191306 -0.01346064494745198 0
-0.007730076796908214 -0.01659655898689991 0
-0.007745019858984634 -0.01726315126435683 0
-0.006790127179162597 -0.01742070893674473 0
-0.008199428217665854 -0.0156906357017709 0
-0.01194237272021665 -0.0136462283064571 0
0.01539514070007554 -0.01079410339827097 0
0.01460417250797784 -0.01238570631594214 0
0.01039437710379338 -0.01537404153479984 0
-0.01562310543413916 0.009865217274761764 0
0.01717786992113641 -0.005133551282236165 0
-0.0001927393844025017 0.01795795811648314 0
0.01714515347697334 0.00535088696542772 0
-0.006089981008295678 -0.01796093532079775 0
-0.01642892789500141 0.007700311755666581 0
0.012439490054862 -0.01382437128766871 0
-0.01763419498379785 -0.003987538479114833 0
0.01819763007916659 -0.000300491440264126 0
-0.01553764667520503 -0.01032834787307018 0
-0.009440544657472466 0.01607908799798389 0
-0.009281335346235877 -0.01554166802162188 0
-0.009807651135710135 -0.01515927721740866 0
-0.01349128060960728 -0.01248050252603296 0
-0.0103339669251869 -0.01477688641319538 0
-0.01507135070553067 -0.01134220720137502 0
-0.01454449324096671 -0.01171775997949723 0
-0.01086028271466014 -0.01439449560898256 0
-0.01140087025551642 -0.01401849834131118 0
-0.01401817745149544 -0.0121001507837093 0
-0.01248371967332689 -0.01384231192233886 0
-0.008753611817644003 -0.01591652458732232 0
-0.007241732809599737 -0.01769938359617513 0
-0.007656403179410024 -0.01604946186175524 0
-0.01296486442741538 -0.01286399446346519 0
-0.005164561168615894 -0.01859555099629202 0
-0.01577141032787026 -0.006952456180218372 0
0.0184470999290747 0.001564057487624667 0
0.0162215392436095 0.008153574176874631 0
-0.01070244183000418 0.01443756498523444 0
0.01767394561971304 -0.005727709418449797 0
0.01780487406759183 -0.003419618977117387 0
-0.003801823659465194 0.01852203079942058 0
-0.01773956884006072 -0.0003454163055478197 0
0.01623447274958738 -0.008400665982893133 0
0.01667753711874196 0.007099032397541849 0
-0.01258295547914782 0.0124244423848447 0
-0.001029704021654359 -0.01801930111844787 0
0.002602248373691744 0.01862153311585515 0
-0.006737862532749925 0.01812829090312794 0
0.01523472984561379 -0.0114425777772997 0
0.001591357882752513 0.01804830015347851 0
0.01885076681648851 0.0003747577052550936 0
-0.01561939934203868 -0.0109481123758446 0
-0.01728250334544459 0.005270221360133846 0
0.008053036038919634 -0.01635827961014064 0
-0.01743708752049235 0.002845457712600582 0
0.01585065540447494 0.009653219128014534 0
0.01037692506011455 -0.01479089045322842 0
-0.01810560678905115 -0.002804681662112606 0
-0.0161210315880901 0.01069971266492637 0
-0.01641888274582171 0.008371777271093164 0
0.002817968517103618 -0.01742987169248395 0
0.01292189236101075 -0.01291505452891384 0
-0.002277255418875936 0.01809248712577285 0
0.01791068840194047 0.003425087386984565 0
0.0147679381983074 -0.01148144655062635 0
0.01812356603563173 0.004522459826602798 0
-0.001191463183222818 0.0179843272129468 0
-0.01651920843246161 -0.009477572431077705 0
-0.003907727832607885 -0.01865260422497563 0
0.004281716393707424 0.01806784752733976 0
0.01729968034710615 -0.003554115806931474 0
0.01804424169717213 -0.0008689647832171532 0
-0.01848274609341733 -0.001349569901684812 0
0.006301881669704947 0.01836491907519613 0
0.005671998011810461 -0.01856341724514802 0
-0.005750729730901263 0.01855592583451118 0
0.01941265959115131 -0.0003293554257297136 0
-0.01941376072116248 0.0003182444097481251 0
0.01590321244413849 0.01116589640331726 0
0.003972967101972489 -0.01753417952556219 0
-0.002934348879190883 -0.01810115011934023 0
-0.01630845310234001 -0.008384294627231528 0
-0.01554602148853036 0.01166872388740546 0
-0.006281342895889917 -0.01839239541894571 0
-0.0112139092114345 0.01412223857114376 0
-0.009320477465658358 0.01563938767952787 0
0.006175947751793007 -0.01789890622996414 0
-0.01353832860201399 0.0125588389645014 0
0.01612875841154133 -0.00899227434490125 0
-0.01771893191110181 0.0002384967999050005 0
-0.01721758893385143 -0.005420849388046304 0
0.0003252810467255297 0.01812901562679717 0
0.01714120107452137 0.00591153457906052 0
$EndNodes
$Elements
22 13208 1 13208
0 1 15 1
1 1 
0 2 15 1
2 2 
0 3 15 1
3 3 
0 4 15 1
4 4 
0 5 15 1
5 5 
0 6 15 1
6 6 
0 7 15 1
7 7 
0 8 15 1
8 8 
0 9 15 1
9 9 
0 10 15 1
10 10 
1 1 1 19
11 1 11 
12 11 12 
13 12 13 
14 13 14 
15 14 15 
16 15 16 
17 16 17 
18 17 18 
19 18 19 
20 19 20 
21 20 21 
22 21 22 
23 22 23 
24 23 24 
25 24 25 
26 25 26 
27 26 27 
28 27 28 
29 28 2 
1 2 1 19
30 2 29 
31 29 30 
32 30 31 
33 31 32 
34 32 33 
35 33 34 
36 34 35 
37 35 36 
38 36 37 
39 37 38 
40 38 39 
41 39 40 
42 40 41 
43 41 42 
44 42 43 
45 43 44 
46 44 45 
47 45 46 
48 46 3 
1 3 1 19
49 3 47 
50 47 48 
51 48 49 
52 49 50 
53 50 51 
54 51 52 
55 52 53 
56 53 54 
57 54 55 
58 55 56 
59 56 57 
60 57 58 
61 58 59 
62 59 60 
63 60 61 
64 61 62 
65 62 63 
66 63 64 
67 64 4 
1 4 1 19
68 4 65 
69 65 66 
70 66 67 
71 67 68 
72 68 69 
73 69 70 
74 70 71 
75 71 72 
76 72 73 
77 73 74 
78 74 75 
79 75 76 
80 76 77 
81 77 78 
82 78 79 
83 79 80 
84 80 81 
85 81 82 
86 82 5 
1 5 1 19
87 5 83 
88 83 84 
89 84 85 
90 85 86 
91 86 87 
92 87 88 
93 88 89 
94 89 90 
95 90 91 
96 91 92 
97 92 93 
98 93 94 
99 94 95 
100 95 96 
101 96 97 
102 97 98 
103 98 99 
104 99 100 
105 100 6 
1 6 1 19
106 6 101 
107 101 102 
108 102 103 
109 103 104 
110 104 105 
111 105 106 
112 106 107 
113 107 108 
114 108 109 
115 109 110 
116 110 111 
117 111 112 
118 112 113 
119 113 114 
120 114 115 
121 115 116 
122 116 117 
123 117 118 
124 118 7 
1 7 1 19
125 7 119 
126 119 120 
127 120 121 
128 121 122 
129 122 123 
130 123 124 
131 124 125 
132 125 126 
133 126 127 
134 127 128 
135 128 129 
136 129 130 
137 130 131 
138 131 132 
139 132 133 
140 133 134 
141 134 135 
142 135 136 
143 136 8 
1 8 1 19
144 8 137 
145 137 138 
146 138 139 
147 139 140 
148 140 141 
149 141 142 
150 142 143 
151 143 144 
152 144 145 
153 145 146 
154 146 147 
155 147 148 
156 148 149 
157 149 150 
158 150 151 
159 151 152 
160 152 153 
161 153 154 
162 154 9 
1 9 1 19
163 9 155 
164 155 156 
165 156 157 
166 157 158 
167 158 159 
168 159 160 
169 160 161 
170 161 162 
171 162 163 
172 163 164 
173 164 165 
174 165 166 
175 166 167 
176 167 168 
177 168 169 
178 169 170 
179 170 171 
180 171 172 
181 172 10 
1 10 1 19
182 10 173 
183 173 174 
184 174 175 
185 175 176 
186 176 177 
187 177 178 
188 178 179 
189 179 180 
190 180 181 
191 181 182 
192 182 183 
193 183 184 
194 184 185 
195 185 186 
196 186 187 
197 187 188 
198 188 189 
199 189 190 
200 190 1 
2 1 2 6504
201 1988 2191 2281 
202 267 2049 2053 
203 1630 2043 2685 
204 1801 2113 2559 
205 172 262 3304 
206 118 263 3307 
207 1447 1473 2196 
208 2156 1472 2750 
209 1534 2174 2784 
210 2011 255 2035 
211 2770 2044 3252 
212 255 2011 2034 
213 2000 1447 2196 
214 1990 2156 2750 
215 2827 229 2828 
216 3187 250 3229 
217 244 2010 2043 
218 2648 198 3099 
219 2693 3187 3229 
220 2113 1801 3196 
221 2828 229 3237 
222 2922 1319 3207 
223 2046 87 3315 
224 3196 1801 3241 
225 2191 252 2281 
226 2174 1534 3214 
227 2087 3196 3241 
228 118 7 263 
229 172 10 262 
230 212 2015 3056 
231 1461 2137 2138 
232 198 2037 3099 
233 2032 1980 2897 
234 238 2036 2037 
235 2043 2010 2685 
236 2018 261 2040 
237 2049 267 3289 
238 2244 2123 3223 
239 2010 244 2042 
240 2142 1873 3191 
241 2015 212 3204 
242 3188 224 3268 
243 224 3188 3258 
244 2138 1933 3238 
245 1933 2138 3290 
246 2044 231 3252 
247 2899 3198 3306 
248 1530 3220 3240 
249 1519 1521 2130 
250 86 87 2046 
251 62 3218 3296 
252 87 201 3315 
253 210 2280 2806 
254 2137 1461 2139 
255 70 2017 3249 
256 2017 70 3274 
257 1317 1443 2041 
258 1861 2089 2090 
259 1534 1519 2130 
260 2032 2897 3244 
261 238 2037 3245 
262 232 172 3304 
263 1802 2077 3206 
264 2784 2174 3201 
265 1472 2156 2157 
266 1319 2041 3207 
267 2007 2147 2148 
268 3218 2026 3296 
269 3198 2334 3306 
270 225 118 3307 
271 2308 3221 3236 
272 3250 2014 3264 
273 2123 2244 3297 
274 2281 252 3208 
275 2107 1954 3075 
276 2196 1473 2197 
277 167 3217 3270 
278 2021 206 3296 
279 1534 2130 3214 
280 216 2027 2028 
281 2019 240 3224 
282 254 2219 3225 
283 2043 1630 3236 
284 2191 1988 3309 
285 221 3250 3264 
286 261 2018 3252 
287 2141 2142 3191 
288 3269 2407 3315 
289 2007 2148 3292 
290 2051 2029 3192 
291 236 2133 3209 
292 2044 1802 3206 
293 201 3269 3315 
294 2284 222 2773 
295 2027 216 2029 
296 3211 1794 3251 
297 240 2019 2137 
298 2030 205 3232 
299 195 3265 3294 
300 2761 2124 3345 
301 267 2053 3268 
302 2089 1861 3197 
303 1311 2124 2761 
304 1799 2144 3203 
305 1796 2784 3201 
306 3265 2042 3294 
307 252 2189 3208 
308 1954 3243 3300 
309 2130 2129 3214 
310 236 3209 3322 
311 3221 2043 3236 
312 3217 2005 3270 
313 232 2009 3262 
314 1319 1317 2041 
315 1443 2011 2041 
316 2009 2015 3204 
317 3220 2038 3240 
318 2033 2107 3075 
319 3192 2029 3302 
320 3215 142 3225 
321 113 3216 3224 
322 198 2648 3200 
323 2123 3297 3345 
324 2009 232 3320 
325 3243 2105 3300 
326 2899 260 3198 
327 2144 1799 3316 
328 2026 2021 3296 
329 1794 2922 3207 
330 3237 229 3331 
331 2122 2123 3345 
332 2036 238 2038 
333 2009 3204 3262 
334 2243 2796 3226 
335 222 2284 3205 
336 2124 2122 3345 
337 205 2030 3292 
338 2033 239 2107 
339 245 2197 2198 
340 245 2196 2197 
341 206 2021 3227 
342 2280 210 3228 
343 2016 3256 3257 
344 2016 1805 3256 
345 207 2020 3212 
346 2048 215 3213 
347 2806 2280 3291 
348 256 2039 2304 
349 2171 227 2988 
350 1472 2157 2158 
351 2004 2019 3224 
352 2219 2002 3225 
353 229 2827 3218 
354 2011 2035 2041 
355 2219 254 3301 
356 1794 3207 3251 
357 3223 2123 3253 
358 205 2172 3232 
359 2018 2770 3252 
360 1630 3234 3236 
361 251 2031 3210 
362 259 2240 2905 
363 19 200 2047 
364 2000 2196 3308 
365 1461 2138 3238 
366 2002 3215 3225 
367 3216 2004 3224 
368 2179 2334 3272 
369 1873 2142 3327 
370 89 90 2198 
371 2322 3260 3282 
372 1440 3259 3287 
373 3257 134 3286 
374 3255 124 3284 
375 2020 207 3323 
376 215 2048 3324 
377 90 245 2198 
378 216 2028 3230 
379 2137 2019 2138 
380 1331 1458 2050 
381 255 2034 3303 
382 2171 2988 3311 
383 2037 198 3245 
384 192 2693 3229 
385 2035 255 3195 
386 265 3183 3329 
387 266 2129 3330 
388 269 2179 3332 
389 270 2121 3333 
390 2130 1521 3222 
391 2156 1990 3312 
392 3239 2143 3240 
393 18 19 2047 
394 2040 261 3314 
395 2796 2243 3328 
396 3244 199 3346 
397 2032 3244 3346 
398 2027 2029 2050 
399 1530 3240 3316 
400 2178 2179 3272 
401 1458 2027 2050 
402 1462 1331 2050 
403 1462 2050 2051 
404 1462 2051 3186 
405 2760 2141 3191 
406 3183 265 3254 
407 2121 270 3253 
408 2693 192 3293 
409 2129 266 3342 
410 2334 2179 3306 
411 199 2136 2139 
412 2136 2137 2139 
413 3234 2309 3236 
414 1293 1291 2158 
415 2179 269 3306 
416 2031 251 3321 
417 257 2045 2049 
418 1475 1342 2052 
419 2045 257 2048 
420 1993 2020 2170 
421 244 2043 3221 
422 2049 2052 2053 
423 3235 2104 3243 
424 89 2198 3189 
425 268 2034 3237 
426 2779 222 3205 
427 2197 1473 3199 
428 1954 2107 3243 
429 3259 2095 3287 
430 2016 3257 3286 
431 2306 3255 3284 
432 2124 1311 3202 
433 3260 249 3282 
434 1861 2090 3326 
435 1291 1472 2158 
436 1800 1293 2158 
437 2045 1475 2052 
438 1342 1467 2052 
439 2178 3272 3327 
440 2049 2045 2052 
441 192 2106 3293 
442 2050 2029 2051 
443 2052 1467 2053 
444 603 596 2855 
445 2293 888 2961 
446 2345 2328 3148 
447 1432 2076 2078 
448 2274 654 2704 
449 2054 888 2274 
450 2076 1786 2078 
451 1952 2293 2961 
452 2054 2274 2704 
453 888 2054 2961 
454 596 2348 2855 
455 2659 2066 3114 
456 2079 3184 3185 
457 1352 2341 3135 
458 2055 597 2345 
459 597 2055 2346 
460 1774 2059 2613 
461 2059 1151 2613 
462 2704 654 3146 
463 1486 2066 2067 
464 1351 2072 2073 
465 1351 1352 2072 
466 1486 2067 2706 
467 1777 2075 3123 
468 1156 1507 3163 
469 2066 1486 3114 
470 596 588 2348 
471 2068 889 2278 
472 2055 2345 3148 
473 45 223 3182 
474 1965 2068 2278 
475 1919 1494 2074 
476 2072 1352 3135 
477 40 41 2058 
478 654 603 2855 
479 2063 1824 2235 
480 3123 2075 3140 
481 1824 1583 2235 
482 2060 1564 2150 
483 2058 41 2071 
484 2162 2424 3052 
485 2118 2120 2124 
486 1564 1355 2150 
487 2220 1825 3161 
488 654 2855 3146 
489 1488 1374 2152 
490 1777 2074 2075 
491 1152 3087 3162 
492 977 2061 2357 
493 2061 977 2358 
494 1919 2074 2510 
495 2234 1497 2596 
496 99 228 2119 
497 2250 2251 3023 
498 978 2065 2085 
499 977 2357 2550 
500 2357 2065 2550 
501 2065 1558 2085 
502 2386 2389 3167 
503 2065 978 2550 
504 1582 2285 3127 
505 1558 1557 2085 
506 2118 2119 2120 
507 2120 2122 2124 
508 1765 1570 2080 
509 1557 2091 2751 
510 1281 1105 2510 
511 2085 1557 2751 
512 98 99 2119 
513 592 2254 2924 
514 1564 2060 2151 
515 1555 1559 2091 
516 1557 1555 2091 
517 1559 2069 2091 
518 1765 2080 2081 
519 526 2162 3052 
520 1818 1819 2346 
521 1355 1353 2150 
522 2055 1818 2346 
523 588 597 2348 
524 2150 1353 2482 
525 1955 3136 3139 
526 1353 1354 2482 
527 3136 1698 3139 
528 2581 1572 3124 
529 2249 3002 3152 
530 2251 1277 3023 
531 42 208 2071 
532 2613 3096 3098 
533 1488 2152 2153 
534 2254 1699 2924 
535 1115 2387 3100 
536 193 38 271 
537 1824 2063 2681 
538 1836 3103 3107 
539 2963 1261 3004 
540 805 2153 3090 
541 2153 2152 3090 
542 2074 1494 2075 
543 1583 1582 2235 
544 132 204 2094 
545 2278 2277 3083 
546 1961 2949 3137 
547 193 271 272 
548 2062 1836 3107 
549 1774 2613 3098 
550 728 3058 3154 
551 2062 2659 3114 
552 2084 2234 2596 
553 271 233 2056 
554 889 2068 3058 
555 2094 204 2095 
556 1499 1186 2110 
557 2117 98 2119 
558 2069 1559 2233 
559 3083 2277 3091 
560 233 40 2058 
561 1826 2082 2470 
562 3116 1543 3155 
563 2119 228 2120 
564 500 2233 2405 
565 2099 1826 2470 
566 891 2084 2233 
567 1374 1564 2152 
568 899 2099 2470 
569 2071 208 3176 
570 2056 233 2057 
571 2109 1239 2651 
572 2435 549 2966 
573 2070 1829 2949 
574 2108 1239 2109 
575 41 42 2071 
576 3096 2389 3098 
577 2088 241 2090 
578 1151 2059 3087 
579 3040 492 3069 
580 883 2293 3166 
581 1001 2083 2495 
582 184 241 2088 
583 2111 1163 2495 
584 2083 2111 2495 
585 1432 1153 3173 
586 94 246 2086 
587 1546 2175 2176 
588 241 185 2096 
589 2328 1229 3148 
590 2426 2427 2811 
591 194 128 2097 
592 2387 1115 3103 
593 1229 1351 3147 
594 2082 1826 2471 
595 2175 1828 2176 
596 2098 1828 2175 
597 79 80 2077 
598 2727 2604 2983 
599 2098 2103 2562 
600 1229 3147 3148 
601 1828 2098 2562 
602 97 98 2117 
603 2071 3176 3178 
604 610 3131 3138 
605 3103 1115 3107 
606 60 206 2134 
607 2103 1635 2562 
608 974 976 2358 
609 883 3166 3169 
610 977 974 2358 
611 2427 372 2811 
612 566 2808 3081 
613 2673 610 3138 
614 1710 2435 2966 
615 2384 2383 3125 
616 2074 1281 2510 
617 2084 891 2234 
618 192 74 2106 
619 1507 2888 3163 
620 2673 2674 3143 
621 1829 2070 2979 
622 790 788 2318 
623 1105 1084 2510 
624 38 39 271 
625 3169 2076 3173 
626 129 130 237 
627 1390 1934 2471 
628 131 132 2094 
629 862 2092 2488 
630 39 233 271 
631 1836 2062 3114 
632 2384 3125 3134 
633 2346 1819 2347 
634 153 226 2127 
635 851 800 2447 
636 834 2318 2319 
637 597 2346 2348 
638 2092 862 2252 
639 56 57 2125 
640 197 56 2125 
641 3143 2674 3145 
642 2058 2071 3178 
643 1926 1753 3029 
644 3134 658 3141 
645 1737 2727 2983 
646 1835 1503 2392 
647 1186 1239 2110 
648 20 21 2132 
649 2142 2177 2178 
650 1497 2234 3069 
651 81 82 231 
652 24 205 2148 
653 3115 2319 3144 
654 2080 1570 2972 
655 2341 1834 3135 
656 1879 1881 2690 
657 1834 1579 3133 
658 200 20 2132 
659 2235 1582 3127 
660 2666 1886 2835 
661 128 129 2097 
662 74 75 2106 
663 96 220 2112 
664 2364 2929 3078 
665 2140 188 2177 
666 1826 1390 2471 
667 2076 1432 3173 
668 78 211 2104 
669 91 92 2195 
670 2976 754 3085 
671 193 273 2279 
672 834 2319 3115 
673 2127 226 2128 
674 171 172 232 
675 1830 2080 2972 
676 2083 1001 2690 
677 2127 2128 2131 
678 75 76 239 
679 1965 2278 3083 
680 2286 1833 2808 
681 110 111 2136 
682 1239 2108 2110 
683 1884 2252 2934 
684 1825 2958 3161 
685 2155 242 2157 
686 182 183 195 
687 1546 1545 2921 
688 2254 2250 3023 
689 78 79 211 
690 2286 592 2924 
691 37 38 193 
692 2104 211 2105 
693 2162 2160 2424 
694 500 891 2233 
695 199 110 2136 
696 2185 1537 2762 
697 129 237 2097 
698 3119 2297 3160 
699 2901 1830 2972 
700 2233 1559 2405 
701 2601 1776 3113 
702 39 40 233 
703 2112 220 2115 
704 2412 866 2720 
705 1832 2411 2412 
706 2160 1569 2424 
707 111 112 240 
708 57 236 2125 
709 92 93 196 
710 211 79 2077 
711 2672 2673 3138 
712 1834 3133 3135 
713 1560 1908 2922 
714 805 801 3142 
715 75 239 2106 
716 2084 2069 2233 
717 2110 2963 3004 
718 1204 1206 2167 
719 164 165 2155 
720 168 169 212 
721 2257 2668 2669 
722 165 166 242 
723 1163 2111 2951 
724 2488 2092 2690 
725 2424 1765 3052 
726 2411 1832 2566 
727 2669 616 2826 
728 1832 2412 2720 
729 1831 2224 2989 
730 1494 583 3117 
731 2142 2140 2177 
732 3080 480 3084 
733 2161 2162 3105 
734 2079 2078 3184 
735 869 2381 2558 
736 1886 1546 2176 
737 2159 1569 2160 
738 809 2151 2589 
739 2381 869 2566 
740 37 193 2279 
741 2602 3034 3060 
742 518 2570 3077 
743 2706 2067 3131 
744 1827 2581 3124 
745 2226 1922 2380 
746 2151 2060 2589 
747 869 2411 2566 
748 165 242 2155 
749 2381 2100 2558 
750 21 234 2132 
751 2099 899 2908 
752 2856 2427 2883 
753 2257 2669 2826 
754 901 2226 2380 
755 2252 862 2934 
756 803 2400 2928 
757 907 2856 2883 
758 2161 3105 3108 
759 1886 2176 2835 
760 31 32 2164 
761 866 2101 2720 
762 2100 903 2558 
763 1837 2378 2842 
764 903 2100 2765 
765 1563 1373 2376 
766 2337 3080 3084 
767 111 240 2136 
768 897 2114 2180 
769 1049 2935 2954 
770 1776 1591 3113 
771 1833 2286 2924 
772 2175 1546 2921 
773 191 164 2155 
774 150 203 2143 
775 2101 866 2721 
776 2435 1710 2948 
777 2264 833 2960 
778 1845 1607 2519 
779 185 186 2096 
780 834 790 2318 
781 60 61 206 
782 2146 1364 2531 
783 741 744 2292 
784 42 43 208 
785 21 22 234 
786 155 156 2173 
787 1854 2186 2799 
788 2120 228 2121 
789 2339 2341 2521 
790 3131 2067 3138 
791 2103 2426 2811 
792 150 151 203 
793 1364 2146 2166 
794 186 187 219 
795 2807 872 3022 
796 2346 2347 2348 
797 2093 131 2094 
798 273 1831 2279 
799 788 897 2318 
800 2167 2185 2762 
801 2114 897 2264 
802 609 2383 3123 
803 117 225 2170 
804 205 25 2172 
805 2126 152 2127 
806 220 97 2117 
807 1904 2391 2392 
808 2163 522 2378 
809 804 807 2400 
810 186 219 2096 
811 2765 2135 2805 
812 2163 2469 2572 
813 2392 851 2447 
814 245 91 2195 
815 2143 203 2144 
816 1503 1904 2392 
817 2932 2420 3059 
818 800 803 2447 
819 1061 2062 3107 
820 1635 2103 2811 
821 57 58 236 
822 2324 1845 2519 
823 34 35 248 
824 1598 2266 2268 
825 522 2163 2572 
826 431 433 2394 
827 116 117 2170 
828 2469 1134 2572 
829 903 2765 2805 
830 550 2182 2393 
831 2554 1926 3029 
832 1253 2266 2777 
833 147 148 238 
834 3087 2059 3162 
835 236 58 2133 
836 2168 1831 2989 
837 880 1115 3100 
838 195 2088 2089 
839 1765 2081 3052 
840 372 2427 2856 
841 1277 2251 3045 
842 92 196 2195 
843 246 95 2112 
844 1835 2392 2447 
845 1385 2213 2868 
846 27 227 2171 
847 191 2155 2156 
848 2102 2101 2721 
849 2133 59 2134 
850 193 272 273 
851 2151 809 3090 
852 152 153 2127 
853 183 184 2088 
854 2128 226 2129 
855 2378 522 2842 
856 1567 2396 2502 
857 1831 2168 2279 
858 1881 2083 2690 
859 1538 2212 2780 
860 867 2135 2848 
861 2383 609 3125 
862 549 2494 2966 
863 153 154 226 
864 2092 1879 2690 
865 2766 2268 2838 
866 196 2086 2087 
867 219 187 2140 
868 1699 2254 3023 
869 63 64 229 
870 803 804 2400 
871 189 190 230 
872 237 130 2093 
873 1598 2268 2766 
874 59 60 2134 
875 2391 1904 2822 
876 2367 1537 2953 
877 1004 2793 2798 
878 1488 2153 2154 
879 744 2258 2292 
880 2288 1663 3001 
881 94 95 246 
882 2149 1247 2257 
883 2447 803 2928 
884 3002 1946 3152 
885 2908 518 2912 
886 1206 1364 2167 
887 195 183 2088 
888 1261 2727 3004 
889 93 94 2086 
890 23 24 2148 
891 2212 1908 2780 
892 2186 864 2799 
893 2266 1598 2777 
894 151 152 2126 
895 2109 2651 2976 
896 2099 2908 2912 
897 2184 1578 2340 
898 1523 2766 2838 
899 3034 2410 3060 
900 2793 2145 2798 
901 184 185 241 
902 2257 1247 2668 
903 435 437 2748 
904 1518 1516 2719 
905 807 2399 2400 
906 234 22 2147 
907 609 3123 3140 
908 734 889 3058 
909 2605 1163 2951 
910 246 2112 2113 
911 2136 240 2137 
912 2949 1829 3137 
913 2882 1774 3098 
914 433 550 2394 
915 2102 2721 2807 
916 27 28 227 
917 2135 867 2805 
918 1537 2185 2953 
919 1908 2212 2922 
920 2234 3040 3069 
921 126 127 2615 
922 1247 2149 2628 
923 540 2184 2340 
924 99 100 228 
925 732 727 2902 
926 2181 1130 2183 
927 1569 2159 2396 
928 1841 2371 2375 
929 743 741 2292 
930 3031 878 3033 
931 550 2393 2394 
932 2147 23 2148 
933 1841 1842 2371 
934 1926 3031 3033 
935 2604 453 2983 
936 1951 2371 2372 
937 1130 1236 2183 
938 2981 534 2985 
939 2341 1352 2521 
940 1850 2409 2410 
941 196 93 2086 
942 616 2232 2826 
943 2145 731 2835 
944 731 2666 2835 
945 2808 1833 3081 
946 2178 230 2179 
947 2391 2822 2893 
948 1847 1846 2409 
949 2173 243 2174 
950 2848 1898 2864 
951 1001 2488 2690 
952 58 59 2133 
953 731 2145 2793 
954 1710 2541 2948 
955 160 161 252 
956 1294 1469 2242 
957 2213 1894 2868 
958 657 2628 2718 
959 1054 2192 2449 
960 2239 1333 2241 
961 2479 1653 2620 
962 2628 2149 2718 
963 2183 1236 2203 
964 1564 2151 2152 
965 1845 2324 2555 
966 2258 744 2516 
967 412 417 2474 
968 2436 2435 2948 
969 1607 1609 2519 
970 203 151 2126 
971 2200 1253 2777 
972 494 456 3053 
973 1373 1841 2376 
974 5 83 261 
975 879 2070 2949 
976 26 2171 2172 
977 657 2169 2799 
978 2822 2260 2893 
979 384 537 2395 
980 2115 220 2116 
981 2260 1727 3018 
982 1204 2167 2762 
983 2126 2127 2131 
984 96 97 220 
985 1852 2489 2755 
986 537 2190 2395 
987 2478 2479 2620 
988 2194 1642 2746 
989 272 271 2056 
990 610 2673 3143 
991 891 498 3040 
992 2242 1469 2243 
993 2169 657 2718 
994 2075 1494 3117 
995 2177 230 2178 
996 453 454 3074 
997 679 677 2270 
998 1251 1253 2200 
999 84 85 221 
1000 33 34 2532 
1001 130 131 2093 
1002 2384 3134 3141 
1003 2401 2194 2746 
1004 2120 2121 2122 
1005 2396 887 2502 
1006 95 96 2112 
1007 2339 2340 2341 
1008 867 2848 2864 
1009 1955 2482 3136 
1010 2128 2129 2130 
1011 1199 2432 2537 
1012 492 2549 3069 
1013 1885 2494 2981 
1014 1578 1834 2340 
1015 1851 2327 2869 
1016 3108 548 3126 
1017 901 457 2997 
1018 127 128 194 
1019 2320 2321 2965 
1020 2489 1620 2755 
1021 2169 1854 2799 
1022 2168 36 2279 
1023 1567 1569 2396 
1024 937 2417 2662 
1025 25 26 2172 
1026 189 230 2177 
1027 156 243 2173 
1028 1219 1222 2255 
1029 1386 2193 2417 
1030 219 2140 2141 
1031 1364 2166 2167 
1032 1499 2110 3004 
1033 1902 2422 2445 
1034 2494 1885 2966 
1035 26 27 2171 
1036 2486 905 2878 
1037 1538 2199 2503 
1038 2114 2264 2960 
1039 188 189 2177 
1040 2188 411 2474 
1041 668 670 2408 
1042 2008 1793 2017 
1043 1707 2451 2880 
1044 2374 1079 3007 
1045 1130 2181 2474 
1046 2222 1518 2719 
1047 564 2377 3035 
1048 1516 1523 2719 
1049 1010 3030 3036 
1050 439 441 2579 
1051 2184 540 2342 
1052 2399 807 2443 
1053 2111 2890 2951 
1054 2267 708 2269 
1055 623 622 2220 
1056 2182 550 2748 
1057 2225 1853 2772 
1058 2929 578 3078 
1059 1794 1560 2922 
1060 592 2253 2254 
1061 1351 2073 3147 
1062 2445 2444 2852 
1063 1333 2239 2255 
1064 1545 2146 2921 
1065 2417 2193 2662 
1066 2122 2121 2123 
1067 2234 891 3040 
1068 1483 2002 2219 
1069 77 78 2104 
1070 1850 1847 2409 
1071 1176 1790 2353 
1072 2271 2270 2654 
1073 2193 1386 2783 
1074 1659 2225 2772 
1075 1733 2224 2825 
1076 2187 1843 2336 
1077 2203 1893 2586 
1078 73 74 192 
1079 1869 2258 2516 
1080 2394 1837 2842 
1081 2102 2807 3022 
1082 906 2757 2916 
1083 546 2752 2889 
1084 24 25 205 
1085 187 188 2140 
1086 2549 1838 3013 
1087 550 435 2748 
1088 564 2210 2819 
1089 245 2195 2196 
1090 1843 2187 2448 
1091 1222 1333 2255 
1092 1570 2527 2972 
1093 708 679 2270 
1094 2183 2203 2586 
1095 622 857 2220 
1096 1371 2313 2331 
1097 2224 1733 2989 
1098 1893 2203 2205 
1099 562 2327 2491 
1100 2153 805 3142 
1101 2338 1613 2610 
1102 1613 2338 2481 
1103 1414 1733 2825 
1104 1579 2061 3130 
1105 1885 2981 2985 
1106 1264 1245 2336 
1107 1483 2001 2002 
1108 35 36 2168 
1109 1221 2238 2335 
1110 2933 2436 2948 
1111 382 384 2395 
1112 3012 2471 3014 
1113 2422 1902 2743 
1114 708 2267 2316 
1115 411 2188 2757 
1116 2446 905 2473 
1117 2935 2376 2954 
1118 1852 2755 2756 
1119 132 133 204 
1120 2271 2892 2946 
1121 1989 2014 2046 
1122 1357 1497 3013 
1123 1254 1251 2200 
1124 1357 3012 3014 
1125 117 118 225 
1126 1850 2410 3034 
1127 1520 1518 2222 
1128 1343 1477 2231 
1129 541 564 2819 
1130 2890 1815 2951 
1131 2446 2473 2491 
1132 2769 787 2999 
1133 521 2245 2593 
1134 2221 619 2587 
1135 2271 2654 2892 
1136 2347 1819 3072 
1137 2199 1538 2780 
1138 437 1054 2748 
1139 2473 562 2491 
1140 149 150 2143 
1141 417 1130 2474 
1142 2862 1720 2955 
1143 1846 2408 2409 
1144 1453 1450 2256 
1145 411 412 2474 
1146 1194 1196 2367 
1147 2206 1468 2207 
1148 2014 1453 2256 
1149 135 136 224 
1150 1812 1813 1814 
1151 2201 1730 2817 
1152 1179 1057 2315 
1153 1182 1468 2206 
1154 2238 1221 2255 
1155 1999 2283 2284 
1156 2232 616 2700 
1157 2305 1803 2306 
1158 2230 852 2686 
1159 592 582 2253 
1160 824 791 2962 
1161 2342 892 2585 
1162 1653 2479 2701 
1163 670 877 2408 
1164 1221 1219 2255 
1165 19 20 200 
1166 2192 1054 2579 
1167 114 115 207 
1168 732 2698 2729 
1169 2432 1596 2537 
1170 2241 1333 2242 
1171 2194 1852 2756 
1172 2321 419 2965 
1173 2276 2277 2278 
1174 995 1079 2998 
1175 2292 1884 2934 
1176 1181 1343 2231 
1177 2270 677 2654 
1178 2218 1064 2501 
1179 2226 901 2997 
1180 2190 537 2620 
1181 897 2180 2318 
1182 537 2478 2620 
1183 2299 1726 2300 
1184 709 749 2314 
1185 2184 2342 2585 
1186 2109 2976 3085 
1187 431 2394 2842 
1188 249 126 2615 
1189 1333 1294 2242 
1190 1893 2205 2676 
1191 730 1844 2754 
1192 1845 2555 2694 
1193 1814 2031 2047 
1194 2269 708 2270 
1195 3058 2068 3154 
1196 2206 2207 2208 
1197 1923 1532 2261 
1198 1698 1824 3139 
1199 1302 1726 2299 
1200 2291 824 2962 
1201 1542 913 2262 
1202 1443 1982 2011 
1203 1523 2838 2946 
1204 1877 2092 2252 
1205 1776 2601 3115 
1206 2275 1348 2894 
1207 1859 1860 2920 
1208 2377 1935 3035 
1209 2698 1859 2729 
1210 2763 1073 2820 
1211 1552 1960 2431 
1212 1199 2431 2432 
1213 2295 668 2408 
1214 2327 562 2869 
1215 1245 2187 2336 
1216 109 110 199 
1217 2229 1181 2231 
1218 608 623 2214 
1219 399 419 2973 
1220 2232 2231 2709 
1221 1156 1435 1507 
1222 1790 2044 2770 
1223 1045 2329 2599 
1224 2468 2388 2644 
1225 1092 1155 1156 
1226 1858 1552 2431 
1227 22 23 2147 
1228 786 784 2264 
1229 2469 1940 2942 
1230 1098 1317 1319 
1231 1054 439 2579 
1232 158 159 213 
1233 157 158 2215 
1234 3127 1275 3132 
1235 1052 1103 2217 
1236 1723 2222 2223 
1237 1856 2221 2587 
1238 2475 2423 2767 
1239 2324 780 2555 
1240 1842 1619 2937 
1241 899 477 2908 
1242 1843 1221 2335 
1243 55 56 197 
1244 1471 1508 1509 
1245 887 2396 2677 
1246 2942 1940 2956 
1247 3046 661 3092 
1248 613 654 2274 
1249 2248 620 2249 
1250 1524 1520 2222 
1251 3117 572 3140 
1252 1106 1062 2605 
1253 2861 2466 2938 
1254 2698 732 2902 
1255 1459 1345 1471 
1256 1871 1884 2258 
1257 1990 1459 1991 
1258 2708 2218 2734 
1259 1057 868 2315 
1260 2372 2374 3007 
1261 1753 1751 3029 
1262 2245 521 2551 
1263 1814 1815 2031 
1264 1216 1218 2448 
1265 683 681 2316 
1266 1814 1813 1815 
1267 1196 1537 2367 
1268 127 194 2615 
1269 660 2401 2746 
1270 1054 2449 2748 
1271 1386 1385 2868 
1272 1642 2194 2756 
1273 1058 1181 2229 
1274 738 1152 2276 
1275 2555 852 2694 
1276 2303 1194 2367 
1277 852 776 2686 
1278 2272 2501 2707 
1279 941 2228 2423 
1280 1565 1264 2336 
1281 1525 1722 2354 
1282 441 521 2579 
1283 483 2708 2734 
1284 1999 1441 2283 
1285 1441 1337 2283 
1286 1509 1988 2281 
1287 2276 1152 2277 
1288 1902 2445 2852 
1289 1156 1155 1435 
1290 2001 1481 2311 
1291 611 624 2700 
1292 730 2754 2801 
1293 841 843 2503 
1294 2262 887 2677 
1295 2385 543 2388 
1296 2338 941 2481 
1297 2892 2223 2946 
1298 726 723 2853 
1299 1099 1182 1183 
1300 1471 1345 1508 
1301 1052 1102 1103 
1302 1987 2018 2040 
1303 913 860 2262 
1304 1092 1156 1825 
1305 2162 526 3105 
1306 1450 1449 2256 
1307 2313 2314 2331 
1308 856 888 2293 
1309 2228 941 2338 
1310 1159 1160 2296 
1311 1427 1175 2259 
1312 1481 1478 2311 
1313 2011 1982 2034 
1314 2199 841 2503 
1315 2388 543 2644 
1316 1874 1877 2252 
1317 897 786 2264 
1318 912 1097 1098 
1319 1844 2313 2735 
1320 1440 1439 1665 
1321 905 2446 2878 
1322 619 2221 2588 
1323 2246 1738 2247 
1324 2429 2204 2624 
1325 1103 1102 1184 
1326 2329 1600 2599 
1327 2258 1884 2292 
1328 1222 1294 1333 
1329 2239 2238 2255 
1330 681 708 2316 
1331 1613 937 2662 
1332 2240 2239 2241 
1333 2416 1230 2441 
1334 1871 1872 1874 
1335 1582 1580 2285 
1336 45 46 223 
1337 2237 726 2853 
1338 1237 1140 2465 
1339 1160 1283 2296 
1340 1869 1870 1871 
1341 1995 2296 2542 
1342 2769 2288 3001 
1343 1185 1184 1449 
1344 1665 1439 1898 
1345 163 164 191 
1346 1879 1878 1880 
1347 546 2294 2429 
1348 1154 1434 2236 
1349 1793 1560 1794 
1350 1846 1224 2295 
1351 1666 1665 1667 
1352 1298 1717 2273 
1353 598 620 2248 
1354 1449 1987 2256 
1355 1533 1738 2246 
1356 1723 1524 2222 
1357 145 146 198 
1358 1877 1875 1878 
1359 883 856 2293 
1360 273 272 274 
1361 1009 2468 2644 
1362 1058 1180 1181 
1363 1346 1560 1793 
1364 1062 1163 2605 
1365 2801 1889 2839 
1366 2817 1696 2907 
1367 1722 1524 1723 
1368 1538 1098 2212 
1369 2018 1457 2770 
1370 1795 1315 2343 
1371 1907 2275 2894 
1372 1727 1326 2290 
1373 1877 1878 1879 
1374 887 848 2502 
1375 1668 1667 1669 
1376 2430 1858 2431 
1377 710 709 2314 
1378 1874 1872 1875 
1379 2501 1064 2707 
1380 1668 1669 1670 
1381 235 2164 2165 
1382 1185 1451 2397 
1383 1722 1723 1932 
1384 2451 587 2880 
1385 1454 1989 2407 
1386 808 811 2443 
1387 1874 1875 1877 
1388 2450 2351 2461 
1389 784 833 2264 
1390 1727 2290 2291 
1391 1414 1732 1733 
1392 1181 1342 1343 
1393 1670 1669 1671 
1394 1709 2465 2466 
1395 1532 1529 2261 
1396 1183 1182 2206 
1397 653 613 2274 
1398 2089 2088 2090 
1399 608 622 623 
1400 1343 1475 1476 
1401 2841 1146 2919 
1402 2253 2250 2254 
1403 2403 1857 2404 
1404 767 769 2263 
1405 1103 1185 2397 
1406 1980 1585 1981 
1407 1884 1874 2252 
1408 912 1098 1538 
1409 1871 1870 1872 
1410 2022 1789 2023 
1411 2348 2347 2855 
1412 582 590 2253 
1413 1344 1254 1345 
1414 616 611 2700 
1415 1050 1052 2217 
1416 2610 1613 2662 
1417 2156 2155 2157 
1418 700 1194 2303 
1419 2203 1236 2204 
1420 501 500 2405 
1421 570 2286 2808 
1422 2579 521 2593 
1423 2217 1103 2397 
1424 1670 1671 1672 
1425 2022 2023 2024 
1426 911 2450 2461 
1427 1103 1184 1185 
1428 665 668 2295 
1429 506 1554 2310 
1430 542 533 2742 
1431 1730 2201 2829 
1432 1775 2362 2365 
1433 2419 2523 2699 
1434 736 738 2276 
1435 1967 1610 2307 
1436 2461 2352 2463 
1437 720 2323 2518 
1438 2323 1961 2518 
1439 1649 1992 2774 
1440 1509 1511 1988 
1441 2181 2188 2474 
1442 1869 1871 2258 
1443 1742 2932 3059 
1444 598 608 620 
1445 1730 1408 2817 
1446 892 2310 2513 
1447 1447 1329 1448 
1448 620 608 2214 
1449 1218 1217 1219 
1450 1326 1310 2290 
1451 2314 749 2331 
1452 444 442 2440 
1453 2229 2231 2232 
1454 1476 1475 1817 
1455 1440 1665 1666 
1456 1454 1453 1989 
1457 1666 1667 1668 
1458 400 587 2865 
1459 1981 2239 2240 
1460 1447 1448 1473 
1461 1629 1627 2685 
1462 2113 2112 2115 
1463 1680 1803 2305 
1464 574 592 2286 
1465 2232 2709 2826 
1466 1079 2374 2998 
1467 1452 1450 1453 
1468 1098 1097 1317 
1469 2340 1834 2341 
1470 1871 1874 1884 
1471 3032 1010 3036 
1472 892 2513 2585 
1473 2204 1236 2624 
1474 670 669 671 
1475 1063 1107 2659 
1476 695 692 2359 
1477 1669 1667 2135 
1478 1343 1342 1475 
1479 665 667 668 
1480 1439 1179 2315 
1481 1230 2416 2440 
1482 1981 2238 2239 
1483 2727 1737 3004 
1484 1867 1869 2516 
1485 1109 1649 2520 
1486 1185 1449 1450 
1487 1218 1843 2448 
1488 885 1166 2331 
1489 857 1092 2220 
1490 1678 2305 2322 
1491 2406 2263 2448 
1492 1064 2218 2708 
1493 1989 1453 2014 
1494 1844 2735 2754 
1495 2248 2250 2253 
1496 2373 2952 3051 
1497 1056 1058 2229 
1498 1328 1329 1447 
1499 842 840 2527 
1500 824 2291 2986 
1501 730 2801 2839 
1502 2287 1663 2288 
1503 1898 2315 2866 
1504 999 683 2316 
1505 2349 2351 2635 
1506 1881 1880 1882 
1507 2294 2204 2429 
1508 846 865 912 
1509 2259 1175 2477 
1510 1154 1433 1434 
1511 1251 1249 1253 
1512 600 890 2317 
1513 1224 664 2295 
1514 1677 1675 2566 
1515 1600 2289 2425 
1516 1672 1671 1673 
1517 668 667 669 
1518 1080 1122 2297 
1519 1337 1336 2283 
1520 2364 1942 2467 
1521 1509 1508 1510 
1522 1304 1302 2299 
1523 2431 1960 2432 
1524 590 598 2248 
1525 2370 1858 2430 
1526 2187 2406 2448 
1527 563 559 2328 
1528 2272 495 2523 
1529 2283 1808 2284 
1530 1328 1326 1329 
1531 767 2263 2406 
1532 1181 1180 1342 
1533 888 653 2274 
1534 2789 871 2815 
1535 1279 1203 2365 
1536 668 669 670 
1537 1098 1319 2212 
1538 1536 1533 2246 
1539 1853 2329 2772 
1540 2250 2249 2251 
1541 3093 2567 3111 
1542 745 743 746 
1543 1216 823 1217 
1544 1812 1324 1813 
1545 1566 1585 1980 
1546 1466 1465 1683 
1547 2360 2364 2467 
1548 1262 2301 2302 
1549 1471 1509 2281 
1550 1166 1371 2331 
1551 505 508 2326 
1552 1527 1525 2354 
1553 1216 1217 1218 
1554 742 741 743 
1555 772 823 1216 
1556 1329 1727 2260 
1557 2248 2249 2250 
1558 1672 1673 1674 
1559 1947 1551 1948 
1560 2289 1600 2329 
1561 34 248 2532 
1562 807 808 2443 
1563 1344 1345 1459 
1564 1052 1101 1102 
1565 1083 1082 1084 
1566 1879 1880 1881 
1567 740 739 741 
1568 1310 2287 2290 
1569 2423 2228 2767 
1570 217 33 2532 
1571 1905 1456 2407 
1572 2285 1580 2439 
1573 2864 1898 2866 
1574 1449 1457 1987 
1575 885 1165 1166 
1576 1709 1237 2465 
1577 1912 2715 2778 
1578 161 162 2189 
1579 1309 1308 1310 
1580 507 506 2310 
1581 660 662 2401 
1582 1300 1298 2273 
1583 1485 2382 2383 
1584 912 1538 2503 
1585 2265 999 2316 
1586 2422 2421 2445 
1587 2146 2531 2921 
1588 643 866 2412 
1589 1071 1154 2236 
1590 889 2276 2278 
1591 1104 1084 1105 
1592 1551 1427 2259 
1593 1728 1411 2320 
1594 1738 1532 1923 
1595 1998 1441 1999 
1596 440 438 2452 
1597 749 885 2331 
1598 769 772 2263 
1599 1529 1527 2261 
1600 648 893 2420 
1601 852 2230 2694 
1602 1308 1663 2287 
1603 1336 1808 2283 
1604 563 2328 2345 
1605 1566 1565 1585 
1606 486 482 2464 
1607 1476 1817 2311 
1608 2525 2956 3021 
1609 811 1050 2443 
1610 2301 1262 2437 
1611 682 684 2355 
1612 1436 1159 2296 
1613 574 582 592 
1614 856 653 888 
1615 1533 1532 1738 
1616 664 665 2295 
1617 672 671 673 
1618 597 577 2345 
1619 1676 1678 2322 
1620 727 726 2902 
1621 1485 1284 2382 
1622 403 411 2757 
1623 1846 2295 2408 
1624 791 792 793 
1625 1249 999 2265 
1626 1857 2403 2496 
1627 740 741 742 
1628 1325 1310 1326 
1629 1452 1453 1454 
1630 840 1008 2527 
1631 2312 710 2314 
1632 1253 2265 2266 
1633 1417 1993 2506 
1634 2351 2450 2635 
1635 495 2272 2707 
1636 1080 913 1122 
1637 612 600 2317 
1638 1336 1338 1808 
1639 590 2248 2253 
1640 793 794 795 
1641 874 913 1080 
1642 742 743 745 
1643 1166 1165 1336 
1644 1325 1326 1328 
1645 2267 2265 2316 
1646 1140 1262 2465 
1647 1089 900 2477 
1648 670 671 672 
1649 2397 1451 2398 
1650 2261 1527 2354 
1651 1857 1856 2587 
1652 1343 1476 1477 
1653 2523 495 2699 
1654 1982 1444 2828 
1655 2061 1577 2357 
1656 1466 1683 1953 
1657 1535 1536 1792 
1658 684 687 2355 
1659 912 865 1097 
1660 738 739 740 
1661 2062 1063 2659 
1662 1994 1436 1995 
1663 1345 1254 2200 
1664 1768 1606 2337 
1665 1531 1529 1532 
1666 1535 1533 1536 
1667 1082 1080 2297 
1668 1010 628 2332 
1669 1193 1055 2667 
1670 1327 1417 2506 
1671 66 67 255 
1672 1253 1249 2265 
1673 819 816 2366 
1674 1145 664 1224 
1675 889 736 2276 
1676 1458 1972 2027 
1677 1207 2360 2467 
1678 1882 1880 2280 
1679 736 737 738 
1680 2225 1659 2790 
1681 248 35 2168 
1682 1159 1105 1160 
1683 1438 1439 1440 
1684 1478 1476 2311 
1685 2167 2166 2185 
1686 2421 967 2445 
1687 442 1230 2440 
1688 850 848 887 
1689 2210 2211 2819 
1690 1610 1608 2307 
1691 2752 2211 2889 
1692 1865 1867 1921 
1693 650 648 2420 
1694 1104 1105 1159 
1695 419 2321 2973 
1696 1346 1793 2008 
1697 1817 2045 2048 
1698 692 694 2359 
1699 1175 1089 2477 
1700 1199 1195 2430 
1701 1308 1306 1663 
1702 1531 1532 1533 
1703 1680 1682 1803 
1704 443 445 2551 
1705 1083 1084 1104 
1706 1627 1630 2685 
1707 1563 2376 2935 
1708 1981 1585 2238 
1709 1916 2763 2820 
1710 874 860 913 
1711 2362 1279 2365 
1712 1451 1450 1452 
1713 1790 1802 2044 
1714 577 563 2345 
1715 1275 2581 3132 
1716 1525 1524 1722 
1717 1438 1179 1439 
1718 1372 1337 1441 
1719 734 736 889 
1720 738 737 739 
1721 2404 1857 2587 
1722 2460 2245 2551 
1723 508 2656 2660 
1724 534 461 2379 
1725 757 758 759 
1726 2313 1371 2735 
1727 1877 1879 2092 
1728 1307 1306 1308 
1729 745 746 747 
1730 1880 1984 2280 
1731 1869 1868 1870 
1732 2141 2140 2142 
1733 1160 1281 1282 
1734 1309 1310 1325 
1735 1586 486 2464 
1736 1324 1106 2605 
1737 1411 1224 1412 
1738 1816 1633 2010 
1739 1219 1220 1222 
1740 2490 1621 2491 
1741 697 700 2303 
1742 843 846 2503 
1743 1310 1308 2287 
1744 1483 1481 2001 
1745 664 663 665 
1746 1071 2236 2792 
1747 438 551 2452 
1748 570 574 2286 
1749 1434 1433 1791 
1750 712 710 2312 
1751 568 553 2459 
1752 32 217 2164 
1753 789 790 791 
1754 1166 1336 1337 
1755 795 796 798 
1756 1081 1080 1082 
1757 1203 1202 2365 
1758 2082 1586 2470 
1759 2441 2452 2453 
1760 1488 2154 2775 
1761 1674 1675 1676 
1762 2393 1837 2394 
1763 2217 2399 2443 
1764 613 603 654 
1765 757 755 758 
1766 1903 1456 1905 
1767 540 530 2342 
1768 791 790 792 
1769 1305 1304 1306 
1770 2296 1283 2542 
1771 1122 1542 1543 
1772 524 892 2342 
1773 1414 1415 1732 
1774 1948 1551 2259 
1775 1832 1677 2566 
1776 962 966 2563 
1777 1412 1224 1846 
1778 694 2303 2359 
1779 1081 1082 1083 
1780 1594 2218 2501 
1781 1807 1676 2322 
1782 504 501 2405 
1783 860 850 2262 
1784 1674 1673 1675 
1785 1197 1199 2537 
1786 1442 1441 1998 
1787 1199 2430 2431 
1788 1448 1329 2260 
1789 521 443 2551 
1790 1078 996 2535 
1791 447 444 2440 
1792 793 792 794 
1793 2371 1842 2372 
1794 2349 602 2350 
1795 2715 1259 2778 
1796 1477 1476 1478 
1797 1586 2464 2470 
1798 1837 1758 2378 
1799 1145 1224 1411 
1800 885 1093 1165 
1801 1412 1846 1847 
1802 1484 2219 2647 
1803 177 178 202 
1804 759 760 761 
1805 873 860 874 
1806 789 788 790 
1807 2408 877 2409 
1808 559 558 2328 
1809 1329 1326 1727 
1810 2190 2620 2738 
1811 1756 1837 2393 
1812 2318 2180 2319 
1813 2325 494 3053 
1814 827 826 828 
1815 1194 1195 1196 
1816 1435 1614 1787 
1817 1282 1281 1777 
1818 1285 1286 1331 
1819 1160 1105 1281 
1820 2339 540 2340 
1821 1194 704 1195 
1822 1665 1898 2848 
1823 2757 2188 2916 
1824 2399 2398 2400 
1825 468 469 470 
1826 1678 1680 2305 
1827 2355 1886 2666 
1828 662 663 664 
1829 1282 1777 2382 
1830 2360 1279 2361 
1831 1413 1411 1728 
1832 530 524 2342 
1833 466 467 468 
1834 1218 1219 1221 
1835 468 467 469 
1836 2326 508 2660 
1837 730 718 1844 
1838 1987 1457 2018 
1839 1542 2262 2677 
1840 738 740 1152 
1841 2986 2288 2999 
1842 1160 1282 1283 
1843 1484 1483 2219 
1844 2788 2462 2872 
1845 2366 1956 2649 
1846 1287 1778 2066 
1847 1577 1575 2357 
1848 1608 1768 2307 
1849 672 673 674 
1850 822 825 826 
1851 787 788 789 
1852 1205 1279 2360 
1853 1493 1744 2460 
1854 1966 1610 1967 
1855 700 704 1194 
1856 787 786 788 
1857 749 861 885 
1858 1196 1195 1197 
1859 2263 1216 2448 
1860 626 612 2317 
1861 629 630 631 
1862 780 778 2555 
1863 1283 1284 1285 
1864 624 1056 2700 
1865 747 746 748 
1866 996 1641 2535 
1867 1509 1510 1511 
1868 1744 2245 2460 
1869 773 775 2356 
1870 1284 1282 2382 
1871 1676 1677 1678 
1872 626 2317 2332 
1873 1102 1176 2353 
1874 652 650 750 
1875 1315 1313 2343 
1876 1678 1679 1680 
1877 639 641 2411 
1878 662 664 1145 
1879 1480 1478 1481 
1880 466 465 467 
1881 747 1150 2612 
1882 1606 1604 2337 
1883 1880 1878 1984 
1884 625 612 626 
1885 937 938 2417 
1886 1010 2332 3030 
1887 506 504 894 
1888 535 540 2339 
1889 1914 2884 2887 
1890 482 479 2464 
1891 2397 2398 2399 
1892 628 626 2332 
1893 818 819 820 
1894 879 944 2070 
1895 1030 2425 2571 
1896 1726 1300 2273 
1897 2912 518 3077 
1898 820 821 822 
1899 580 577 588 
1900 1781 1496 1784 
1901 1195 704 2430 
1902 1568 1148 1570 
1903 1740 1265 1890 
1904 631 630 632 
1905 572 563 577 
1906 816 815 2366 
1907 784 782 833 
1908 833 2519 2960 
1909 850 887 2262 
1910 629 628 630 
1911 1307 1308 1309 
1912 1848 1847 1849 
1913 1945 1551 1947 
1914 1413 1728 1852 
1915 1464 1465 1466 
1916 694 697 2303 
1917 722 724 879 
1918 506 894 1554 
1919 788 786 897 
1920 2425 2289 2571 
1921 782 780 2324 
1922 558 571 1229 
1923 1050 1051 1052 
1924 1302 1300 1726 
1925 1543 1544 1929 
1926 351 602 2349 
1927 2294 546 2889 
1928 608 607 622 
1929 2411 641 2412 
1930 340 911 2782 
1931 1092 1091 1155 
1932 1182 1327 1468 
1933 461 459 2379 
1934 485 482 486 
1935 1930 2160 2161 
1936 711 1376 2458 
1937 1674 1676 1807 
1938 2266 2265 2267 
1939 1122 913 1542 
1940 1285 1284 1286 
1941 1849 1847 1850 
1942 502 1076 2439 
1943 524 510 892 
1944 561 559 563 
1945 1196 1197 1198 
1946 1995 1436 2296 
1947 2372 1842 2373 
1948 555 554 558 
1949 1407 1763 2428 
1950 1361 1716 2426 
1951 470 469 471 
1952 553 542 2459 
1953 2036 1792 2037 
1954 756 755 757 
1955 1608 1606 1768 
1956 2426 1716 2427 
1957 631 632 633 
1958 753 751 754 
1959 1554 894 1555 
1960 2404 2587 2630 
1961 531 530 535 
1962 536 535 544 
1963 881 1001 2495 
1964 1128 1069 2437 
1965 2441 1230 2452 
1966 1283 1282 1284 
1967 470 471 472 
1968 818 816 819 
1969 857 1091 1092 
1970 1262 2302 2465 
1971 1676 1675 1677 
1972 2409 877 2410 
1973 533 543 2742 
1974 812 810 813 
1975 701 699 702 
1976 665 666 667 
1977 545 544 554 
1978 2395 1851 2869 
1979 1230 440 2452 
1980 703 702 706 
1981 798 799 800 
1982 2359 2303 2367 
1983 697 699 700 
1984 2371 1276 2375 
1985 1286 1284 1485 
1986 1550 1427 1551 
1987 1791 1979 2039 
1988 968 967 2421 
1989 2327 2490 2491 
1990 1568 1570 1765 
1991 1609 1608 1610 
1992 1746 1745 1747 
1993 1858 2370 2458 
1994 2587 619 2630 
1995 674 673 675 
1996 759 758 760 
1997 783 782 784 
1998 1076 997 1274 
1999 1046 1124 2419 
2000 459 901 2379 
2001 2459 542 2742 
2002 1673 1671 2100 
2003 541 552 564 
2004 753 754 755 
2005 778 776 852 
2006 795 794 796 
2007 428 2800 2860 
2008 543 2385 2742 
2009 1530 1529 1531 
2010 1744 1743 1745 
2011 1867 1868 1869 
2012 502 997 1076 
2013 1575 2065 2357 
2014 525 524 530 
2015 552 566 2377 
2016 598 607 608 
2017 1607 1606 1608 
2018 700 701 704 
2019 1076 2285 2439 
2020 1090 1280 1414 
2021 1303 1302 1304 
2022 2310 1554 2513 
2023 1706 2535 2536 
2024 2211 2752 2819 
2025 472 471 473 
2026 641 643 2412 
2027 715 720 2518 
2028 1950 1276 1951 
2029 2229 2232 2700 
2030 2391 851 2392 
2031 1050 2217 2443 
2032 1446 1264 1565 
2033 464 465 466 
2034 1578 1577 1579 
2035 572 577 580 
2036 772 773 823 
2037 1669 2135 2765 
2038 584 568 1265 
2039 1568 1765 2424 
2040 1198 1197 1200 
2041 2353 1790 2770 
2042 1229 571 1351 
2043 828 826 829 
2044 874 1080 1081 
2045 1418 1265 1740 
2046 698 1925 2330 
2047 2356 775 2595 
2048 1376 1858 2458 
2049 633 634 635 
2050 881 854 1001 
2051 872 904 1099 
2052 1305 1306 1307 
2053 1611 1610 1966 
2054 511 510 524 
2055 961 1597 2444 
2056 1234 1546 1886 
2057 1898 1439 2315 
2058 1843 2335 2336 
2059 1346 1314 1560 
2060 2379 901 2380 
2061 976 975 1276 
2062 1276 975 2375 
2063 617 2414 2415 
2064 1740 1890 1891 
2065 1485 2383 2384 
2066 500 498 891 
2067 725 728 2418 
2068 1273 1735 2368 
2069 1579 1577 2061 
2070 561 563 572 
2071 700 699 701 
2072 1262 1128 2437 
2073 2484 2670 2686 
2074 558 554 571 
2075 1810 1436 1994 
2076 1973 1332 2529 
2077 1412 1847 1848 
2078 1493 1743 1744 
2079 1748 1747 1749 
2080 459 457 901 
2081 785 786 787 
2082 2285 1275 3127 
2083 1929 1544 1930 
2084 772 1216 2263 
2085 1331 1332 1458 
2086 555 558 559 
2087 707 706 709 
2088 1891 1890 2385 
2089 2360 2361 2364 
2090 1201 1200 1202 
2091 1803 1682 2438 
2092 1352 571 2521 
2093 1198 1200 1201 
2094 879 724 944 
2095 1306 1304 2298 
2096 627 628 629 
2097 960 962 2563 
2098 558 1229 2328 
2099 1265 568 2459 
2100 704 701 2370 
2101 722 879 2323 
2102 1552 1377 1959 
2103 1556 1555 1557 
2104 356 355 357 
2105 1604 1766 2337 
2106 2349 2350 2351 
2107 1744 1745 1746 
2108 535 530 540 
2109 690 695 2603 
2110 720 722 2323 
2111 1554 1555 1556 
2112 1675 2381 2566 
2113 1205 1203 1279 
2114 2415 2414 2416 
2115 966 2455 2563 
2116 2402 2404 2497 
2117 1314 1095 2560 
2118 1778 1288 2672 
2119 924 941 2423 
2120 1552 1959 1960 
2121 1760 2163 2378 
2122 630 628 1010 
2123 633 632 634 
2124 2266 2267 2268 
2125 588 577 597 
2126 2568 3009 3011 
2127 687 1234 2355 
2128 761 760 762 
2129 617 449 2414 
2130 954 952 2590 
2131 1493 1742 1743 
2132 1621 2446 2491 
2133 2372 2373 2374 
2134 785 784 786 
2135 1202 1209 1420 
2136 510 507 2310 
2137 544 535 2339 
2138 571 554 2521 
2139 1176 1463 1790 
2140 1201 1202 1203 
2141 1633 1629 2685 
2142 2333 1876 2334 
2143 449 447 2414 
2144 2452 551 2453 
2145 754 751 2546 
2146 812 813 814 
2147 503 505 2326 
2148 701 702 703 
2149 959 2861 2938 
2150 974 973 975 
2151 1234 1545 1546 
2152 1420 1428 1771 
2153 2269 2270 2271 
2154 828 830 2565 
2155 1456 1454 2407 
2156 1576 1575 1577 
2157 2203 2204 2205 
2158 781 780 782 
2159 1204 1203 1205 
2160 1313 1314 1346 
2161 1664 1928 2813 
2162 479 477 899 
2163 952 992 2590 
2164 2298 1304 2299 
2165 1543 1542 1544 
2166 627 626 628 
2167 637 638 639 
2168 1248 999 1249 
2169 1575 1558 2065 
2170 1951 1276 2371 
2171 1678 1677 1679 
2172 2453 551 2454 
2173 1420 1771 1775 
2174 2066 1778 2067 
2175 451 449 617 
2176 545 554 555 
2177 715 712 718 
2178 2437 1067 2561 
2179 1556 1557 1558 
2180 1756 1758 1837 
2181 525 530 531 
2182 2496 2403 2584 
2183 47 48 2304 
2184 531 535 536 
2185 536 544 545 
2186 745 747 2612 
2187 1145 1411 1413 
2188 711 714 1376 
2189 798 800 851 
2190 814 815 816 
2191 1323 1159 1436 
2192 445 1075 2551 
2193 701 703 2370 
2194 544 2339 2521 
2195 751 750 2546 
2196 941 926 2481 
2197 1113 1088 1706 
2198 496 1580 1581 
2199 1076 1274 1275 
2200 1594 1615 2218 
2201 1746 1747 1748 
2202 354 353 355 
2203 519 546 2429 
2204 675 673 705 
2205 1411 1412 2320 
2206 1754 1756 2393 
2207 1760 1762 2163 
2208 464 463 465 
2209 1605 1604 1606 
2210 2373 1842 2937 
2211 655 614 657 
2212 985 794 2600 
2213 942 1385 1386 
2214 1749 1747 2282 
2215 1748 1749 1750 
2216 967 2444 2445 
2217 591 588 596 
2218 1758 1760 2378 
2219 635 636 637 
2220 1376 714 1377 
2221 2361 2362 2363 
2222 462 461 463 
2223 779 778 780 
2224 1207 1205 2360 
2225 922 2423 2475 
2226 976 1276 1950 
2227 1147 1422 2543 
2228 1371 1337 1372 
2229 1574 1558 1575 
2230 1664 1721 1928 
2231 2301 2437 2561 
2232 1021 1600 2425 
2233 1331 1286 1332 
2234 1069 1067 2437 
2235 1376 1377 1552 
2236 938 942 2417 
2237 966 982 2455 
2238 890 586 2525 
2239 1096 1095 1313 
2240 460 459 461 
2241 1336 1165 1338 
2242 1206 1205 1207 
2243 1250 1249 1251 
2244 356 1601 2492 
2245 462 463 464 
2246 711 712 714 
2247 1321 1108 1933 
2248 2021 1789 2022 
2249 2504 2696 2724 
2250 637 639 869 
2251 662 661 663 
2252 761 762 763 
2253 1210 1207 2467 
2254 1531 1533 1535 
2255 2351 2350 2352 
2256 484 482 485 
2257 922 924 2423 
2258 972 971 973 
2259 973 971 1049 
2260 776 774 2686 
2261 681 679 708 
2262 911 2461 2462 
2263 1107 1287 2659 
2264 1750 1751 1752 
2265 2649 1956 2681 
2266 926 928 2481 
2267 1604 1562 1766 
2268 1578 1579 1834 
2269 2535 1641 2536 
2270 742 745 1151 
2271 1449 1184 1457 
2272 1385 1943 2213 
2273 643 645 866 
2274 2182 1754 2393 
2275 601 596 603 
2276 967 963 2444 
2277 1313 1095 1314 
2278 1562 1407 2428 
2279 358 357 359 
2280 1124 1356 2419 
2281 1683 1465 2812 
2282 1891 2385 2386 
2283 511 524 525 
2284 1863 1864 1865 
2285 817 816 818 
2286 1197 1195 1199 
2287 1819 1348 2275 
2288 502 503 997 
2289 718 712 2312 
2290 451 617 1267 
2291 463 461 534 
2292 460 461 462 
2293 600 586 890 
2294 769 771 772 
2295 582 589 590 
2296 820 819 821 
2297 1219 1217 1220 
2298 1841 2375 2376 
2299 564 552 2377 
2300 1148 842 2527 
2301 815 984 1233 
2302 1274 1572 2581 
2303 1001 854 2488 
2304 1030 1025 2425 
2305 1363 1361 2426 
2306 519 528 546 
2307 704 2370 2430 
2308 736 735 737 
2309 2455 1395 2456 
2310 1763 1764 2325 
2311 1245 835 2187 
2312 1359 1147 2543 
2313 1196 1198 1537 
2314 2004 1474 2019 
2315 697 698 699 
2316 1234 1886 2355 
2317 1750 1749 1751 
2318 2434 2435 2436 
2319 1260 2511 2533 
2320 1446 1565 1566 
2321 2221 1914 2887 
2322 369 370 371 
2323 750 650 2420 
2324 1204 1205 1206 
2325 1407 1406 1763 
2326 2511 1688 2533 
2327 2320 1848 2321 
2328 349 351 2349 
2329 2544 1642 2756 
2330 934 937 1613 
2331 1035 2608 2616 
2332 1212 1073 1213 
2333 1752 1754 2182 
2334 367 368 369 
2335 810 809 2589 
2336 1361 1362 1716 
2337 963 961 2444 
2338 974 975 976 
2339 1273 1292 1735 
2340 1581 1580 1582 
2341 1696 1853 2225 
2342 351 354 602 
2343 505 504 506 
2344 657 614 2628 
2345 687 983 1234 
2346 1816 2010 2042 
2347 822 821 825 
2348 1208 1207 1210 
2349 614 605 2628 
2350 660 661 662 
2351 822 826 827 
2352 1274 997 1571 
2353 1092 1825 2220 
2354 1334 1315 1795 
2355 709 716 749 
2356 814 813 815 
2357 2351 2352 2461 
2358 639 640 641 
2359 866 645 2721 
2360 2098 1363 2103 
2361 1576 1577 1578 
2362 1046 2419 2699 
2363 1190 1192 1395 
2364 676 675 677 
2365 982 1190 2455 
2366 1233 984 1823 
2367 1202 1200 1209 
2368 602 354 2492 
2369 970 968 971 
2370 1298 1296 1717 
2371 537 386 2478 
2372 412 416 417 
2373 481 479 482 
2374 516 519 2429 
2375 783 784 785 
2376 972 973 974 
2377 1027 1040 2500 
2378 1716 1362 1941 
2379 1771 1428 1772 
2380 1025 1021 2425 
2381 1202 1420 2365 
2382 1372 1441 1442 
2383 505 507 508 
2384 635 634 636 
2385 1144 1137 1402 
2386 365 367 907 
2387 844 842 1148 
2388 985 2600 2601 
2389 1763 1406 1764 
2390 1607 1608 1609 
2391 360 359 361 
2392 815 1233 2366 
2393 1766 1562 2428 
2394 1609 1610 1611 
2395 690 692 695 
2396 1088 1078 2535 
2397 1144 1402 1408 
2398 2386 2385 2388 
2399 590 595 598 
2400 1233 1823 1955 
2401 1049 2421 2422 
2402 794 792 2600 
2403 1420 1209 1428 
2404 2163 1762 2469 
2405 354 355 356 
2406 892 510 2310 
2407 534 2379 3025 
2408 792 790 834 
2409 1075 1125 1149 
2410 365 366 367 
2411 833 782 2324 
2412 965 963 967 
2413 2361 1279 2362 
2414 2444 1597 2852 
2415 1555 894 1559 
2416 1066 1137 1144 
2417 1285 1331 1462 
2418 1297 1312 2442 
2419 1477 1478 1479 
2420 1569 1568 2424 
2421 1023 1027 2500 
2422 1201 1203 1204 
2423 1361 1210 1362 
2424 442 440 1230 
2425 1233 1955 1956 
2426 1356 1375 1588 
2427 2103 1363 2426 
2428 1190 1395 2455 
2429 378 379 380 
2430 1505 1854 2169 
2431 356 357 358 
2432 403 407 411 
2433 869 639 2411 
2434 1214 1213 1406 
2435 365 907 2457 
2436 491 496 2573 
2437 934 935 937 
2438 1066 1033 1137 
2439 2161 2160 2162 
2440 859 850 860 
2441 1673 2100 2381 
2442 625 626 627 
2443 781 782 783 
2444 919 922 2475 
2445 1206 1207 1208 
2446 1540 1359 1541 
2447 1719 1408 1730 
2448 456 455 457 
2449 635 637 2558 
2450 1402 1403 1696 
2451 363 361 2457 
2452 903 635 2558 
2453 674 675 676 
2454 961 958 1597 
2455 1127 1069 1128 
2456 1208 1210 1211 
2457 1295 1297 2442 
2458 351 353 354 
2459 386 389 2478 
2460 1675 1673 2381 
2461 478 477 479 
2462 580 588 591 
2463 874 1081 2637 
2464 1567 1148 1568 
2465 1480 1481 1482 
2466 1587 363 2457 
2467 942 943 1385 
2468 1038 1037 2485 
2469 1072 1637 2504 
2470 1464 1177 1465 
2471 342 344 2450 
2472 1890 1265 2459 
2473 374 363 375 
2474 378 377 379 
2475 1135 1260 2485 
2476 451 1267 2480 
2477 458 459 460 
2478 707 711 2458 
2479 928 934 2481 
2480 1149 1493 2460 
2481 1211 1210 1361 
2482 2135 1667 2848 
2483 176 177 2202 
2484 1211 1361 1363 
2485 1356 1374 1375 
2486 1605 1606 1607 
2487 1368 1621 2490 
2488 1592 1594 2501 
2489 490 491 2573 
2490 340 341 342 
2491 1301 1300 1302 
2492 1413 2194 2401 
2493 587 2451 2865 
2494 798 796 799 
2495 1029 1025 1030 
2496 1496 1193 2667 
2497 1303 1304 1305 
2498 1581 1582 1583 
2499 970 971 972 
2500 2608 1623 2616 
2501 2465 2302 2466 
2502 389 396 906 
2503 417 418 512 
2504 670 672 877 
2505 748 746 862 
2506 1233 1956 2366 
2507 1941 1362 1942 
2508 1611 1966 1968 
2509 1637 1638 1912 
2510 2402 2403 2404 
2511 924 926 941 
2512 1777 1281 2074 
2513 376 377 378 
2514 777 776 778 
2515 770 768 1073 
2516 795 798 2390 
2517 971 968 2421 
2518 1038 2485 2524 
2519 1212 1213 1214 
2520 499 502 2439 
2521 748 862 2488 
2522 357 355 2402 
2523 2414 447 2440 
2524 458 457 459 
2525 1017 1023 2499 
2526 1482 1481 1483 
2527 354 356 2492 
2528 867 631 2805 
2529 827 828 1897 
2530 417 416 418 
2531 639 638 640 
2532 676 677 678 
2533 1234 983 1545 
2534 2620 1653 2738 
2535 374 375 376 
2536 637 636 638 
2537 1600 1019 2599 
2538 1031 1030 1033 
2539 1037 1135 2485 
2540 1231 2475 2767 
2541 1365 1363 2098 
2542 1603 1562 1604 
2543 1574 1575 1576 
2544 719 718 730 
2545 1135 1258 1260 
2546 1406 1213 2433 
2547 1332 1286 2529 
2548 1522 1520 1524 
2549 942 1386 2417 
2550 1680 1681 1682 
2551 2396 2159 2677 
2552 1369 1368 2490 
2553 1584 1408 1719 
2554 1852 1728 2489 
2555 2300 3015 3024 
2556 327 915 2487 
2557 358 359 360 
2558 361 365 2457 
2559 830 836 2565 
2560 1841 1619 1842 
2561 1930 2159 2160 
2562 2722 3043 3049 
2563 1163 1060 2495 
2564 2719 1523 2946 
2565 1674 1807 2413 
2566 509 510 511 
2567 552 553 566 
2568 2192 1750 2449 
2569 1752 1753 1754 
2570 622 659 857 
2571 1479 1478 1480 
2572 720 721 722 
2573 734 735 736 
2574 1227 936 2498 
2575 1034 1033 1066 
2576 1752 1751 1753 
2577 378 380 562 
2578 1023 1026 1027 
2579 1590 1592 2272 
2580 1875 1872 1876 
2581 1185 1450 1451 
2582 1335 1341 1664 
2583 1413 1852 2194 
2584 1556 1558 1574 
2585 1698 1583 1824 
2586 342 343 344 
2587 634 632 878 
2588 652 750 751 
2589 846 912 2503 
2590 1044 1043 2512 
2591 1049 2422 2935 
2592 1129 1128 1140 
2593 1914 1401 2508 
2594 1418 1740 1836 
2595 1955 1823 2482 
2596 1865 1866 1867 
2597 936 932 2498 
2598 1214 1406 1407 
2599 1663 1306 2298 
2600 1356 1588 2419 
2601 2697 1897 2741 
2602 377 375 2522 
2603 1173 1612 2493 
2604 1649 1650 1992 
2605 1754 1755 1756 
2606 1762 1940 2469 
2607 1823 2060 2150 
2608 378 562 2473 
2609 2434 549 2435 
2610 1149 1125 1491 
2611 1401 2505 2508 
2612 376 375 377 
2613 541 542 552 
2614 584 1265 1418 
2615 793 795 898 
2616 915 1231 2487 
2617 965 967 968 
2618 1017 1022 1023 
2619 411 407 412 
2620 2390 851 2391 
2621 1402 1137 1403 
2622 360 361 363 
2623 431 432 433 
2624 1580 497 2439 
2625 1274 1571 1572 
2626 1545 1639 2146 
2627 360 363 374 
2628 357 2402 2497 
2629 997 503 2326 
2630 703 706 707 
2631 1021 1019 1600 
2632 1823 2150 2482 
2633 2567 408 2643 
2634 1034 1066 1067 
2635 1075 1149 2460 
2636 1124 1355 1356 
2637 1127 1128 1129 
2638 417 512 1130 
2639 798 851 2390 
2640 1144 1408 1584 
2641 1401 1398 2505 
2642 1405 1404 2507 
2643 376 378 2473 
2644 469 467 549 
2645 2370 703 2458 
2646 922 923 924 
2647 1959 1377 1961 
2648 1588 1589 1590 
2649 938 940 942 
2650 1029 1030 1031 
2651 1701 1405 2507 
2652 1817 1475 2045 
2653 404 400 405 
2654 915 917 1231 
2655 1270 1237 1709 
2656 1696 1403 1853 
2657 1429 1974 1975 
2658 934 1613 2481 
2659 2499 1023 2500 
2660 1808 1338 1809 
2661 1397 1398 1399 
2662 1399 1401 1856 
2663 368 619 2588 
2664 404 405 409 
2665 714 712 715 
2666 779 780 781 
2667 1140 1128 1262 
2668 431 430 432 
2669 1283 1285 2542 
2670 1764 1406 2433 
2671 448 447 449 
2672 450 449 451 
2673 499 498 500 
2674 538 556 1000 
2675 924 925 926 
2676 1192 1191 1357 
2677 1043 1139 2512 
2678 1397 1044 1398 
2679 2692 1795 2693 
2680 1875 1876 2333 
2681 1231 917 2475 
2682 1067 1066 2561 
2683 1126 1069 1127 
2684 325 327 2487 
2685 1601 358 2486 
2686 854 748 2488 
2687 1260 1644 2511 
2688 427 428 429 
2689 1398 1044 2512 
2690 1129 1140 1141 
2691 1260 1258 1644 
2692 1697 1583 1698 
2693 361 362 365 
2694 399 400 404 
2695 488 486 1586 
2696 815 813 984 
2697 1141 1140 1237 
2698 1752 2182 2449 
2699 394 1243 2517 
2700 423 424 425 
2701 1149 1492 1493 
2702 1420 1775 2365 
2703 1601 2486 2878 
2704 1856 1914 2221 
2705 389 906 2478 
2706 828 829 830 
2707 454 456 494 
2708 919 921 922 
2709 1373 1133 1619 
2710 1389 1724 1725 
2711 2231 1477 2709 
2712 1739 1491 2108 
2713 1493 1492 1742 
2714 355 353 896 
2715 433 432 434 
2716 458 460 910 
2717 560 559 561 
2718 741 739 744 
2719 2402 896 2403 
2720 1190 1191 1192 
2721 1643 1393 1888 
2722 1594 1595 1615 
2723 2614 2847 2858 
2724 375 363 1587 
2725 429 430 431 
2726 2485 1260 2533 
2727 1412 1848 2320 
2728 2215 213 2216 
2729 336 338 340 
2730 423 422 424 
2731 456 457 458 
2732 1031 1033 1034 
2733 1567 1568 1569 
2734 1661 1688 1920 
2735 1680 1679 1681 
2736 370 368 2588 
2737 1027 1037 1038 
2738 1062 1060 1163 
2739 1912 1638 1913 
2740 371 373 390 
2741 403 406 407 
2742 937 935 938 
2743 1393 1227 2498 
2744 398 394 2517 
2745 922 921 923 
2746 1072 1266 1637 
2747 1844 2312 2313 
2748 375 1587 2522 
2749 641 642 643 
2750 865 847 2749 
2751 958 954 2590 
2752 1599 1405 1700 
2753 1705 1704 2145 
2754 2508 1707 2880 
2755 355 896 2402 
2756 586 579 2525 
2757 1023 1022 1026 
2758 1246 1729 1770 
2759 496 1581 2573 
2760 2478 906 2479 
2761 1068 1067 1069 
2762 1144 1584 2561 
2763 2505 1398 2512 
2764 2696 1400 2724 
2765 2729 1859 2920 
2766 1888 2498 2569 
2767 409 410 413 
2768 1844 718 2312 
2769 1049 971 2421 
2770 1043 1041 1138 
2771 1647 1369 2490 
2772 1581 1583 1697 
2773 1584 1719 1720 
2774 1661 1602 1688 
2775 322 320 323 
2776 340 342 911 
2777 359 357 2497 
2778 516 2429 2624 
2779 1385 943 1943 
2780 1335 1664 2697 
2781 1856 1401 1914 
2782 1404 1661 2507 
2783 356 358 1601 
2784 409 405 410 
2785 538 1000 2638 
2786 928 931 934 
2787 1027 1026 1037 
2788 1588 1375 1589 
2789 1603 1604 1605 
2790 1637 1912 2696 
2791 1691 1690 2149 
2792 1756 1757 1758 
2793 2416 2414 2440 
2794 2500 2564 2594 
2795 371 390 2514 
2796 2454 551 2657 
2797 677 675 2654 
2798 917 919 2475 
2799 1347 1113 1348 
2800 1354 1123 2538 
2801 1888 1393 2498 
2802 1670 1672 1806 
2803 747 748 853 
2804 853 748 854 
2805 1399 1398 1401 
2806 2114 1968 2180 
2807 894 504 2405 
2808 1041 1038 2524 
2809 1042 1043 1044 
2810 1139 1404 1405 
2811 1700 1405 1701 
2812 1724 1826 2099 
2813 1762 1939 1940 
2814 1891 2386 2387 
2815 390 401 980 
2816 421 414 422 
2817 1043 1138 1139 
2818 1112 1088 1113 
2819 1851 1647 2327 
2820 1707 1700 2451 
2821 2524 2485 2533 
2822 479 899 2464 
2823 1006 1173 2493 
2824 1173 1369 1612 
2825 1286 1485 2529 
2826 1710 1366 2541 
2827 1389 1390 1724 
2828 1784 1496 2667 
2829 1648 1647 1851 
2830 2313 2312 2314 
2831 591 596 601 
2832 1139 1138 1404 
2833 1139 1599 2512 
2834 1375 1374 1488 
2835 1592 1593 1594 
2836 2508 2880 2884 
2837 178 179 2308 
2838 421 422 423 
2839 924 923 925 
2840 1006 1172 1173 
2841 1020 1024 2580 
2842 1403 1137 2571 
2843 1646 1369 1647 
2844 1646 1647 1648 
2845 384 386 537 
2846 770 1212 2484 
2847 2027 1972 2028 
2848 455 452 2480 
2849 1584 2301 2561 
2850 2327 1647 2490 
2851 1748 1750 2192 
2852 905 376 2473 
2853 1139 1405 1599 
2854 2462 2461 2463 
2855 2500 1040 2564 
2856 1350 1114 2575 
2857 1394 1393 1643 
2858 1561 1407 1562 
2859 1760 1761 1762 
2860 400 398 587 
2861 452 451 2480 
2862 1095 863 2560 
2863 929 2534 2545 
2864 946 1006 2493 
2865 1032 1072 2504 
2866 1388 1227 1393 
2867 1508 1345 2200 
2868 1399 1856 1857 
2869 2434 2436 2570 
2870 499 501 502 
2871 986 863 1095 
2872 911 2462 2782 
2873 1211 1365 2531 
2874 1356 1355 1374 
2875 2505 1707 2508 
2876 361 359 362 
2877 429 428 430 
2878 471 469 2434 
2879 917 918 919 
2880 1033 1030 2571 
2881 1173 1368 1369 
2882 1404 1602 1661 
2883 374 905 2486 
2884 1015 1017 2499 
2885 1042 1041 1043 
2886 1104 1159 1323 
2887 1168 1381 1382 
2888 1328 1447 2000 
2889 1724 1390 1826 
2890 1758 1759 1760 
2891 2653 2169 2718 
2892 2534 2493 2545 
2893 475 473 518 
2894 819 2366 2649 
2895 926 925 927 
2896 1404 1138 1602 
2897 1200 1197 2537 
2898 1617 1397 2496 
2899 1443 1444 1982 
2900 2243 1469 2244 
2901 1750 1752 2449 
2902 374 376 905 
2903 414 410 2547 
2904 532 533 541 
2905 1040 1038 1041 
2906 1349 1114 1350 
2907 618 424 2548 
2908 789 791 824 
2909 1211 1363 1365 
2910 302 300 303 
2911 532 541 2819 
2912 2484 1212 2670 
2913 1228 1553 1618 
2914 1688 1602 2533 
2915 425 426 427 
2916 722 723 724 
2917 1040 1041 1042 
2918 1813 1324 2605 
2919 1599 1700 1707 
2920 1599 2505 2512 
2921 2670 2230 2686 
2922 380 379 381 
2923 1086 1078 1088 
2924 1602 2524 2533 
2925 335 334 336 
2926 982 1189 1190 
2927 1396 1044 1397 
2928 1173 1172 1368 
2929 1288 1429 2672 
2930 1313 1346 2343 
2931 1489 1350 1708 
2932 1612 1369 1646 
2933 1590 1591 1592 
2934 1599 1707 2505 
2935 1351 571 1352 
2936 1581 1697 2573 
2937 2272 1592 2501 
2938 2493 1612 2545 
2939 1754 1753 1755 
2940 578 377 2522 
2941 386 388 389 
2942 438 436 551 
2943 446 444 447 
2944 503 501 504 
2945 554 544 2521 
2946 859 860 873 
2947 934 931 935 
2948 1275 1274 2581 
2949 1397 1399 2496 
2950 2419 1588 2523 
2951 662 1145 2401 
2952 915 916 917 
2953 919 918 920 
2954 1387 1227 1388 
2955 369 371 372 
2956 396 402 403 
2957 1075 547 1125 
2958 1425 583 1494 
2959 2190 1851 2395 
2960 1143 408 2567 
2961 505 506 507 
2962 714 715 2518 
2963 1541 1359 2543 
2964 1498 1366 1710 
2965 1500 1737 1949 
2966 2680 277 2910 
2967 1130 512 1236 
2968 989 1915 2682 
2969 1270 1709 1736 
2970 1648 1851 2190 
2971 322 323 324 
2972 399 398 400 
2973 711 710 712 
2974 1166 1337 1371 
2975 1818 1348 1819 
2976 351 350 353 
2977 380 381 382 
2978 1123 1011 2538 
2979 2335 1565 2336 
2980 393 397 908 
2981 519 520 528 
2982 917 916 918 
2983 333 334 335 
2984 413 410 414 
2985 420 414 421 
2986 424 422 2548 
2987 770 1073 1212 
2988 919 920 921 
2989 2679 948 2714 
2990 1468 1327 2506 
2991 880 854 881 
2992 1908 1314 2560 
2993 1376 1552 1858 
2994 2289 1403 2571 
2995 2072 1820 2073 
2996 390 391 401 
2997 427 426 428 
2998 513 515 516 
2999 556 557 575 
3000 1226 936 1227 
3001 1114 1047 2575 
3002 1388 1393 1394 
3003 360 374 2486 
3004 508 507 509 
3005 844 1148 1567 
3006 920 945 946 
3007 1028 1025 1029 
3008 1399 1857 2496 
3009 432 430 565 
3010 920 918 945 
3011 1027 1038 1040 
3012 1076 1275 2285 
3013 1914 2508 2884 
3014 340 338 341 
3015 1125 547 1261 
3016 641 640 642 
3017 469 549 2434 
3018 516 517 519 
3019 946 2493 2534 
3020 1228 1618 2583 
3021 454 452 455 
3022 503 504 505 
3023 996 994 1641 
3024 1365 2098 2175 
3025 1382 1704 1705 
3026 1505 2169 2653 
3027 410 405 1232 
3028 671 2909 2943 
3029 1107 1162 1287 
3030 1621 1910 2446 
3031 328 326 329 
3032 952 950 992 
3033 1570 1148 2527 
3034 1479 1480 1690 
3035 915 914 916 
3036 921 920 2534 
3037 1948 2259 2885 
3038 327 914 915 
3039 425 424 426 
3040 574 581 582 
3041 777 778 779 
3042 923 921 929 
3043 1168 1167 1381 
3044 1388 1394 1653 
3045 2301 1720 2302 
3046 2463 2352 2847 
3047 384 385 386 
3048 640 638 875 
3049 920 946 2534 
3050 969 968 970 
3051 1208 1211 2531 
3052 1838 1586 2082 
3053 367 366 368 
3054 926 927 928 
3055 1058 1178 1180 
3056 1853 2289 2329 
3057 910 460 2553 
3058 509 507 510 
3059 1637 1266 1638 
3060 1396 1397 1617 
3061 1930 1544 2159 
3062 1744 1746 2245 
3063 2181 1840 2188 
3064 410 1232 2547 
3065 1706 1088 2535 
3066 1602 1138 2524 
3067 1368 1370 1621 
3068 496 497 1580 
3069 918 916 2540 
3070 980 1167 1168 
3071 1024 1032 2580 
3072 1590 2272 2523 
3073 1686 1773 1774 
3074 1839 1840 2181 
3075 342 341 343 
3076 412 415 416 
3077 778 852 2555 
3078 825 876 1645 
3079 379 377 578 
3080 382 383 384 
3081 422 414 2547 
3082 426 424 618 
3083 454 455 456 
3084 538 539 556 
3085 1037 1039 1135 
3086 1268 1273 2368 
3087 1389 1271 1390 
3088 1550 1551 1945 
3089 434 432 2509 
3090 706 702 2526 
3091 747 853 1150 
3092 2464 899 2470 
3093 933 932 936 
3094 1187 1499 1500 
3095 2010 1633 2685 
3096 775 774 776 
3097 1225 936 1226 
3098 1138 1041 2524 
3099 1226 1227 1387 
3100 1238 1271 1389 
3101 1791 1433 1979 
3102 2386 2388 2389 
3103 2455 2456 2563 
3104 687 688 983 
3105 3088 902 3094 
3106 1619 1133 2592 
3107 1190 1189 1191 
3108 587 398 2517 
3109 823 773 2356 
3110 1823 984 2060 
3111 1238 1237 1270 
3112 1006 1171 1172 
3113 1732 1415 1785 
3114 2449 2182 2748 
3115 1897 828 2565 
3116 846 847 865 
3117 945 918 2540 
3118 1024 1021 1025 
3119 1353 1123 1354 
3120 1141 1237 1238 
3121 1362 1210 2467 
3122 1839 1387 1840 
3123 2146 1639 2166 
3124 466 468 902 
3125 836 863 986 
3126 916 1616 2540 
3127 930 927 932 
3128 1392 945 2540 
3129 1034 1067 1068 
3130 1042 1044 1396 
3131 349 2349 2635 
3132 389 395 396 
3133 916 914 1616 
3134 929 921 2534 
3135 1149 1491 1492 
3136 1584 1720 2301 
3137 702 699 2330 
3138 946 1005 1006 
3139 1032 2504 2580 
3140 1226 1387 1839 
3141 2385 1890 2742 
3142 2205 2204 2294 
3143 365 362 366 
3144 764 765 835 
3145 1540 1541 1935 
3146 464 466 2472 
3147 932 927 2569 
3148 942 940 943 
3149 1005 945 1392 
3150 960 958 961 
3151 2564 1656 2594 
3152 441 443 521 
3153 933 936 1225 
3154 1066 1144 2561 
3155 1672 1674 2413 
3156 2268 2267 2269 
3157 953 955 956 
3158 980 1168 1635 
3159 1135 1136 1258 
3160 397 398 399 
3161 633 635 903 
3162 1013 1015 1887 
3163 2540 1616 2607 
3164 369 368 370 
3165 512 418 513 
3166 1500 1499 1737 
3167 1588 1590 2523 
3168 1645 2063 2064 
3169 476 475 477 
3170 1040 1042 2564 
3171 1206 1208 1364 
3172 1556 1574 2513 
3173 1839 2183 2586 
3174 1855 2228 2338 
3175 353 350 2515 
3176 980 401 1167 
3177 964 963 965 
3178 1129 1141 1272 
3179 1373 1619 1841 
3180 1590 1589 1591 
3181 472 473 474 
3182 575 576 593 
3183 927 925 2569 
3184 1137 1033 2571 
3185 1121 1120 1146 
3186 2499 2500 2594 
3187 450 451 452 
3188 605 1247 2628 
3189 880 1059 1115 
3190 930 932 933 
3191 962 961 963 
3192 1145 1413 2401 
3193 1147 1146 1422 
3194 328 329 330 
3195 413 414 420 
3196 1119 991 1120 
3197 1241 1235 1242 
3198 1888 2569 2611 
3199 911 342 2450 
3200 499 500 501 
3201 933 1225 1892 
3202 938 935 939 
3203 1017 1018 1022 
3204 1368 1172 1370 
3205 1839 2181 2183 
3206 1068 1069 1126 
3207 1382 1381 1704 
3208 1452 1454 1455 
3209 1624 1623 1625 
3210 1739 2108 2109 
3211 393 908 2619 
3212 470 472 483 
3213 1887 1015 2499 
3214 1457 2353 2770 
3215 1479 1690 1691 
3216 323 320 2618 
3217 533 529 543 
3218 774 771 2484 
3219 1020 1019 1021 
3220 1668 1670 2369 
3221 725 727 728 
3222 1379 1143 1380 
3223 328 330 2528 
3224 502 501 503 
3225 979 1410 1622 
3226 1756 1755 1757 
3227 330 332 333 
3228 839 841 2199 
3229 1287 1288 1778 
3230 1382 1705 1828 
3231 1755 1753 1926 
3232 2389 2388 2468 
3233 394 392 1243 
3234 422 2547 2548 
3235 833 2324 2519 
3236 1617 2496 2584 
3237 358 360 2486 
3238 702 2330 2526 
3239 949 951 1240 
3240 1168 1382 2562 
3241 1187 1186 1499 
3242 1428 1209 1596 
3243 2497 2404 2630 
3244 811 810 812 
3245 1154 1431 1433 
3246 1651 2698 2737 
3247 448 449 450 
3248 684 686 687 
3249 1186 886 1239 
3250 923 929 2611 
3251 1015 1016 1017 
3252 1389 1725 2609 
3253 3009 1395 3011 
3254 1921 1867 2516 
3255 928 927 930 
3256 946 945 1005 
3257 980 1635 2514 
3258 1554 1556 2513 
3259 382 381 383 
3260 1037 1026 1039 
3261 1132 1036 1623 
3262 1853 1403 2289 
3263 276 274 277 
3264 325 2487 2582 
3265 849 848 850 
3266 1616 914 2528 
3267 957 954 958 
3268 1641 994 2557 
3269 1437 1324 1812 
3270 1942 1362 2467 
3271 333 332 334 
3272 384 383 385 
3273 685 683 999 
3274 762 760 886 
3275 761 763 764 
3276 1131 939 1235 
3277 1349 1350 1489 
3278 1592 1591 1593 
3279 318 320 321 
3280 371 370 373 
3281 2498 932 2569 
3282 1892 1225 1893 
3283 302 303 304 
3284 324 323 1391 
3285 796 794 985 
3286 1597 958 2590 
3287 1126 1127 1366 
3288 1381 1167 1383 
3289 1585 1565 2335 
3290 1679 1677 1832 
3291 330 331 332 
3292 488 1586 1838 
3293 575 593 594 
3294 651 650 652 
3295 1357 1191 1497 
3296 1390 1271 1934 
3297 914 328 2528 
3298 386 385 388 
3299 390 980 2514 
3300 808 809 810 
3301 938 939 940 
3302 756 757 871 
3303 853 854 880 
3304 1392 2540 2607 
3305 1883 1882 1997 
3306 497 499 2439 
3307 1046 1123 1124 
3308 344 343 345 
3309 362 359 2497 
3310 432 565 2509 
3311 446 447 448 
3312 1214 1407 1561 
3313 1241 1242 2597 
3314 397 394 398 
3315 1618 1553 2193 
3316 488 1838 2549 
3317 1545 983 1639 
3318 2656 2081 2660 
3319 467 465 2494 
3320 528 529 532 
3321 1571 997 2326 
3322 1316 2697 2741 
3323 1621 1370 1910 
3324 2069 1502 2091 
3325 1616 2528 2606 
3326 406 402 408 
3327 814 816 817 
3328 1323 1436 1810 
3329 325 324 326 
3330 336 337 338 
3331 1014 364 1045 
3332 460 462 2553 
3333 594 1642 2544 
3334 1246 1539 1729 
3335 327 326 328 
3336 487 486 488 
3337 1396 1617 1656 
3338 2210 1539 2211 
3339 1561 1562 1603 
3340 2022 2024 2025 
3341 333 335 2606 
3342 707 710 711 
3343 972 974 977 
3344 1112 1113 1347 
3345 312 314 315 
3346 327 328 914 
3347 2187 835 2406 
3348 928 930 931 
3349 953 954 955 
3350 955 957 959 
3351 1480 1482 2653 
3352 1762 1761 1939 
3353 303 300 2557 
3354 330 329 331 
3355 811 895 1050 
3356 1645 876 2063 
3357 979 1622 2617 
3358 1006 1005 1171 
3359 298 299 300 
3360 1270 1736 2568 
3361 307 306 308 
3362 308 306 309 
3363 1855 1895 2228 
3364 947 331 948 
3365 423 425 1134 
3366 933 1892 2598 
3367 101 102 2641 
3368 707 709 710 
3369 813 810 2589 
3370 951 952 953 
3371 1124 1353 1355 
3372 1238 1270 1271 
3373 334 332 2556 
3374 1235 939 2577 
3375 1127 1129 2541 
3376 2937 313 2952 
3377 321 322 2582 
3378 930 933 2598 
3379 1075 2460 2551 
3380 637 869 2558 
3381 762 886 1053 
3382 947 948 949 
3383 1124 1123 1353 
3384 1656 2702 2758 
3385 1029 1031 1035 
3386 1131 1241 1246 
3387 873 874 2637 
3388 949 950 951 
3389 1616 2606 2607 
3390 308 310 311 
3391 944 724 2418 
3392 951 953 2552 
3393 339 337 1899 
3394 624 612 625 
3395 965 968 969 
3396 1018 1016 1019 
3397 1226 1839 2586 
3398 315 316 1169 
3399 580 591 609 
3400 753 755 756 
3401 1042 1396 2564 
3402 1691 2149 2257 
3403 315 1169 1228 
3404 372 371 2514 
3405 485 486 487 
3406 1225 1226 2586 
3407 445 547 1075 
3408 1135 1039 1136 
3409 1053 1186 1187 
3410 1131 1235 1241 
3411 1894 1170 1909 
3412 1501 1188 1502 
3413 1299 1298 1300 
3414 1382 1828 2562 
3415 1682 1741 2438 
3416 1758 1757 1759 
3417 2073 1820 2627 
3418 295 294 296 
3419 332 331 947 
3420 1167 401 2530 
3421 1086 1088 1112 
3422 1511 1510 1512 
3423 1900 2679 2714 
3424 336 334 337 
3425 519 517 520 
3426 698 1007 1925 
3427 2329 1045 2772 
3428 1627 1548 1630 
3429 1566 1980 2032 
3430 1760 1759 1761 
3431 315 314 316 
3432 715 718 719 
3433 970 972 2550 
3434 1887 2499 2594 
3435 427 429 522 
3436 1594 1593 1595 
3437 321 320 322 
3438 880 881 1059 
3439 1576 1578 2184 
3440 1855 1640 1895 
3441 792 834 2600 
3442 2403 896 2584 
3443 1013 1014 1015 
3444 1061 1063 2062 
3445 1690 1480 2653 
3446 393 394 397 
3447 875 638 2554 
3448 1228 1384 1553 
3449 311 310 312 
3450 390 373 391 
3451 629 631 867 
3452 957 958 960 
3453 1366 1127 2541 
3454 949 948 950 
3455 1347 1348 1818 
3456 425 427 2572 
3457 925 923 2611 
3458 308 309 310 
3459 322 324 325 
3460 339 1899 2201 
3461 518 473 2570 
3462 953 956 2552 
3463 966 981 982 
3464 1081 1111 2637 
3465 330 333 2528 
3466 835 765 2406 
3467 1060 881 2495 
3468 1121 1146 1147 
3469 1370 1172 2614 
3470 1893 1225 2586 
3471 1242 1235 2640 
3472 2192 2579 2593 
3473 1024 1025 1028 
3474 960 961 962 
3475 1383 1167 2530 
3476 1228 1169 1384 
3477 1384 1169 1640 
3478 1625 1623 2608 
3479 969 970 978 
3480 991 989 2682 
3481 1172 1171 2614 
3482 1209 1200 2537 
3483 575 557 576 
3484 1246 1770 2639 
3485 1151 745 2612 
3486 1015 1014 1016 
3487 1213 1073 2763 
3488 1271 1270 2568 
3489 1334 1795 2692 
3490 1910 1370 1911 
3491 772 771 773 
3492 1018 1019 1020 
3493 1056 1057 1058 
3494 2563 2456 2717 
3495 322 325 2582 
3496 1380 1143 2567 
3497 1151 2612 2613 
3498 2064 2063 2235 
3499 1240 951 2552 
3500 986 1095 1096 
3501 1020 1021 1024 
3502 1028 1029 2616 
3503 1934 1271 2568 
3504 1384 1640 1855 
3505 2100 1671 2765 
3506 316 317 318 
3507 318 319 320 
3508 687 686 688 
3509 1559 894 2405 
3510 1391 1654 1900 
3511 1482 1505 2653 
3512 1492 1491 1739 
3513 1574 1576 2585 
3514 1881 1882 1883 
3515 2154 2153 3142 
3516 312 313 314 
3517 473 471 2570 
3518 1377 714 2518 
3519 1572 1573 1830 
3520 389 388 395 
3521 2525 579 2655 
3522 848 845 2502 
3523 1258 1136 1259 
3524 1396 1656 2564 
3525 1729 1539 2210 
3526 409 413 1620 
3527 443 442 444 
3528 830 832 836 
3529 940 939 1131 
3530 1191 1189 2596 
3531 1246 1241 1539 
3532 1632 1629 1633 
3533 450 452 453 
3534 474 473 475 
3535 962 963 964 
3536 462 464 480 
3537 678 677 679 
3538 678 680 731 
3539 682 2355 2666 
3540 808 806 809 
3541 939 935 2577 
3542 1132 1623 1624 
3543 1466 1953 1954 
3544 1485 2384 2529 
3545 1624 1625 1922 
3546 290 292 293 
3547 396 395 402 
3548 2569 925 2611 
3549 1367 1711 1712 
3550 453 452 454 
3551 720 719 721 
3552 896 2515 2584 
3553 931 930 2598 
3554 1014 1045 2599 
3555 1017 1016 1018 
3556 1031 1034 2574 
3557 1032 1036 1072 
3558 466 902 2472 
3559 978 970 2550 
3560 304 303 993 
3561 316 314 317 
3562 951 950 952 
3563 962 964 966 
3564 1048 1256 1257 
3565 1053 1187 1916 
3566 2217 2397 2399 
3567 316 318 2578 
3568 448 450 2604 
3569 715 719 720 
3570 982 1188 1189 
3571 2722 1065 3043 
3572 1026 1022 2625 
3573 1238 1389 2609 
3574 1487 1359 1540 
3575 1828 1705 2176 
3576 703 707 2458 
3577 1364 1208 2531 
3578 2492 1601 2874 
3579 305 304 306 
3580 332 947 2556 
3581 1421 1380 1962 
3582 300 299 2557 
3583 311 312 2583 
3584 468 470 2539 
3585 1072 1132 1266 
3586 1414 1280 1415 
3587 450 453 2604 
3588 491 489 492 
3589 817 818 858 
3590 992 950 2679 
3591 2673 1975 2674 
3592 966 964 981 
3593 1104 1323 2740 
3594 312 310 313 
3595 421 423 2634 
3596 556 539 557 
3597 638 636 2554 
3598 539 523 1660 
3599 570 573 574 
3600 649 651 872 
3601 935 931 2577 
3602 1635 1168 2562 
3603 1611 1968 2114 
3604 1917 2789 2815 
3605 320 319 2618 
3606 325 326 327 
3607 2450 344 2635 
3608 685 999 1248 
3609 2611 929 2683 
3610 953 952 954 
3611 1024 1028 1032 
3612 1169 316 2578 
3613 1391 323 1636 
3614 1899 337 2556 
3615 403 402 406 
3616 648 646 893 
3617 955 954 957 
3618 1136 1039 1400 
3619 1129 1272 2541 
3620 1374 1355 1564 
3621 1636 323 2618 
3622 2528 333 2606 
3623 699 698 2330 
3624 1074 829 2703 
3625 965 969 2626 
3626 1000 2544 2756 
3627 1855 2338 2610 
3628 395 388 1002 
3629 621 613 653 
3630 1961 1377 2518 
3631 1774 1773 2059 
3632 298 297 299 
3633 338 337 339 
3634 555 559 560 
3635 1560 1314 1908 
3636 2676 2205 2837 
3637 293 294 295 
3638 594 593 605 
3639 1215 1133 1373 
3640 1141 1238 2609 
3641 604 603 613 
3642 825 821 876 
3643 836 837 863 
3644 1643 1888 2683 
3645 497 498 499 
3646 1236 512 2624 
3647 1039 1026 2625 
3648 1272 1141 2609 
3649 2487 1231 2753 
3650 1638 1266 1927 
3651 1748 2192 2593 
3652 408 402 2643 
3653 344 345 346 
3654 855 653 856 
3655 724 725 2418 
3656 1072 1036 1132 
3657 1501 1502 2069 
3658 305 306 307 
3659 396 403 2757 
3660 1142 408 1143 
3661 1022 1018 2622 
3662 1032 1028 1036 
3663 1605 1607 1845 
3664 305 307 979 
3665 497 493 498 
3666 1029 1035 2616 
3667 329 326 2623 
3668 350 352 2515 
3669 752 751 753 
3670 775 776 777 
3671 1046 1011 1123 
3672 1624 1922 1938 
3673 1712 1711 1713 
3674 393 392 394 
3675 1034 1068 2574 
3676 1539 1241 2597 
3677 1287 2066 2659 
3678 296 297 298 
3679 1201 1204 2762 
3680 552 542 553 
3681 759 761 2728 
3682 2211 1539 2597 
3683 1628 1631 1889 
3684 2245 1746 2593 
3685 302 304 305 
3686 722 721 723 
3687 829 826 2703 
3688 972 977 2550 
3689 1019 1016 2599 
3690 1309 1325 1801 
3691 1889 2237 2853 
3692 560 561 583 
3693 1746 1748 2593 
3694 368 366 619 
3695 516 515 517 
3696 943 940 2639 
3697 1301 1302 1303 
3698 1497 1191 2596 
3699 1384 1855 2610 
3700 993 303 994 
3701 549 467 2494 
3702 940 1131 2639 
3703 2577 931 2598 
3704 1242 2640 2676 
3705 1612 1646 2711 
3706 282 283 284 
3707 391 392 393 
3708 599 611 616 
3709 1553 1384 2610 
3710 1759 1757 2227 
3711 575 594 2544 
3712 1035 1031 2574 
3713 1623 1036 2616 
3714 1544 1542 2677 
3715 121 122 2871 
3716 1022 2622 2625 
3717 296 294 297 
3718 412 407 415 
3719 964 965 2626 
3720 337 334 2556 
3721 349 350 351 
3722 406 408 1142 
3723 1218 1221 1843 
3724 1252 1251 1254 
3725 1622 1410 1924 
3726 1593 1591 1776 
3727 1938 1922 2226 
3728 675 705 2654 
3729 775 777 2595 
3730 1576 2184 2585 
3731 399 404 419 
3732 804 806 807 
3733 1911 1370 2614 
3734 1648 2190 2738 
3735 286 288 289 
3736 299 297 1906 
3737 347 345 364 
3738 896 353 2515 
3739 1896 978 2085 
3740 1109 1320 1649 
3741 1367 1366 1498 
3742 1501 2069 2084 
3743 1572 1571 1573 
3744 445 444 446 
3745 1646 1648 2730 
3746 969 978 1896 
3747 982 981 1188 
3748 1424 1821 1822 
3749 2201 2817 2907 
3750 275 274 276 
3751 343 341 1659 
3752 471 2434 2570 
3753 611 600 612 
3754 765 763 766 
3755 843 845 846 
3756 1096 1313 1315 
3757 2238 1585 2335 
3758 312 315 2583 
3759 441 440 442 
3760 729 733 734 
3761 761 764 2728 
3762 1119 1120 1121 
3763 1711 1498 1885 
3764 301 300 302 
3765 318 321 2578 
3766 385 383 387 
3767 599 616 2669 
3768 2205 2294 2837 
3769 2730 1648 2738 
3770 1455 1454 1456 
3771 979 307 1170 
3772 594 606 1642 
3773 831 829 1074 
3774 1535 1792 2036 
3775 1901 1655 1902 
3776 314 313 2592 
3777 643 642 644 
3778 830 829 831 
3779 1016 1014 2599 
3780 1189 1188 1501 
3781 1596 1209 2537 
3782 1664 1341 1721 
3783 293 292 294 
3784 319 317 1133 
3785 1020 2580 2622 
3786 419 2947 2965 
3787 688 690 2603 
3788 1690 2653 2718 
3789 273 275 1831 
3790 2575 1047 2650 
3791 1085 1087 1423 
3792 326 324 2623 
3793 556 575 2544 
3794 669 667 717 
3795 1522 1524 1525 
3796 1013 364 1014 
3797 541 533 542 
3798 898 795 2390 
3799 2060 984 2589 
3800 1299 1300 1301 
3801 395 1002 2643 
3802 984 813 2589 
3803 969 1896 2626 
3804 294 292 2576 
3805 439 438 440 
3806 771 770 2484 
3807 1126 1366 1367 
3808 1388 1653 2701 
3809 528 532 2752 
3810 1513 1515 1796 
3811 2598 1892 2640 
3812 840 838 1008 
3813 1085 1078 1086 
3814 2091 1502 2751 
3815 1654 1655 1901 
3816 1053 886 1186 
3817 391 373 392 
3818 1909 1170 2629 
3819 1840 1387 2701 
3820 1261 547 2621 
3821 764 835 1244 
3822 1099 1100 1182 
3823 1654 1636 1655 
3824 698 696 1007 
3825 709 706 716 
3826 988 990 2663 
3827 1797 1330 1976 
3828 1888 2611 2683 
3829 329 2623 2714 
3830 1244 835 1245 
3831 1215 1373 1563 
3832 1458 1971 1972 
3833 481 482 484 
3834 484 485 1011 
3835 643 644 645 
3836 724 723 725 
3837 1371 1372 2735 
3838 1424 1087 1820 
3839 1379 1380 1421 
3840 902 468 2539 
3841 478 479 481 
3842 1090 1414 2825 
3843 2577 2598 2640 
3844 401 391 2619 
3845 678 679 680 
3846 800 801 803 
3847 995 1077 1079 
3848 1307 1309 2559 
3849 2513 1574 2585 
3850 994 303 2557 
3851 307 308 2629 
3852 318 317 319 
3853 2515 352 2702 
3854 1640 1169 2578 
3855 1924 2841 2919 
3856 308 311 2629 
3857 528 520 529 
3858 2223 2222 2719 
3859 462 480 2553 
3860 513 516 2624 
3861 644 642 1065 
3862 1248 1249 1250 
3863 1297 1299 1312 
3864 1561 1603 2230 
3865 1400 1039 2625 
3866 1086 1112 2627 
3867 1931 1818 2055 
3868 1943 943 2665 
3869 1266 1132 2632 
3870 1821 1820 2072 
3871 1838 2082 3012 
3872 282 284 285 
3873 420 523 538 
3874 434 2509 2657 
3875 605 593 1247 
3876 979 1170 1410 
3877 1036 1028 2616 
3878 1378 1143 1379 
3879 1347 1818 1931 
3880 298 300 301 
3881 319 1133 1215 
3882 489 488 2549 
3883 539 1660 2655 
3884 346 348 349 
3885 512 513 2624 
3886 989 987 1915 
3887 1071 1153 1154 
3888 1617 2584 2702 
3889 1077 996 1078 
3890 1367 1498 1711 
3891 315 1228 2583 
3892 697 696 698 
3893 1018 1020 2622 
3894 1458 1332 1971 
3895 366 362 2630 
3896 619 366 2630 
3897 2640 1892 2676 
3898 433 434 435 
3899 437 439 1054 
3900 476 477 478 
3901 990 1118 2663 
3902 347 364 1013 
3903 527 1685 1686 
3904 680 682 2666 
3905 1925 1007 1944 
3906 1102 1101 1176 
3907 995 994 996 
3908 1189 1501 2596 
3909 1553 2610 2662 
3910 285 284 286 
3911 289 288 290 
3912 420 538 2638 
3913 949 1240 2678 
3914 1131 1246 2639 
3915 1391 1636 1654 
3916 3113 2775 3156 
3917 576 579 585 
3918 346 345 347 
3919 520 517 1009 
3920 543 529 2644 
3921 388 385 2636 
3922 491 493 496 
3923 1256 1114 1349 
3924 1410 1170 1894 
3925 538 523 539 
3926 492 489 2549 
3927 983 688 2603 
3928 1358 1147 1359 
3929 1501 2084 2596 
3930 319 1215 2618 
3931 427 522 2572 
3932 773 774 775 
3933 1116 1360 1689 
3934 1257 1256 1907 
3935 1285 1462 2542 
3936 2584 2515 2702 
3937 324 1391 2623 
3938 1704 1381 2602 
3939 1830 1573 2080 
3940 680 681 682 
3941 1537 1198 2762 
3942 1367 1712 2642 
3943 301 302 2617 
3944 362 2497 2630 
3945 674 676 1004 
3946 1081 1083 1111 
3947 1132 1624 2632 
3948 1571 2326 2660 
3949 302 305 2617 
3950 317 314 2592 
3951 402 395 2643 
3952 1502 1188 2695 
3953 423 1134 2634 
3954 344 346 2635 
3955 2530 401 2619 
3956 807 806 808 
3957 509 511 526 
3958 1161 1106 1324 
3959 1933 1108 2789 
3960 1670 1806 2369 
3961 682 683 684 
3962 1110 1094 1409 
3963 1235 2577 2640 
3964 1048 1047 1114 
3965 1070 1089 1090 
3966 2711 1646 2730 
3967 276 277 278 
3968 1000 556 2544 
3969 1381 1383 2602 
3970 1134 425 2572 
3971 655 657 2799 
3972 694 696 697 
3973 413 420 2638 
3974 1423 1087 1424 
3975 1603 1605 2694 
3976 1045 364 2675 
3977 576 557 579 
3978 688 689 690 
3979 1059 881 1060 
3980 306 304 2633 
3981 567 569 570 
3982 725 723 726 
3983 764 763 765 
3984 882 856 883 
3985 1255 1254 1344 
3986 1482 1483 1484 
3987 1643 2683 2711 
3988 804 805 806 
3989 981 964 2626 
3990 2080 1573 2081 
3991 2672 1975 2673 
3992 309 306 2633 
3993 532 529 533 
3994 1278 1969 1970 
3995 1506 1484 2647 
3996 443 444 445 
3997 487 488 489 
3998 1212 1214 2670 
3999 1002 388 2636 
4000 876 821 2649 
4001 1429 1975 2672 
4002 825 1645 2703 
4003 1651 1859 2698 
4004 585 579 586 
4005 1806 1672 2413 
4006 2110 2108 2963 
4007 280 278 281 
4008 1624 1938 2632 
4009 445 446 547 
4010 1263 1245 1264 
4011 1469 1295 2442 
4012 1349 1489 1490 
4013 2193 1553 2662 
4014 478 481 495 
4015 1927 1266 2632 
4016 446 448 2621 
4017 665 663 666 
4018 2159 1544 2677 
4019 418 416 2646 
4020 1048 1114 1256 
4021 305 979 2617 
4022 474 476 1064 
4023 508 509 2656 
4024 606 605 614 
4025 1316 1315 1334 
4026 1425 1494 1919 
4027 2696 1912 2778 
4028 783 785 802 
4029 1077 1078 1085 
4030 1424 1820 1821 
4031 1605 1845 2694 
4032 1379 1421 1829 
4033 2462 2463 2872 
4034 491 492 493 
4035 731 680 2666 
4036 2556 947 2678 
4037 895 2712 2781 
4038 1482 1484 1505 
4039 1528 1529 1530 
4040 1170 307 2629 
4041 2702 352 2758 
4042 693 713 2744 
4043 1892 1893 2676 
4044 2063 876 2681 
4045 1391 1900 2623 
4046 995 996 1077 
4047 1666 1668 1804 
4048 407 406 2689 
4049 1085 1086 1087 
4050 295 296 987 
4051 1639 983 2603 
4052 1634 1633 1816 
4053 391 393 2619 
4054 441 442 443 
4055 749 716 861 
4056 774 2484 2686 
4057 3030 1761 3036 
4058 569 568 584 
4059 773 771 774 
4060 812 814 2712 
4061 1056 2229 2700 
4062 1655 2687 2743 
4063 734 733 735 
4064 947 949 2678 
4065 1290 1264 1446 
4066 1860 1862 1863 
4067 993 994 995 
4068 728 727 729 
4069 929 2545 2683 
4070 1693 1692 1963 
4071 1068 1126 2642 
4072 1889 1631 2237 
4073 296 298 2645 
4074 2377 566 3081 
4075 346 347 348 
4076 484 1011 1046 
4077 2614 1171 2847 
4078 584 1418 1486 
4079 660 656 661 
4080 1096 1315 1316 
4081 1316 1334 1335 
4082 1957 1506 1958 
4083 513 514 515 
4084 2230 1603 2694 
4085 2573 1697 2830 
4086 760 758 2651 
4087 909 1047 1048 
4088 1516 1514 1523 
4089 830 831 832 
4090 956 2862 2955 
4091 1121 1147 1358 
4092 821 819 2649 
4093 943 2639 2665 
4094 448 2604 2621 
4095 1372 1442 1547 
4096 433 435 550 
4097 531 536 548 
4098 1287 1162 1288 
4099 1222 1223 1294 
4100 1087 1086 2627 
4101 286 284 287 
4102 551 436 2657 
4103 876 2649 2681 
4104 282 281 283 
4105 1133 317 2592 
4106 1375 1488 2775 
4107 520 1009 2644 
4108 1134 2469 2942 
4109 1661 1920 2834 
4110 1505 1484 1506 
4111 1682 1731 1741 
4112 2536 1641 2725 
4113 290 291 292 
4114 292 909 2576 
4115 2574 1068 2642 
4116 470 483 2539 
4117 487 489 490 
4118 594 605 606 
4119 684 685 686 
4120 1686 1685 1773 
4121 286 287 288 
4122 2580 2504 2724 
4123 688 686 689 
4124 1053 1916 2688 
4125 1292 1293 1718 
4126 437 436 438 
4127 872 651 904 
4128 844 1567 2502 
4129 849 850 859 
4130 990 1117 1118 
4131 948 331 2714 
4132 420 421 523 
4133 1971 1332 1973 
4134 2639 1770 2665 
4135 415 407 2689 
4136 513 418 514 
4137 480 464 2472 
4138 871 757 2815 
4139 836 986 2565 
4140 1470 1340 1986 
4141 416 415 998 
4142 1681 1679 2720 
4143 370 2588 2713 
4144 729 727 732 
4145 485 487 2710 
4146 1547 1442 1548 
4147 2874 1601 2878 
4148 2504 1637 2696 
4149 385 387 2636 
4150 474 475 476 
4151 1899 2556 2678 
4152 496 493 497 
4153 297 294 2576 
4154 1505 1506 1854 
4155 1685 1684 1702 
4156 680 679 681 
4157 280 281 282 
4158 2626 1896 2695 
4159 547 446 2621 
4160 304 993 2633 
4161 950 948 2679 
4162 1117 991 1119 
4163 2578 321 2705 
4164 763 762 2688 
4165 1142 1143 1378 
4166 350 348 352 
4167 1645 2064 2803 
4168 1863 1862 1864 
4169 336 340 2782 
4170 836 832 837 
4171 1120 991 2682 
4172 1640 2578 2705 
4173 2687 1563 2743 
4174 1679 1832 2720 
4175 1693 1964 1965 
4176 1864 1862 1977 
4177 2623 1900 2714 
4178 981 2626 2695 
4179 349 348 350 
4180 599 586 600 
4181 960 2563 2717 
4182 1083 1104 2740 
4183 725 726 727 
4184 1243 392 2713 
4185 827 1897 2813 
4186 1658 1657 1692 
4187 1723 2223 2915 
4188 435 434 436 
4189 566 553 567 
4190 490 489 491 
4191 651 652 2658 
4192 1820 1087 2627 
4193 909 291 1047 
4194 373 370 2713 
4195 649 872 2807 
4196 682 681 683 
4197 1126 1367 2642 
4198 1387 1388 2701 
4199 290 288 291 
4200 1305 1307 1460 
4201 777 797 2595 
4202 1045 2675 2772 
4203 1687 1074 1827 
4204 1358 1359 1487 
4205 1865 1864 1866 
4206 289 290 2591 
4207 769 768 770 
4208 1736 1709 2861 
4209 1897 2697 2813 
4210 273 274 275 
4211 631 633 2805 
4212 1050 895 1051 
4213 1651 1652 1859 
4214 576 585 2668 
4215 826 825 2703 
4216 957 960 2717 
4217 885 861 1093 
4218 843 842 844 
4219 1358 1487 1699 
4220 1626 1627 1628 
4221 1620 413 2638 
4222 2594 1656 2758 
4223 321 2582 2705 
4224 735 733 870 
4225 1048 1257 2739 
4226 2736 1618 2783 
4227 1909 2736 2783 
4228 1697 1698 2849 
4229 582 581 589 
4230 1013 1887 2661 
4231 346 349 2635 
4232 436 434 2657 
4233 557 539 2655 
4234 769 770 771 
4235 1214 1561 2670 
4236 762 1053 2688 
4237 895 812 2712 
4238 1656 1617 2702 
4239 831 1074 1687 
4240 1573 1571 2660 
4241 1655 1636 2687 
4242 1831 275 2224 
4243 1052 1051 1101 
4244 567 553 568 
4245 604 621 658 
4246 2683 2545 2711 
4247 739 737 2723 
4248 292 291 909 
4249 2224 2776 2825 
4250 1294 1295 1469 
4251 1790 1463 1802 
4252 690 691 692 
4253 1408 1402 2817 
4254 1693 1963 1964 
4255 2398 1451 2747 
4256 1487 1540 1833 
4257 1511 1512 1513 
4258 517 515 2664 
4259 529 520 2644 
4260 692 693 694 
4261 2083 1883 2111 
4262 1309 1801 2559 
4263 1626 1548 1627 
4264 2101 1681 2720 
4265 472 474 2708 
4266 808 810 811 
4267 839 2199 2732 
4268 1455 1503 1835 
4269 290 293 2591 
4270 1906 297 2576 
4271 765 767 2406 
4272 1059 1060 1061 
4273 1512 1510 1598 
4274 590 589 595 
4275 2991 1927 2994 
4276 988 2663 2684 
4277 2893 2260 3018 
4278 439 440 441 
4279 1064 476 2707 
4280 527 514 1684 
4281 1188 981 2695 
4282 1528 1527 1529 
4283 1895 1640 2705 
4284 684 683 685 
4285 814 817 2712 
4286 1912 1913 2715 
4287 601 603 604 
4288 515 514 527 
4289 1317 1318 1443 
4290 1547 1548 1626 
4291 2471 1934 3014 
4292 998 415 1657 
4293 764 1244 2728 
4294 1184 1102 2353 
4295 345 343 2675 
4296 545 555 2731 
4297 347 1013 2661 
4298 1489 1708 2054 
4299 494 2325 3020 
4300 555 560 2731 
4301 364 345 2675 
4302 36 37 2279 
4303 1636 2618 2687 
4304 437 438 439 
4305 837 832 838 
4306 2675 1659 2772 
4307 569 584 2706 
4308 2629 311 2736 
4309 1239 886 2651 
4310 1119 1121 2652 
4311 279 900 1070 
4312 992 2785 2809 
4313 1244 1263 1917 
4314 483 472 2708 
4315 1660 523 2634 
4316 886 760 2651 
4317 849 859 1012 
4318 2149 1690 2718 
4319 1867 1866 1868 
4320 298 301 2645 
4321 1291 1269 1472 
4322 847 845 848 
4323 1085 1423 2691 
4324 1860 1652 1861 
4325 527 1686 2664 
4326 1394 1643 2730 
4327 495 481 2699 
4328 2479 906 2916 
4329 959 957 2717 
4330 1897 2565 2741 
4331 278 277 2680 
4332 2545 1612 2711 
4333 2668 585 2669 
4334 1451 1452 2747 
4335 484 1046 2699 
4336 645 644 646 
4337 693 691 713 
4338 593 576 2668 
4339 1008 838 2716 
4340 343 1659 2675 
4341 800 799 801 
4342 767 766 768 
4343 1061 1062 1063 
4344 1063 1106 1107 
4345 1682 1681 1731 
4346 1009 517 2664 
4347 1632 1633 1634 
4348 987 296 2645 
4349 1549 1427 1550 
4350 2705 2582 2753 
4351 331 329 2714 
4352 615 656 660 
4353 1958 1506 2647 
4354 579 557 2655 
4355 1215 1563 2687 
4356 1965 1964 2068 
4357 523 421 2634 
4358 598 595 607 
4359 804 801 805 
4360 1061 1060 1062 
4361 893 646 2722 
4362 2560 863 2732 
4363 283 281 1055 
4364 527 1684 1685 
4365 845 844 2502 
4366 474 1064 2708 
4367 1409 1094 2818 
4368 1658 1692 1693 
4369 2712 1662 2781 
4370 1561 2230 2670 
4371 1881 1883 2083 
4372 1909 2629 2736 
4373 2557 299 2725 
4374 847 849 2749 
4375 1346 2008 2343 
4376 1417 1416 1936 
4377 295 987 988 
4378 615 614 655 
4379 998 1657 1658 
4380 1643 2711 2730 
4381 1278 583 1425 
4382 2218 1615 2734 
4383 2560 2732 2780 
4384 299 1906 2725 
4385 1969 3116 3155 
4386 416 998 2646 
4387 644 1065 2722 
4388 777 779 797 
4389 2625 2622 2724 
4390 1250 1251 1252 
4391 1394 2730 2738 
4392 1426 1175 1427 
4393 2800 1920 2860 
4394 288 287 2650 
4395 1303 1305 2631 
4396 2661 1887 2758 
4397 570 569 573 
4398 723 721 2853 
4399 1117 1119 1277 
4400 2798 2602 3060 
4401 478 495 2707 
4402 1597 2590 2809 
4403 1804 1668 2369 
4404 515 527 2664 
4405 2583 1618 2736 
4406 279 278 280 
4407 1642 606 2746 
4408 1455 1456 1503 
4409 2618 1215 2687 
4410 1490 1489 2704 
4411 990 989 991 
4412 1335 1340 1341 
4413 392 373 2713 
4414 1628 1629 1631 
4415 1731 1681 2101 
4416 1112 1347 2726 
4417 1217 823 2344 
4418 1915 987 2645 
4419 656 655 864 
4420 729 732 733 
4421 1628 1627 1629 
4422 2830 1697 2849 
4423 766 763 2688 
4424 811 812 895 
4425 1878 1875 2333 
4426 348 347 2661 
4427 1631 1629 1632 
4428 1895 2705 2753 
4429 426 618 2800 
4430 487 490 2710 
4431 988 987 989 
4432 2330 1925 2870 
4433 1096 1316 2741 
4434 1063 1062 1106 
4435 1986 1340 2692 
4436 2507 2834 2875 
4437 877 672 2824 
4438 716 706 2526 
4439 2081 1573 2660 
4440 406 1142 2689 
4441 1011 485 2710 
4442 2753 1231 2767 
4443 1515 1514 1516 
4444 1288 1289 1429 
4445 1653 1394 2738 
4446 15 16 2810 
4447 1657 415 2689 
4448 1261 2621 2727 
4449 624 868 1056 
4450 560 583 1278 
4451 584 1486 2706 
4452 652 751 752 
4453 846 845 847 
4454 2627 1112 2726 
4455 1121 1358 2652 
4456 276 278 279 
4457 1429 1430 1974 
4458 338 339 2790 
4459 1641 2557 2725 
4460 1900 1654 2785 
4461 765 766 767 
4462 1079 1077 2691 
4463 2541 1272 2948 
4464 1347 1931 2726 
4465 2783 1386 2868 
4466 2607 2606 2788 
4467 1093 1109 2520 
4468 1273 1291 1292 
4469 1958 2647 2648 
4470 1513 1512 1514 
4471 1244 1245 1263 
4472 1854 1506 1957 
4473 1788 1734 1789 
4474 2073 2627 2726 
4475 602 2492 2873 
4476 696 693 2744 
4477 574 573 581 
4478 649 648 650 
4479 1093 1094 1109 
4480 1992 1650 2009 
4481 546 528 2752 
4482 1136 1400 2778 
4483 284 283 2671 
4484 311 2583 2736 
4485 1372 1547 2735 
4486 1854 1957 2186 
4487 1863 2904 2920 
4488 1863 1865 2904 
4489 847 848 849 
4490 1316 1335 2697 
4491 1358 1699 2652 
4492 514 418 2646 
4493 2776 1070 2825 
4494 1659 341 2790 
4495 785 787 2769 
4496 990 991 1117 
4497 863 837 2732 
4498 1632 1634 1651 
4499 283 1055 1116 
4500 293 295 2684 
4501 435 436 437 
4502 2389 3096 3167 
4503 1107 1161 1162 
4504 1890 2459 2742 
4505 1268 2368 2797 
4506 589 581 610 
4507 2410 877 2824 
4508 1157 884 1158 
4509 726 2237 2902 
4510 476 478 2707 
4511 2576 909 2739 
4512 1073 768 2820 
4513 1248 1250 1918 
4514 1859 1652 1860 
4515 1090 1174 1280 
4516 2451 2854 2865 
4517 1161 1324 1437 
4518 3012 1357 3013 
4519 690 689 691 
4520 1335 1334 1340 
4521 611 612 624 
4522 907 367 2856 
4523 906 396 2757 
4524 841 840 842 
4525 585 586 599 
4526 988 989 990 
4527 1278 1425 1969 
4528 1902 1655 2743 
4529 2565 986 2741 
4530 1400 2625 2724 
4531 2968 1732 3041 
4532 2538 1011 2710 
4533 1704 2602 2798 
4534 2621 2604 2727 
4535 2679 1900 2785 
4536 1550 1945 1946 
4537 909 1048 2739 
4538 1077 1085 2691 
4539 694 693 696 
4540 1887 2594 2758 
4541 2433 1213 2763 
4542 1513 1514 1515 
4543 382 2395 2869 
4544 567 568 569 
4545 481 484 2699 
4546 686 685 2745 
4547 1953 1683 3000 
4548 1695 1694 2006 
4549 1430 1289 1694 
4550 1503 1456 1903 
4551 1473 1448 2802 
4552 843 844 845 
4553 3039 875 3054 
4554 1437 1812 1996 
4555 2638 1000 2755 
4556 1312 1299 2761 
4557 1198 1201 2762 
4558 2723 737 2857 
4559 12 13 260 
4560 585 599 2669 
4561 685 1248 2745 
4562 2930 695 2953 
4563 2785 1901 2809 
4564 1896 2085 2751 
4565 2622 2580 2724 
4566 645 647 2721 
4567 429 431 2842 
4568 1268 1269 1273 
4569 1767 1293 1800 
4570 803 801 804 
4571 1297 1298 1299 
4572 1628 1889 2801 
4573 2608 1035 2764 
4574 817 858 1662 
4575 992 2679 2785 
4576 1323 1811 2740 
4577 352 348 2661 
4578 1444 1715 2828 
4579 767 768 769 
4580 2516 744 2723 
4581 2201 1899 2829 
4582 599 600 611 
4583 1111 1083 2740 
4584 1517 1519 1534 
4585 606 614 615 
4586 857 884 1091 
4587 1342 1180 1467 
4588 1174 1089 1175 
4589 1651 1634 1652 
4590 1247 593 2668 
4591 1299 1301 2761 
4592 509 526 2656 
4593 1671 1669 2765 
4594 1165 1093 2520 
4595 1589 1375 2775 
4596 1718 1293 1767 
4597 1109 1094 1110 
4598 1503 1903 1904 
4599 291 288 2650 
4600 2574 2642 2764 
4601 280 282 2786 
4602 1007 696 2744 
4603 1502 2695 2751 
4604 1344 1459 1990 
4605 2228 1895 2767 
4606 1003 871 1108 
4607 2582 2487 2753 
4608 689 686 2745 
4609 1288 1162 1289 
4610 1705 2145 2835 
4611 2732 2199 2780 
4612 1070 900 1089 
4613 1906 2576 2739 
4614 1004 676 2793 
4615 1709 2466 2861 
4616 839 838 840 
4617 1731 2101 2102 
4618 604 613 621 
4619 622 607 659 
4620 1107 1106 1161 
4621 1460 1307 2559 
4622 3015 802 3024 
4623 1290 1446 1461 
4624 275 276 2776 
4625 2642 1712 2764 
4626 1277 1119 2652 
4627 1400 2696 2778 
4628 2787 1378 2814 
4629 1686 1774 2882 
4630 646 644 2722 
4631 1796 1515 2784 
4632 2695 1896 2751 
4633 1923 2261 3027 
4634 678 731 2793 
4635 1263 1264 1290 
4636 1489 2054 2704 
4637 1860 1861 1862 
4638 2514 1635 2811 
4639 1692 2787 2814 
4640 1110 1409 2771 
4641 692 691 693 
4642 2645 301 2794 
4643 1684 514 2646 
4644 1477 1479 2709 
4645 281 278 2680 
4646 1035 2574 2764 
4647 837 838 839 
4648 2607 2788 2872 
4649 1340 1334 2692 
4650 1171 1005 2832 
4651 986 1096 2741 
4652 652 752 2658 
4653 1305 1460 2631 
4654 1242 2676 2837 
4655 1278 1970 2731 
4656 560 1278 2731 
4657 1323 1810 1811 
4658 2511 1644 2851 
4659 1470 1986 2033 
4660 621 653 855 
4661 1090 1089 1174 
4662 649 650 651 
4663 752 753 2795 
4664 1093 861 1094 
4665 1649 1320 1650 
4666 2547 1232 2846 
4667 2786 285 2885 
4668 1688 2511 2850 
4669 2837 2294 2889 
4670 1338 1165 2520 
4671 2275 1907 2913 
4672 2870 1925 2917 
4673 832 831 2716 
4674 335 336 2782 
4675 1908 2560 2780 
4676 802 785 2769 
4677 904 651 2658 
4678 1766 2428 3076 
4679 1116 1689 2671 
4680 287 284 2671 
4681 335 2782 2788 
4682 820 2863 2936 
4683 282 285 2786 
4684 841 842 843 
4685 430 428 2860 
4686 1101 1051 2821 
4687 1526 1525 1527 
4688 87 88 201 
4689 573 569 2706 
4690 820 822 2863 
4691 2427 1716 2883 
4692 1870 1868 1873 
4693 2850 2511 2851 
4694 1452 1455 2747 
4695 1322 1978 2759 
4696 1341 1340 1470 
4697 1426 1549 1779 
4698 2591 293 2684 
4699 1174 1175 1426 
4700 1683 2812 2845 
4701 1003 1164 1703 
4702 2617 1622 2794 
4703 1162 1161 2791 
4704 1479 1691 2709 
4705 1164 1108 1321 
4706 1244 1917 2728 
4707 1797 1976 2030 
4708 1155 1091 2483 
4709 1259 1136 2778 
4710 369 372 2856 
4711 1320 1110 1419 
4712 1811 1810 2012 
4713 2982 2024 2995 
4714 674 1004 2824 
4715 1297 1296 1298 
4716 1360 1495 1952 
4717 380 382 2869 
4718 733 732 2729 
4719 1252 1254 1255 
4720 1248 1918 2745 
4721 2839 1889 2853 
4722 838 832 2716 
4723 295 988 2684 
4724 279 280 900 
4725 352 2661 2758 
4726 1116 1193 1360 
4727 1692 1657 2787 
4728 645 646 647 
4729 857 659 884 
4730 1445 1321 1474 
4731 341 338 2790 
4732 1273 1269 1291 
4733 1426 1427 1549 
4734 1632 1651 2737 
4735 2344 823 2356 
4736 405 400 2865 
4737 849 1012 2749 
4738 1435 1155 1614 
4739 817 1662 2712 
4740 1301 1303 1311 
4741 624 625 868 
4742 1157 1339 2483 
4743 1252 1255 1268 
4744 1984 1878 2333 
4745 831 1687 2716 
4746 1268 1255 1269 
4747 283 1116 2671 
4748 615 655 656 
4749 2970 2595 2996 
4750 658 621 2792 
4751 1322 1179 1438 
4752 1472 1269 2750 
4753 2782 2462 2788 
4754 2606 335 2788 
4755 2477 900 2786 
4756 1618 2193 2783 
4757 744 739 2723 
4758 1222 1220 1223 
4759 1255 1344 2750 
4760 1455 1835 2747 
4761 2145 1704 2798 
4762 1495 1193 1496 
4763 2667 1055 2680 
4764 1662 858 2845 
4765 1116 1055 1193 
4766 1220 1217 2344 
4767 1056 868 1057 
4768 1047 291 2650 
4769 1429 1289 1430 
4770 647 646 648 
4771 627 629 2864 
4772 1508 2200 2777 
4773 2536 2725 2836 
4774 1523 1514 2766 
4775 1654 1901 2785 
4776 1788 1789 2021 
4777 2374 2373 3051 
4778 2608 2764 2840 
4779 1348 1113 2894 
4780 3084 2472 3088 
4781 2288 2769 2999 
4782 2646 998 2823 
4783 1895 2753 2767 
4784 2689 1142 2787 
4785 839 840 841 
4786 676 678 2793 
4787 2380 1922 2992 
4788 1099 904 1100 
4789 757 759 2815 
4790 2873 2492 2874 
4791 870 733 2729 
4792 2323 879 2949 
4793 902 2539 3094 
4794 1157 1158 1330 
4795 1915 2645 2794 
4796 2237 1631 2737 
4797 159 160 2191 
4798 615 660 2746 
4799 627 2864 2866 
4800 1872 1870 2476 
4801 173 174 2779 
4802 756 871 1003 
4803 2688 1916 2820 
4804 1419 1110 2771 
4805 2854 1232 2865 
4806 2116 2117 2118 
4807 900 280 2786 
4808 1292 1291 1293 
4809 1547 1626 2754 
4810 1870 1873 2476 
4811 855 882 1071 
4812 567 570 2808 
4813 1911 2858 2873 
4814 2764 1712 2840 
4815 2790 339 2907 
4816 1769 1432 2078 
4817 2990 2273 2996 
4818 1180 1178 2759 
4819 2755 1000 2756 
4820 1058 1057 1178 
4821 1463 1177 1464 
4822 428 426 2800 
4823 1715 1714 1734 
4824 1911 2614 2858 
4825 1622 1924 2879 
4826 1154 1153 1431 
4827 1696 2225 2907 
4828 759 2728 2815 
4829 1322 1805 1978 
4830 1620 2638 2755 
4831 1317 1097 1318 
4832 1417 1936 1937 
4833 2851 1644 2859 
4834 2754 1626 2801 
4835 672 674 2824 
4836 689 2745 2816 
4837 1920 2800 2834 
4838 1631 1632 2737 
4839 1921 2516 2723 
4840 2207 1468 2209 
4841 1142 1378 2787 
4842 1161 1437 2791 
4843 1767 1800 1983 
4844 2993 1938 3006 
4845 1514 1512 2766 
4846 10 173 262 
4847 2466 2302 2862 
4848 2703 1645 2803 
4849 301 2617 2794 
4850 633 903 2805 
4851 606 615 2746 
4852 1921 2723 2857 
4853 1108 871 2789 
4854 1074 2703 2803 
4855 1694 1289 2791 
4856 1512 1598 2766 
4857 2224 275 2776 
4858 1109 1110 1320 
4859 837 839 2732 
4860 1415 1280 1504 
4861 1657 2689 2787 
4862 1051 2781 2821 
4863 548 536 2831 
4864 2735 1547 2754 
4865 1700 1701 2854 
4866 2834 618 2875 
4867 2293 1952 3166 
4868 2359 2367 2953 
4869 1402 1696 2817 
4870 2813 1928 2863 
4871 243 157 2215 
4872 1782 1786 2076 
4873 2590 992 2809 
4874 713 691 2816 
4875 1360 1193 1495 
4876 2678 1240 2829 
4877 1827 1074 2803 
4878 1626 1628 2801 
4879 1948 2885 2900 
4880 477 475 2908 
4881 1430 1694 1695 
4882 766 2688 2820 
4883 721 719 2839 
4884 1510 1508 2777 
4885 2709 1691 2826 
4886 3037 1718 3038 
4887 2697 1664 2813 
4888 1860 1863 2920 
4889 1708 1350 2903 
4890 2752 532 2819 
4891 2507 1661 2834 
4892 2268 2269 2838 
4893 1979 1433 2733 
4894 2725 1906 2836 
4895 1417 1937 1993 
4896 490 2573 2830 
4897 647 648 649 
4898 2057 233 2058 
4899 1715 1734 1788 
4900 1702 1684 2823 
4901 855 1071 2792 
4902 276 279 2776 
4903 1055 281 2680 
4904 1840 2701 2916 
4905 1183 3003 3010 
4906 279 1070 2776 
4907 2006 1694 2896 
4908 1522 1525 1526 
4909 1684 2646 2823 
4910 372 2514 2811 
4911 1809 1338 2774 
4912 1301 1311 2761 
4913 1904 1903 2802 
4914 1327 1416 1417 
4915 2781 1662 2812 
4916 2451 1700 2854 
4917 1715 1788 2827 
4918 2575 2867 2903 
4919 1433 1431 2733 
4920 1526 1527 1528 
4921 735 870 2857 
4922 1070 1090 2825 
4923 1289 1162 2791 
4924 285 286 2900 
4925 235 31 2164 
4926 2847 2352 2858 
4927 2667 2680 2910 
4928 1311 1303 2631 
4929 1344 1990 2750 
4930 753 756 2795 
4931 2745 1918 2816 
4932 1521 1520 1522 
4933 1728 2320 2965 
4934 2291 2290 2986 
4935 545 2731 2831 
4936 1725 1724 2912 
4937 1071 882 1153 
4938 1625 2608 2840 
4939 1176 1177 1463 
4940 864 655 2799 
4941 1904 2802 2822 
4942 865 2749 2844 
4943 1717 1296 2886 
4944 1091 1157 2483 
4945 1457 1184 2353 
4946 1764 2433 2914 
4947 2867 1689 2903 
4948 536 545 2831 
4949 2023 1789 2941 
4950 1780 1496 1781 
4951 1003 1108 1164 
4952 716 2526 2818 
4953 1097 865 2844 
4954 1963 1692 2814 
4955 1178 1057 1179 
4956 1811 2012 2013 
4957 2433 2895 2914 
4958 1701 2507 2875 
4959 1005 1392 2832 
4960 1916 1187 2895 
4961 2841 1924 2978 
4962 2520 1649 2774 
4963 768 766 2820 
4964 1598 1510 2777 
4965 1691 2257 2826 
4966 2538 2710 2830 
4967 2337 1766 3080 
4968 855 856 882 
4969 2364 2361 2929 
4970 1901 1902 2852 
4971 1269 1255 2750 
4972 1178 1179 1322 
4973 2710 490 2830 
4974 1448 2260 2822 
4975 1051 895 2781 
4976 158 213 2215 
4977 1157 1330 1339 
4978 1693 1965 2876 
4979 2269 2271 2838 
4980 1876 1872 2476 
4981 2472 902 3088 
4982 1465 1177 2821 
4983 1667 1665 2848 
4984 2536 2836 2881 
4985 1951 2372 3007 
4986 2800 618 2834 
4987 2701 2479 2916 
4988 1572 1830 3124 
4989 2433 2763 2895 
4990 1258 1259 2906 
4991 1327 1100 1416 
4992 1751 1749 3054 
4993 1526 1528 1799 
4994 2597 1242 2837 
4995 1409 2818 2870 
4996 1164 1321 1445 
4997 752 2795 2891 
4998 1146 1120 2919 
4999 1445 1474 2003 
5000 2325 1764 3020 
5001 1422 1146 2841 
5002 1517 1516 1518 
5003 1899 2678 2829 
5004 566 567 2808 
5005 1091 884 1157 
5006 861 716 2818 
5007 1864 1977 2760 
5008 1339 1330 1797 
5009 1712 1713 2840 
5010 1176 1101 1177 
5011 746 743 2934 
5012 480 2472 3084 
5013 797 2990 2996 
5014 30 31 235 
5015 2009 1650 2015 
5016 2637 2982 2995 
5017 367 369 2856 
5018 2176 1705 2835 
5019 1517 1534 2784 
5020 175 176 2773 
5021 1519 1518 1520 
5022 1766 3076 3080 
5023 1597 2809 2852 
5024 998 1658 2823 
5025 1907 1256 2913 
5026 1736 2861 2971 
5027 1719 1730 2945 
5028 1813 2605 2951 
5029 1354 2538 2849 
5030 2538 2830 2849 
5031 565 2850 2851 
5032 156 157 243 
5033 1322 1438 1805 
5034 1515 1516 1517 
5035 2116 220 2117 
5036 1918 1250 2797 
5037 2836 1257 2881 
5038 1920 1688 2850 
5039 625 627 2866 
5040 1495 1496 1780 
5041 2244 1469 2442 
5042 2118 2117 2119 
5043 2225 2790 2907 
5044 2781 2812 2821 
5045 104 105 209 
5046 904 2658 2843 
5047 2879 1924 2919 
5048 2548 2547 2846 
5049 2812 1662 2845 
5050 2731 1970 2831 
5051 1094 861 2818 
5052 719 730 2839 
5053 1339 1797 1798 
5054 522 429 2842 
5055 2477 2786 2885 
5056 621 855 2792 
5057 1431 1769 2733 
5058 691 689 2816 
5059 2454 2657 2859 
5060 868 625 2866 
5061 2832 2463 2847 
5062 2509 565 2851 
5063 1003 1703 2795 
5064 743 2292 2934 
5065 1926 2554 3031 
5066 122 123 218 
5067 2881 1907 2894 
5068 48 49 256 
5069 1178 1322 2759 
5070 2739 1257 2836 
5071 898 2390 2893 
5072 1171 2832 2847 
5073 1720 1719 2955 
5074 2728 1917 2815 
5075 2468 1009 2882 
5076 1936 1416 2940 
5077 2531 1365 2921 
5078 1993 1937 2020 
5079 1182 1100 1327 
5080 2832 1392 2872 
5081 669 717 2909 
5082 1349 1490 2913 
5083 1788 2021 2026 
5084 174 175 222 
5085 2763 1916 2895 
5086 1444 1714 1715 
5087 2885 285 2900 
5088 2223 2892 2915 
5089 2352 2350 2858 
5090 673 671 2943 
5091 737 735 2857 
5092 1706 2881 2894 
5093 2846 1232 2854 
5094 2546 750 2932 
5095 1866 1864 2760 
5096 2992 1713 3025 
5097 2185 2166 2930 
5098 2315 868 2866 
5099 1467 1180 2759 
5100 1295 1296 1297 
5101 1177 1101 2821 
5102 1444 1318 1714 
5103 565 430 2860 
5104 1431 1153 1432 
5105 858 818 2936 
5106 1338 2520 2774 
5107 2152 2151 3090 
5108 2166 1639 2930 
5109 2575 2650 2867 
5110 1431 1432 1769 
5111 2818 2526 2870 
5112 1443 1318 1444 
5113 2846 1701 2875 
5114 2463 2832 2872 
5115 2526 2330 2870 
5116 1250 1252 2797 
5117 2548 2846 2875 
5118 2375 975 2954 
5119 2415 2416 2987 
5120 1294 1223 1295 
5121 14 15 210 
5122 2302 1720 2862 
5123 629 867 2864 
5124 1706 2536 2881 
5125 2376 2375 2954 
5126 562 380 2869 
5127 1280 1174 2804 
5128 973 1049 2954 
5129 956 955 2938 
5130 756 1003 2795 
5131 1295 1223 1296 
5132 1906 2739 2836 
5133 1252 1268 2797 
5134 1232 405 2865 
5135 2509 2851 2859 
5136 1702 2823 2876 
5137 1925 1944 2917 
5138 1780 1781 1782 
5139 2809 1901 2852 
5140 2884 1243 2887 
5141 893 2722 3049 
5142 287 2671 2867 
5143 1426 1779 2804 
5144 1504 1280 2804 
5145 2858 2350 2873 
5146 822 827 2863 
5147 2350 602 2873 
5148 2740 1811 2877 
5149 2588 2221 2887 
5150 2185 2930 2953 
5151 2844 2749 2923 
5152 68 69 214 
5153 620 2214 3002 
5154 2603 695 2930 
5155 1894 1909 2868 
5156 1776 3115 3144 
5157 2657 2509 2859 
5158 1519 1520 1521 
5159 2863 1928 2936 
5160 2802 1448 2822 
5161 138 139 257 
5162 2956 1940 3021 
5163 791 793 2962 
5164 1521 1522 2768 
5165 824 2986 2999 
5166 721 2839 2853 
5167 1719 2945 2955 
5168 2454 2859 2906 
5169 2111 1883 2890 
5170 2227 878 3032 
5171 893 3049 3059 
5172 2446 1910 2878 
5173 1910 1911 2874 
5174 1392 2607 2872 
5175 2287 2288 2986 
5176 2356 2595 2970 
5177 1701 2846 2854 
5178 755 754 2976 
5179 1614 1155 2483 
5180 1009 2664 2882 
5181 2671 1689 2867 
5182 1515 1517 2784 
5183 618 2548 2875 
5184 2517 1243 2884 
5185 1409 2870 2917 
5186 1917 1263 2911 
5187 2794 1622 2879 
5188 1787 1614 1985 
5189 2859 1644 2906 
5190 2597 2837 2889 
5191 1272 2609 2933 
5192 1620 2489 2947 
5193 1910 2874 2878 
5194 1174 1426 2804 
5195 1716 1941 2883 
5196 2880 2517 2884 
5197 2823 1658 2876 
5198 2108 1491 2963 
5199 2682 1915 2879 
5200 587 2517 2880 
5201 107 108 2897 
5202 1619 2592 2937 
5203 1769 2078 2079 
5204 1318 1097 2844 
5205 2650 287 2867 
5206 2797 2368 2918 
5207 2812 1465 2821 
5208 1517 1518 1519 
5209 1663 2298 3001 
5210 409 1620 2947 
5211 2713 2588 2887 
5212 202 178 2308 
5213 2494 465 2981 
5214 1933 2789 2911 
5215 313 310 2952 
5216 2373 2937 2952 
5217 1736 2971 3009 
5218 1915 2794 2879 
5219 2400 2398 2928 
5220 1125 1261 2963 
5221 1909 2783 2868 
5222 1715 2827 2828 
5223 2829 1240 2945 
5224 2843 2658 2891 
5225 419 404 2947 
5226 1785 1415 2888 
5227 2774 1992 2944 
5228 1911 2873 2874 
5229 463 534 2981 
5230 2532 2968 3041 
5231 1522 1526 2768 
5232 2003 1474 2004 
5233 1111 2740 2877 
5234 286 289 2900 
5235 1257 1907 2881 
5236 1012 859 2926 
5237 2927 1952 2961 
5238 1416 1100 2843 
5239 2947 2489 2965 
5240 2904 870 2920 
5241 2422 2743 2935 
5242 2737 2698 2902 
5243 1658 1693 2876 
5244 1113 1706 2894 
5245 1100 904 2843 
5246 1320 1419 2833 
5247 2259 2477 2885 
5248 1883 1997 2890 
5249 2390 2391 2893 
5250 2299 2300 3024 
5251 1243 2713 2887 
5252 2211 2597 2889 
5253 1187 1500 2895 
5254 1487 1833 2924 
5255 1885 1498 2966 
5256 1929 1930 3126 
5257 2237 2737 2902 
5258 1811 2013 2877 
5259 2721 647 2807 
5260 2654 705 2892 
5261 2795 1703 2891 
5262 1848 1849 2967 
5263 2420 893 3059 
5264 2651 758 2976 
5265 2789 1917 2911 
5266 1526 1799 2768 
5267 2857 870 2904 
5268 2209 1468 2506 
5269 647 649 2807 
5270 671 669 2909 
5271 102 103 258 
5272 397 399 2973 
5273 1983 1800 2005 
5274 1220 2344 2886 
5275 2664 1686 2882 
5276 827 2813 2863 
5277 2227 3032 3036 
5278 2024 2023 2995 
5279 1695 2006 2007 
5280 1865 1921 2904 
5281 1788 2026 2827 
5282 1183 2206 3003 
5283 1714 1318 2844 
5284 1609 1611 2960 
5285 878 2227 3033 
5286 1689 1360 2927 
5287 2519 1609 2960 
5288 11 12 2899 
5289 2619 908 2957 
5290 2634 1134 2942 
5291 1259 2715 2925 
5292 1942 2364 3078 
5293 2527 1008 2972 
5294 1730 2829 2945 
5295 1947 1948 2980 
5296 457 455 2997 
5297 2658 752 2891 
5298 1922 1625 2992 
5299 2850 565 2860 
5300 2015 1650 2833 
5301 2895 1500 2914 
5302 1267 617 2994 
5303 872 1099 3022 
5304 2466 2862 2938 
5305 2743 1563 2935 
5306 1782 1781 1783 
5307 1920 2850 2860 
5308 2332 2317 3028 
5309 1708 2927 2961 
5310 2923 1012 2941 
5311 1644 1258 2906 
5312 1650 1320 2833 
5313 1415 1504 2888 
5314 2906 1259 2925 
5315 177 202 2202 
5316 2909 1932 2943 
5317 1960 1959 3129 
5318 1724 2099 2912 
5319 3007 2691 3061 
5320 339 2201 2907 
5321 1924 1410 2978 
5322 1500 1949 2914 
5323 1350 2575 2903 
5324 1379 1829 2979 
5325 1223 1220 2886 
5326 2321 2967 2973 
5327 2845 858 2959 
5328 1729 3035 3070 
5329 475 518 2908 
5330 1339 1798 2931 
5331 2862 956 2938 
5332 1437 1996 2896 
5333 1941 1942 3073 
5334 3068 1941 3073 
5335 2967 908 2973 
5336 2682 2879 2919 
5337 1065 2282 3043 
5338 1256 1349 2913 
5339 2247 1738 3047 
5340 1734 2923 2941 
5341 1713 1711 2985 
5342 2791 1437 2896 
5343 787 789 2999 
5344 2925 2715 2975 
5345 1008 2716 2901 
5346 1819 2275 3072 
5347 2716 1687 2901 
5348 2188 1840 2916 
5349 1638 1927 2991 
5350 1614 2483 2931 
5351 2525 2655 2956 
5352 1918 2797 2918 
5353 858 2936 2959 
5354 1360 1952 2927 
5355 2568 1736 3009 
5356 176 2202 2773 
5357 1722 1932 2964 
5358 1932 1723 2915 
5359 103 104 2796 
5360 55 197 2898 
5361 797 779 2974 
5362 2380 2992 3025 
5363 2983 453 3074 
5364 248 2168 2989 
5365 3073 1942 3078 
5366 2246 3086 3109 
5367 2570 2436 3077 
5368 1694 2791 2896 
5369 1923 3027 3042 
5370 1365 2175 2921 
5371 202 2308 2309 
5372 2637 1111 2982 
5373 160 252 2191 
5374 1835 2447 2928 
5375 1263 1290 2911 
5376 3 47 265 
5377 3019 1470 3075 
5378 959 2717 2971 
5379 1959 1961 3137 
5380 105 106 2905 
5381 1296 1223 2886 
5382 2969 1445 3008 
5383 2415 2991 2994 
5384 993 995 2998 
5385 213 159 2191 
5386 2453 2454 2925 
5387 2212 1319 2922 
5388 1714 2844 2923 
5389 2926 2023 2941 
5390 32 33 217 
5391 2975 1913 2987 
5392 6 101 270 
5393 13 14 2806 
5394 2771 1409 2917 
5395 50 51 216 
5396 2361 2363 2929 
5397 1708 2903 2927 
5398 630 1010 3032 
5399 125 126 249 
5400 2747 1835 2928 
5401 1395 1192 3011 
5402 2632 1938 2993 
5403 140 141 215 
5404 2845 2959 3000 
5405 859 873 2926 
5406 1699 1487 2924 
5407 1936 2940 2969 
5408 2282 1065 3039 
5409 1921 2857 2904 
5410 862 746 2934 
5411 2398 2747 2928 
5412 1120 2682 2919 
5413 2354 2964 3027 
5414 1894 2213 2978 
5415 818 820 2936 
5416 1782 1783 1786 
5417 870 2729 2920 
5418 1784 2667 2910 
5419 1838 3012 3013 
5420 2082 2471 3012 
5421 262 173 2779 
5422 878 632 3032 
5423 2918 2368 2977 
5424 634 878 3031 
5425 3129 1959 3137 
5426 1978 1805 2016 
5427 2964 717 3027 
5428 2609 1725 2933 
5429 2903 1689 2927 
5430 1639 2603 2930 
5431 750 2420 2932 
5432 1079 2691 3007 
5433 2282 1747 3043 
5434 717 667 3042 
5435 2554 636 3031 
5436 2300 1726 2990 
5437 2715 1913 2975 
5438 2415 2987 2991 
5439 54 55 2898 
5440 705 673 2943 
5441 2816 1918 2918 
5442 2883 1941 3068 
5443 1727 2291 3018 
5444 2749 1012 2923 
5445 1944 1007 3017 
5446 53 54 253 
5447 48 256 2304 
5448 1755 1926 3033 
5449 8 137 267 
5450 2549 3013 3069 
5451 1961 2323 2949 
5452 2223 2719 2946 
5453 955 959 2938 
5454 783 802 3015 
5455 1267 2993 3006 
5456 2892 705 2915 
5457 1809 2774 2944 
5458 713 2918 2977 
5459 1825 1156 3163 
5460 2592 313 2937 
5461 713 2816 2918 
5462 640 875 3039 
5463 1761 1759 3036 
5464 2843 2891 2940 
5465 695 2359 2953 
5466 2453 2925 2975 
5467 2861 959 2971 
5468 404 409 2947 
5469 210 15 2810 
5470 1734 1714 2923 
5471 2227 1757 3033 
5472 1292 1718 3037 
5473 2841 2978 3050 
5474 143 144 254 
5475 1789 1734 2941 
5476 2165 2164 3066 
5477 3003 1741 3010 
5478 1775 1771 3101 
5479 2915 705 2943 
5480 2354 1722 2964 
5481 3027 717 3042 
5482 1660 2942 2956 
5483 1726 2273 2990 
5484 498 493 3040 
5485 2210 564 3035 
5486 1985 1614 2931 
5487 1 11 269 
5488 2454 2906 2925 
5489 1240 2552 2945 
5490 2483 1339 2931 
5491 2161 3108 3126 
5492 106 107 259 
5493 883 3169 3173 
5494 1012 2926 2941 
5495 1065 642 3039 
5496 1341 1470 3019 
5497 1660 2634 2942 
5498 1164 1445 2969 
5499 1771 1772 3106 
5500 16 17 251 
5501 2814 1378 2979 
5502 310 309 2952 
5503 174 222 2779 
5504 1947 2980 3005 
5505 2347 3072 3146 
5506 2900 289 2980 
5507 975 973 2954 
5508 1849 1850 3026 
5509 1717 2970 2996 
5510 2438 1741 3016 
5511 1717 2886 2970 
5512 2985 534 3025 
5513 1272 2933 2948 
5514 2546 2932 3065 
5515 102 258 2641 
5516 265 47 2304 
5517 260 13 2806 
5518 2945 2552 2955 
5519 2025 2024 2984 
5520 252 161 2189 
5521 666 663 3046 
5522 2441 2453 2975 
5523 2321 1848 2967 
5524 1932 2909 2964 
5525 2552 956 2955 
5526 456 458 3053 
5527 1731 2102 3010 
5528 2081 2656 3052 
5529 2684 2663 3005 
5530 90 91 245 
5531 3082 2363 3089 
5532 2428 1763 3067 
5533 2652 1699 3023 
5534 2655 1660 2956 
5535 793 898 2962 
5536 1498 1710 2966 
5537 3042 666 3047 
5538 2530 2619 2957 
5539 1815 1813 2951 
5540 2457 907 3068 
5541 1491 1125 2963 
5542 1611 2114 2960 
5543 2717 2456 2971 
5544 1928 1721 2959 
5545 2282 3039 3054 
5546 2926 873 2995 
5547 1944 3037 3038 
5548 1117 1277 3045 
5549 3026 1850 3034 
5550 729 734 3058 
5551 180 181 244 
5552 1953 3000 3019 
5553 2595 797 2996 
5554 2891 1703 2940 
5555 1849 2957 2967 
5556 222 175 2773 
5557 104 209 2796 
5558 3106 1772 3111 
5559 387 3089 3095 
5560 2489 1728 2965 
5561 908 397 2973 
5562 2838 2271 2946 
5563 2368 1735 2977 
5564 1948 2900 2980 
5565 3005 2663 3044 
5566 754 2546 3085 
5567 29 30 2939 
5568 2997 2480 3006 
5569 779 781 2974 
5570 2247 3046 3092 
5571 1936 2969 3008 
5572 1742 1492 3065 
5573 758 755 2976 
5574 2909 717 2964 
5575 1733 1732 2968 
5576 2441 2975 2987 
5577 274 272 3055 
5578 2054 1708 2961 
5579 2936 1928 2959 
5580 1923 3042 3047 
5581 4 65 268 
5582 2971 2456 3009 
5583 2957 908 2967 
5584 2344 2356 2970 
5585 1932 2915 2943 
5586 2962 898 3018 
5587 3101 1771 3106 
5588 2273 1717 2996 
5589 465 463 2981 
5590 1737 1499 3004 
5591 1410 1894 2978 
5592 2532 248 2968 
5593 1703 1164 2969 
5594 623 2220 3161 
5595 2940 1703 2969 
5596 2213 1943 3050 
5597 1378 1379 2979 
5598 209 105 2905 
5599 2214 623 3158 
5600 1949 1737 2983 
5601 3010 2102 3022 
5602 2744 713 2977 
5603 2886 2344 2970 
5604 9 155 266 
5605 2416 2441 2987 
5606 2226 2997 3006 
5607 2290 2287 2986 
5608 1424 1822 3071 
5609 289 2591 2980 
5610 71 72 250 
5611 14 210 2806 
5612 2840 1713 2992 
5613 1711 1885 2985 
5614 1416 2843 2940 
5615 890 2525 3021 
5616 2993 1267 2994 
5617 2332 3028 3030 
5618 12 260 2899 
5619 1504 2804 2958 
5620 272 2056 3055 
5621 2379 2380 3025 
5622 2933 1725 3077 
5623 2959 1721 3000 
5624 1913 1638 2991 
5625 2362 1775 3095 
5626 2023 2926 2995 
5627 3050 1943 3057 
5628 270 101 2641 
5629 2929 2363 3082 
5630 1935 2377 3081 
5631 122 218 2871 
5632 454 494 3074 
5633 2251 2249 3152 
5634 2358 976 3079 
5635 3057 2665 3063 
5636 617 2415 2994 
5637 2968 248 2989 
5638 2436 2933 3077 
5639 1943 2665 3057 
5640 873 2637 2995 
5641 2804 1779 2958 
5642 2480 1267 3006 
5643 266 155 2173 
5644 1927 2632 2993 
5645 3035 1935 3070 
5646 907 2883 3068 
5647 3013 1497 3069 
5648 1951 3007 3061 
5649 2974 781 3015 
5650 455 2480 2997 
5651 2291 2962 3018 
5652 1540 1935 3081 
5653 1732 1785 3041 
5654 2546 3065 3085 
5655 2633 993 2998 
5656 2530 2957 3026 
5657 1152 740 3087 
5658 2978 2213 3050 
5659 2249 620 3002 
5660 16 251 2810 
5661 2206 2208 3003 
5662 789 824 2999 
5663 379 578 3082 
5664 797 2974 2990 
5665 1419 2771 3048 
5666 3122 985 3156 
5667 258 103 2796 
5668 3002 2214 3149 
5669 742 1151 3087 
5670 2 29 264 
5671 1111 2877 2982 
5672 1625 2840 2992 
5673 2070 944 3150 
5674 3056 2833 3064 
5675 7 119 263 
5676 802 2769 3001 
5677 119 120 2950 
5678 2957 1849 3026 
5679 2744 2977 3017 
5680 2663 1118 3044 
5681 2977 1735 3017 
5682 1944 3017 3037 
5683 1938 2226 3006 
5684 1008 2901 2972 
5685 2980 2591 3005 
5686 120 121 247 
5687 259 107 2897 
5688 1937 1936 3008 
5689 2298 2299 3024 
5690 2456 1395 3009 
5691 2974 2300 2990 
5692 1950 1951 3061 
5693 1919 3119 3160 
5694 2300 2974 3015 
5695 2952 309 3051 
5696 781 783 3015 
5697 809 806 3090 
5698 1419 3048 3064 
5699 1099 1183 3022 
5700 1934 2568 3011 
5701 3029 1751 3054 
5702 2932 1742 3065 
5703 387 383 3089 
5704 2591 2684 3005 
5705 1192 1357 3014 
5706 1962 1380 3093 
5707 2877 2013 2984 
5708 2246 2247 3086 
5709 1940 1939 3021 
5710 1741 1731 3010 
5711 1953 3019 3075 
5712 2317 890 3028 
5713 1764 2914 3020 
5714 269 11 2899 
5715 1721 1341 3019 
5716 1773 1685 3091 
5717 2665 1770 3063 
5718 3063 1770 3070 
5719 3150 944 3151 
5720 1947 3005 3044 
5721 1950 3061 3071 
5722 2613 2612 3096 
5723 2261 2354 3027 
5724 3044 1118 3062 
5725 2987 1913 2991 
5726 1383 2530 3026 
5727 3046 2247 3047 
5728 1770 1729 3070 
5729 898 2893 3018 
5730 2931 1798 2988 
5731 1772 3093 3111 
5732 2432 1960 3128 
5733 661 656 3092 
5734 1277 2652 3023 
5735 1713 2985 3025 
5736 1007 2744 3017 
5737 3158 623 3161 
5738 875 2554 3029 
5739 1683 2845 3000 
5740 1383 3026 3034 
5741 1445 2003 3008 
5742 1939 1761 3030 
5743 1836 1740 3103 
5744 2468 2882 3098 
5745 667 666 3042 
5746 632 630 3032 
5747 1757 1755 3033 
5748 636 634 3031 
5749 1749 2282 3054 
5750 106 259 2905 
5751 1759 2227 3036 
5752 853 880 3100 
5753 944 2418 3151 
5754 1729 2210 3035 
5755 2602 1383 3034 
5756 2833 1419 3064 
5757 2824 1004 3060 
5758 30 235 2939 
5759 3071 1822 3079 
5760 642 640 3039 
5761 1891 2387 3103 
5762 1735 1292 3037 
5763 247 121 2871 
5764 2633 2998 3051 
5765 1741 3003 3016 
5766 658 2792 3153 
5767 578 2929 3082 
5768 1747 1745 3043 
5769 2982 2877 2984 
5770 663 661 3046 
5771 1536 2246 3109 
5772 1004 2798 3060 
5773 2482 1354 3136 
5774 3043 1745 3049 
5775 494 3020 3074 
5776 493 492 3040 
5777 217 2532 3041 
5778 2917 1944 3038 
5779 1738 1923 3047 
5780 1945 1947 3044 
5781 526 511 3105 
5782 1118 1117 3045 
5783 3021 1939 3028 
5784 2771 2917 3038 
5785 1985 2931 2988 
5786 1579 3130 3133 
5787 1122 1543 3116 
5788 3151 2418 3154 
5789 1745 1743 3049 
5790 666 3046 3047 
5791 2998 2374 3051 
5792 2418 728 3154 
5793 1733 2968 2989 
5794 2914 1949 3020 
5795 890 3021 3028 
5796 1954 1953 3075 
5797 2910 277 3055 
5798 1927 2993 2994 
5799 1183 3010 3022 
5800 1059 1061 3107 
5801 531 548 3108 
5802 2567 2643 3111 
5803 1792 1536 3104 
5804 3020 1949 3074 
5805 1824 2681 3139 
5806 2024 2982 2984 
5807 2383 2382 3123 
5808 1718 1767 3048 
5809 1418 1836 3114 
5810 1591 1589 3113 
5811 3049 1743 3059 
5812 253 54 2898 
5813 309 2633 3051 
5814 2876 1965 3083 
5815 1968 3120 3121 
5816 2037 1792 3099 
5817 2601 2600 3115 
5818 277 274 3055 
5819 458 910 3053 
5820 1945 3044 3062 
5821 223 3159 3182 
5822 1422 3050 3057 
5823 3086 2247 3092 
5824 2543 1422 3057 
5825 583 561 3117 
5826 2771 3038 3048 
5827 2656 526 3052 
5828 2543 3057 3063 
5829 2164 217 3066 
5830 1743 1742 3059 
5831 3000 1721 3019 
5832 1422 2841 3050 
5833 728 729 3058 
5834 1541 2543 3063 
5835 1983 3056 3064 
5836 3053 910 3067 
5837 2325 3053 3067 
5838 3017 1735 3037 
5839 796 985 3122 
5840 3028 1939 3030 
5841 2691 1423 3061 
5842 1763 2325 3067 
5843 1492 1739 3065 
5844 3048 1767 3064 
5845 3001 2298 3024 
5846 1934 3011 3014 
5847 1541 3063 3070 
5848 2428 3067 3076 
5849 3061 1423 3071 
5850 3011 1192 3014 
5851 1587 2457 3068 
5852 3099 1792 3104 
5853 1946 1945 3062 
5854 3104 1536 3109 
5855 3003 2208 3016 
5856 2075 3117 3140 
5857 3095 1775 3101 
5858 802 3001 3024 
5859 1935 1541 3070 
5860 1587 3068 3073 
5861 864 2186 3086 
5862 1772 1428 3097 
5863 609 591 3125 
5864 2015 2833 3056 
5865 2410 2824 3060 
5866 1423 1424 3071 
5867 1767 1983 3064 
5868 2522 1587 3073 
5869 3038 1718 3048 
5870 548 2831 3110 
5871 2522 3073 3078 
5872 910 2553 3076 
5873 2539 483 3102 
5874 3122 2154 3142 
5875 1725 2912 3077 
5876 2913 1490 3072 
5877 2681 1956 3139 
5878 578 2522 3078 
5879 3079 1822 3130 
5880 3149 2214 3158 
5881 659 3145 3170 
5882 3065 1739 3085 
5883 1118 3045 3062 
5884 610 581 3131 
5885 1470 2033 3075 
5886 3076 2553 3080 
5887 3086 2186 3109 
5888 3089 2363 3095 
5889 1428 1596 3097 
5890 604 658 3134 
5891 573 2706 3131 
5892 572 580 3140 
5893 976 1950 3079 
5894 1778 2672 3138 
5895 2358 3079 3130 
5896 3153 2236 3164 
5897 2901 1687 3124 
5898 264 29 2939 
5899 1973 2529 3141 
5900 2553 480 3080 
5901 3121 1595 3144 
5902 1768 2337 3084 
5903 1830 2901 3124 
5904 2275 2913 3072 
5905 2581 1827 3132 
5906 381 379 3082 
5907 2910 3055 3118 
5908 1833 1540 3081 
5909 2307 3088 3094 
5910 801 799 3142 
5911 1739 2109 3085 
5912 1768 3084 3088 
5913 3128 1960 3129 
5914 1084 1082 3119 
5915 875 3029 3054 
5916 2510 1084 3119 
5917 381 3082 3089 
5918 2277 1152 3162 
5919 2307 1768 3088 
5920 1827 2803 3132 
5921 740 742 3087 
5922 589 610 3143 
5923 1967 2307 3094 
5924 383 381 3089 
5925 120 247 2950 
5926 1595 1593 3144 
5927 3097 1596 3128 
5928 263 119 2950 
5929 1702 2876 3083 
5930 806 805 3090 
5931 1685 1702 3091 
5932 1949 2983 3074 
5933 1702 3083 3091 
5934 1773 3091 3162 
5935 1950 3071 3079 
5936 2601 3113 3156 
5937 1354 2849 3136 
5938 1380 2567 3093 
5939 3120 1595 3121 
5940 1967 3102 3112 
5941 656 864 3092 
5942 2814 2979 3150 
5943 2363 2362 3095 
5944 217 3041 3066 
5945 1550 1946 3149 
5946 2612 1150 3096 
5947 2389 2468 3098 
5948 2387 2386 3167 
5949 659 607 3145 
5950 1962 3093 3097 
5951 1150 853 3100 
5952 3102 2734 3112 
5953 3067 910 3076 
5954 3110 1929 3126 
5955 864 3086 3092 
5956 2180 1968 3121 
5957 3041 1785 3066 
5958 3055 2056 3118 
5959 2073 2726 3147 
5960 1958 2648 3099 
5961 1082 2297 3119 
5962 2636 387 3101 
5963 1958 3099 3104 
5964 2056 2057 3118 
5965 2061 2358 3130 
5966 1740 1891 3103 
5967 2979 2070 3150 
5968 483 2734 3102 
5969 511 525 3105 
5970 1957 1958 3104 
5971 2154 3122 3156 
5972 2636 3101 3106 
5973 3105 525 3108 
5974 1115 1059 3107 
5975 1002 2636 3106 
5976 525 531 3108 
5977 1962 3097 3128 
5978 1002 3106 3111 
5979 1957 3104 3109 
5980 2186 1957 3109 
5981 2643 1002 3111 
5982 1930 2161 3126 
5983 1969 1425 3160 
5984 3093 1772 3097 
5985 1946 3002 3149 
5986 2855 2347 3146 
5987 3072 1490 3146 
5988 1966 1967 3112 
5989 387 3095 3101 
5990 2165 3171 3179 
5991 2831 1970 3110 
5992 3094 2539 3102 
5993 1543 1929 3155 
5994 2297 1122 3116 
5995 2734 1615 3112 
5996 1486 1418 3114 
5997 1783 1781 3157 
5998 2775 2154 3156 
5999 2600 834 3115 
6000 3112 1615 3120 
6001 1589 2775 3113 
6002 1966 3112 3120 
6003 1968 1966 3120 
6004 1919 2510 3119 
6005 561 572 3117 
6006 1615 1595 3120 
6007 1822 1821 3133 
6008 1769 2079 3159 
6009 2319 2180 3121 
6010 799 796 3122 
6011 2382 1777 3123 
6012 3172 1974 3174 
6013 3091 2277 3162 
6014 1687 1827 3124 
6015 2064 3127 3132 
6016 591 601 3125 
6017 1784 2910 3118 
6018 1596 2432 3128 
6019 2064 2235 3127 
6020 2803 2064 3132 
6021 1421 1962 3129 
6022 1967 3094 3102 
6023 3125 601 3134 
6024 2849 1698 3136 
6025 581 573 3131 
6026 1421 3129 3137 
6027 1821 2072 3135 
6028 3175 1695 3177 
6029 1952 1495 3166 
6030 601 604 3134 
6031 1829 1421 3137 
6032 2067 1778 3138 
6033 548 3110 3126 
6034 1956 1955 3139 
6035 3062 3045 3152 
6036 580 609 3140 
6037 1504 2958 3163 
6038 3141 658 3153 
6039 1158 884 3170 
6040 2529 2384 3141 
6041 1975 1974 3172 
6042 1782 2076 3169 
6043 3145 2674 3170 
6044 1973 3153 3164 
6045 2958 1825 3163 
6046 3110 1970 3155 
6047 3133 1821 3135 
6048 2792 2236 3153 
6049 1929 3110 3155 
6050 1976 1330 3174 
6051 1784 3118 3157 
6052 3045 2251 3152 
6053 595 589 3143 
6054 3118 2057 3157 
6055 2319 3121 3144 
6056 1593 1776 3144 
6057 3116 1969 3160 
6058 1962 3128 3129 
6059 1153 882 3173 
6060 595 3143 3145 
6061 1785 2888 3171 
6062 1490 2704 3146 
6063 1435 1787 3179 
6064 607 595 3145 
6065 1931 2055 3148 
6066 3147 1931 3148 
6067 2726 1931 3147 
6068 1430 1695 3175 
6069 1549 1550 3149 
6070 44 3182 3185 
6071 1963 3150 3151 
6072 1963 2814 3150 
6073 2297 3116 3160 
6074 2888 1507 3171 
6075 2236 1434 3164 
6076 1964 1963 3151 
6077 1150 3100 3167 
6078 3100 2387 3167 
6079 1973 3141 3153 
6080 1964 3151 3154 
6081 3130 1822 3133 
6082 3171 1507 3179 
6083 1158 3170 3172 
6084 2068 1964 3154 
6085 1970 1969 3155 
6086 1549 3149 3158 
6087 985 2601 3156 
6088 235 2165 3180 
6089 1781 1784 3157 
6090 1976 3174 3175 
6091 1434 1791 3165 
6092 2165 3179 3180 
6093 2165 3066 3171 
6094 3164 1434 3165 
6095 1779 1549 3158 
6096 1425 1919 3160 
6097 799 3122 3142 
6098 1779 3158 3161 
6099 1946 3062 3152 
6100 1791 2039 3168 
6101 2733 1769 3159 
6102 3179 1787 3180 
6103 3165 1791 3168 
6104 44 45 3182 
6105 1695 2007 3177 
6106 2958 1779 3161 
6107 2059 1773 3162 
6108 3184 208 3185 
6109 2888 1504 3163 
6110 1971 1973 3164 
6111 1972 1971 3165 
6112 2028 1972 3168 
6113 3176 1783 3178 
6114 1971 3164 3165 
6115 1972 3165 3168 
6116 1495 1780 3166 
6117 1158 3172 3174 
6118 3166 1780 3169 
6119 1780 1782 3169 
6120 884 659 3170 
6121 1976 3175 3177 
6122 2674 1975 3172 
6123 882 883 3173 
6124 43 44 3185 
6125 1330 1158 3174 
6126 3066 1785 3171 
6127 3096 1150 3167 
6128 1974 1430 3175 
6129 3170 2674 3172 
6130 1786 1783 3176 
6131 2030 1976 3177 
6132 1783 3157 3178 
6133 3174 1974 3175 
6134 1507 1435 3179 
6135 2057 2058 3178 
6136 1787 1985 3181 
6137 2939 235 3180 
6138 3176 208 3184 
6139 3157 2057 3178 
6140 2733 3159 3183 
6141 3159 223 3183 
6142 2939 3180 3181 
6143 3180 1787 3181 
6144 264 2939 3181 
6145 3182 2079 3185 
6146 2078 1786 3184 
6147 3159 2079 3182 
6148 208 43 3185 
6149 1979 2733 3183 
6150 1786 3176 3184 
6151 2542 1462 3186 
6152 1995 2542 3186 
6153 1998 2309 3234 
6154 2343 2008 3187 
6155 2693 1795 3187 
6156 2053 1467 3188 
6157 1467 2759 3188 
6158 2988 1798 3311 
6159 1795 2343 3187 
6160 239 2033 3340 
6161 2000 2087 3241 
6162 2796 209 3226 
6163 2148 205 3292 
6164 88 89 3189 
6165 2759 1978 3188 
6166 2034 268 3303 
6167 1463 1464 3190 
6168 2012 2125 3322 
6169 1873 1868 3191 
6170 1866 2760 3191 
6171 53 253 3192 
6172 2039 256 3325 
6173 2038 3239 3240 
6174 201 88 3189 
6175 2896 1996 3193 
6176 1994 1995 3194 
6177 255 67 3195 
6178 68 214 3195 
6179 2141 2760 3233 
6180 2216 1796 3201 
6181 231 2044 3206 
6182 246 2113 3196 
6183 2087 2086 3196 
6184 1802 1463 3190 
6185 3293 2106 3340 
6186 1861 1652 3197 
6187 1634 1816 3197 
6188 1984 2333 3198 
6189 1868 1866 3191 
6190 2559 2113 3310 
6191 52 53 3192 
6192 2240 259 3271 
6193 2036 2038 3220 
6194 2779 3205 3261 
6195 1903 1905 3199 
6196 1473 2802 3199 
6197 2309 1998 3298 
6198 2087 2000 3308 
6199 145 198 3200 
6200 254 144 3200 
6201 2174 243 3201 
6202 2215 2216 3201 
6203 2116 2118 3202 
6204 2144 203 3203 
6205 2126 2131 3203 
6206 214 3211 3251 
6207 2189 1991 3208 
6208 212 169 3204 
6209 2125 236 3322 
6210 253 2898 3194 
6211 2006 2896 3193 
6212 2132 234 3193 
6213 1995 3186 3194 
6214 2284 1808 3205 
6215 67 68 3195 
6216 1311 2631 3202 
6217 2077 80 3206 
6218 81 231 3206 
6219 1991 1459 3208 
6220 1471 2281 3208 
6221 2025 2984 3209 
6222 2890 1997 3210 
6223 2031 1815 3210 
6224 2040 221 3264 
6225 2897 1980 3271 
6226 2988 227 3242 
6227 2017 1793 3211 
6228 2020 1937 3212 
6229 3008 2003 3212 
6230 2001 2311 3213 
6231 1817 2048 3213 
6232 2309 2308 3236 
6233 2047 200 3267 
6234 141 142 3215 
6235 113 114 3216 
6236 2107 239 3235 
6237 2086 246 3196 
6238 167 168 3217 
6239 62 63 3218 
6240 2038 238 3239 
6241 2125 2012 3266 
6242 1998 1999 3298 
6243 1652 1634 3197 
6244 2107 3235 3243 
6245 2333 2334 3198 
6246 3197 1816 3265 
6247 1530 1531 3220 
6248 1535 2036 3220 
6249 3189 2198 3231 
6250 2308 179 3221 
6251 180 244 3221 
6252 1993 2170 3273 
6253 2029 216 3302 
6254 112 113 3224 
6255 142 143 3225 
6256 2241 2242 3226 
6257 2021 2022 3227 
6258 1882 2280 3228 
6259 73 192 3229 
6260 250 72 3229 
6261 2280 1984 3291 
6262 256 49 3230 
6263 50 216 3230 
6264 221 2040 3314 
6265 2802 1903 3199 
6266 1798 1797 3232 
6267 1796 2216 3248 
6268 219 2141 3233 
6269 1442 1998 3234 
6270 1630 1548 3234 
6271 86 2046 3250 
6272 2139 1461 3246 
6273 144 145 3200 
6274 239 76 3235 
6275 77 2104 3235 
6276 2041 2035 3207 
6277 2005 1800 3219 
6278 243 2215 3201 
6279 2034 1982 3237 
6280 1290 1461 3238 
6281 1933 2911 3238 
6282 238 148 3239 
6283 149 2143 3239 
6284 2170 225 3273 
6285 1801 1325 3241 
6286 1328 2000 3241 
6287 1985 2988 3242 
6288 264 3181 3242 
6289 109 199 3244 
6290 2897 108 3244 
6291 147 238 3245 
6292 198 146 3245 
6293 1566 2032 3246 
6294 1461 1446 3246 
6295 2142 2178 3327 
6296 1988 1511 3248 
6297 1513 1796 3248 
6298 2138 2019 3290 
6299 1991 2189 3263 
6300 2118 2124 3202 
6301 2053 3188 3268 
6302 85 86 3250 
6303 203 2126 3203 
6304 2089 3197 3265 
6305 2209 3273 3307 
6306 169 170 3204 
6307 2042 244 3294 
6308 123 124 3255 
6309 133 134 3257 
6310 1440 1666 3259 
6311 2322 2305 3260 
6312 3298 1999 3344 
6313 171 232 3262 
6314 163 191 3263 
6315 2189 162 3263 
6316 2014 2256 3264 
6317 1987 2040 3264 
6318 1810 1994 3266 
6319 1814 2047 3267 
6320 1996 1812 3267 
6321 2284 2773 3344 
6322 2077 1802 3343 
6323 3190 1464 3300 
6324 1808 1809 3205 
6325 2760 1977 3233 
6326 197 2125 3266 
6327 257 2049 3289 
6328 3199 1905 3231 
6329 69 70 3249 
6330 166 167 3270 
6331 2827 2026 3218 
6332 80 81 3206 
6333 1981 2240 3271 
6334 262 3261 3304 
6335 2334 1876 3272 
6336 2209 2506 3273 
6337 3188 1978 3258 
6338 70 71 3274 
6339 2304 2039 3254 
6340 2094 2095 3285 
6341 135 224 3286 
6342 125 249 3284 
6343 2306 1803 3288 
6344 1805 1438 3287 
6345 138 257 3289 
6346 267 137 3289 
6347 2019 1474 3290 
6348 1321 1933 3290 
6349 1459 1471 3208 
6350 2002 2001 3336 
6351 2003 2004 3337 
6352 2131 2128 3222 
6353 2984 2013 3209 
6354 1815 2890 3210 
6355 3177 2007 3292 
6356 2692 2693 3293 
6357 182 195 3294 
6358 244 181 3294 
6359 2128 2130 3222 
6360 2090 241 3295 
6361 61 62 3296 
6362 2244 2442 3297 
6363 2105 3190 3300 
6364 202 2309 3298 
6365 1466 1954 3300 
6366 2905 2240 3313 
6367 2647 2219 3301 
6368 1793 1794 3211 
6369 216 51 3302 
6370 2158 2157 3219 
6371 1800 2158 3219 
6372 1937 3008 3212 
6373 2311 1817 3213 
6374 2048 257 3324 
6375 2170 2020 3323 
6376 66 255 3303 
6377 268 65 3303 
6378 3189 3231 3269 
6379 2196 2195 3308 
6380 196 2087 3308 
6381 213 2191 3309 
6382 215 141 3215 
6383 114 207 3216 
6384 2105 211 3343 
6385 2173 2174 3342 
6386 261 83 3314 
6387 84 221 3314 
6388 2407 1989 3315 
6389 1799 1528 3316 
6390 1983 2005 3317 
6391 251 17 3321 
6392 46 3 3329 
6393 28 2 3334 
6394 154 9 3330 
6395 64 4 3331 
6396 190 1 3332 
6397 100 6 3333 
6398 2 264 3334 
6399 9 266 3330 
6400 3 265 3329 
6401 4 268 3331 
6402 1 269 3332 
6403 6 270 3333 
6404 2129 226 3330 
6405 2179 230 3332 
6406 2121 228 3333 
6407 3183 223 3329 
6408 116 2170 3323 
6409 207 115 3323 
6410 257 139 3324 
6411 140 215 3324 
6412 3168 2039 3325 
6413 1862 1861 3326 
6414 168 212 3217 
6415 2106 239 3340 
6416 63 229 3218 
6417 2134 206 3227 
6418 210 2810 3228 
6419 262 2779 3261 
6420 2157 242 3219 
6421 3228 2810 3319 
6422 2134 3227 3318 
6423 3193 1996 3348 
6424 1994 3194 3347 
6425 2115 2116 3247 
6426 3190 2105 3343 
6427 2046 2014 3250 
6428 1992 2009 3320 
6429 52 3192 3302 
6430 2198 2197 3231 
6431 2005 3219 3270 
6432 258 2796 3328 
6433 2116 3202 3247 
6434 1531 1535 3220 
6435 212 3056 3317 
6436 18 2047 3321 
6437 2039 1979 3254 
6438 82 5 3338 
6439 5 261 3338 
6440 2197 3199 3231 
6441 2240 2241 3313 
6442 2006 3193 3299 
6443 3193 234 3299 
6444 179 180 3221 
6445 1521 2768 3222 
6446 3233 1977 3295 
6447 2132 3193 3348 
6448 3194 2898 3347 
6449 2047 2031 3321 
6450 3215 2002 3336 
6451 2004 3216 3337 
6452 3204 170 3262 
6453 1997 3228 3319 
6454 3227 2025 3318 
6455 3240 2144 3316 
6456 2641 258 3223 
6457 3205 1809 3261 
6458 240 112 3224 
6459 143 254 3225 
6460 2242 2243 3226 
6461 2022 2025 3227 
6462 1997 1882 3228 
6463 72 73 3229 
6464 136 8 3339 
6465 8 267 3339 
6466 2174 3214 3342 
6467 49 50 3230 
6468 1988 3248 3309 
6469 1797 2030 3232 
6470 3263 191 3312 
6471 191 2156 3312 
6472 2096 219 3233 
6473 2005 3217 3317 
6474 201 3189 3269 
6475 1548 1442 3234 
6476 2115 3247 3310 
6477 1999 2284 3344 
6478 3219 242 3270 
6479 253 3194 3305 
6480 3194 3186 3305 
6481 2131 3222 3335 
6482 76 77 3235 
6483 3261 2944 3304 
6484 2104 2105 3243 
6485 2641 3223 3253 
6486 1979 3183 3254 
6487 2123 2121 3253 
6488 1982 2828 3237 
6489 1802 3190 3343 
6490 3202 2631 3247 
6491 2911 1290 3238 
6492 3209 2013 3322 
6493 148 149 3239 
6494 2143 2144 3240 
6495 1325 1328 3241 
6496 254 3200 3301 
6497 195 2089 3265 
6498 3181 1985 3242 
6499 2008 2017 3341 
6500 214 69 3249 
6501 108 109 3244 
6502 146 147 3245 
6503 1446 1566 3246 
6504 2017 3211 3249 
6505 3195 214 3251 
6506 2631 1460 3247 
6507 1511 1513 3248 
6508 259 2897 3271 
6509 3255 2306 3288 
6510 3256 1805 3287 
6511 2095 3259 3285 
6512 224 3258 3286 
6513 249 3260 3284 
6514 221 85 3250 
6515 2090 3295 3326 
6516 2096 3233 3295 
6517 3222 2768 3335 
6518 3273 225 3307 
6519 256 3230 3325 
6520 270 2641 3253 
6521 265 2304 3254 
6522 218 123 3255 
6523 3256 204 3257 
6524 2095 204 3256 
6525 204 133 3257 
6526 1978 2016 3258 
6527 1666 1804 3259 
6528 2305 2306 3260 
6529 1809 2944 3261 
6530 170 171 3262 
6531 162 163 3263 
6532 2256 1987 3264 
6533 1816 2042 3265 
6534 2012 1810 3266 
6535 1812 1814 3267 
6536 268 3237 3331 
6537 3231 1905 3269 
6538 1905 2407 3269 
6539 2113 2115 3310 
6540 2035 3195 3251 
6541 3214 2129 3342 
6542 242 166 3270 
6543 2243 2244 3328 
6544 1980 1981 3271 
6545 260 2806 3291 
6546 1876 2476 3272 
6547 2506 1993 3273 
6548 71 250 3274 
6549 3200 2648 3301 
6550 2241 3226 3313 
6551 3277 218 3288 
6552 1804 3275 3285 
6553 3276 1806 3278 
6554 3281 1807 3282 
6555 1807 2322 3282 
6556 3278 2413 3281 
6557 2413 1807 3281 
6558 1806 2413 3278 
6559 3275 2369 3276 
6560 2369 1806 3276 
6561 2438 3016 3277 
6562 1804 2369 3275 
6563 3277 3016 3283 
6564 2208 2207 3280 
6565 3016 2208 3283 
6566 2207 2209 3279 
6567 2208 3280 3283 
6568 2207 3279 3280 
6569 2097 3276 3278 
6570 194 2097 3278 
6571 2097 237 3276 
6572 237 2093 3275 
6573 237 3275 3276 
6574 2615 3281 3282 
6575 194 3278 3281 
6576 249 2615 3282 
6577 2615 194 3281 
6578 2871 218 3277 
6579 2871 3277 3283 
6580 247 2871 3283 
6581 263 2950 3279 
6582 2950 247 3280 
6583 3280 247 3283 
6584 3279 2950 3280 
6585 3247 1460 3310 
6586 1996 3267 3348 
6587 3266 1994 3347 
6588 2438 3277 3288 
6589 3275 2093 3285 
6590 124 125 3284 
6591 2093 2094 3285 
6592 134 135 3286 
6593 1438 1440 3287 
6594 1803 2438 3288 
6595 137 138 3289 
6596 1474 1321 3290 
6597 1984 3198 3291 
6598 264 3242 3334 
6599 2030 3177 3292 
6600 3192 253 3305 
6601 2147 2007 3299 
6602 1986 2692 3293 
6603 181 182 3294 
6604 241 2096 3295 
6605 3211 214 3249 
6606 206 61 3296 
6607 2442 1312 3297 
6608 2202 202 3298 
6609 3272 2476 3327 
6610 3207 2035 3251 
6611 2007 2006 3299 
6612 234 2147 3299 
6613 3203 2131 3335 
6614 1464 1466 3300 
6615 2648 2647 3301 
6616 51 52 3302 
6617 3198 260 3291 
6618 1798 3232 3311 
6619 2051 3192 3305 
6620 65 66 3303 
6621 3248 2216 3309 
6622 3186 2051 3305 
6623 269 2899 3306 
6624 2195 196 3308 
6625 2216 213 3309 
6626 1986 3293 3340 
6627 3297 1312 3345 
6628 1460 2559 3310 
6629 2172 2171 3311 
6630 2202 3298 3344 
6631 3246 2032 3346 
6632 3212 2003 3337 
6633 2001 3213 3336 
6634 1990 1991 3312 
6635 199 2139 3346 
6636 3187 2008 3341 
6637 1991 3263 3312 
6638 3210 1997 3319 
6639 2025 3209 3318 
6640 209 2905 3313 
6641 2944 1992 3320 
6642 83 84 3314 
6643 250 3187 3341 
6644 1989 2046 3315 
6645 1528 1530 3316 
6646 3056 1983 3317 
6647 2133 2134 3318 
6648 2810 251 3319 
6649 17 18 3321 
6650 2013 2012 3322 
6651 115 116 3323 
6652 139 140 3324 
6653 224 136 3339 
6654 2028 3168 3325 
6655 1977 1862 3326 
6656 2476 1873 3327 
6657 231 82 3338 
6658 227 28 3334 
6659 230 190 3332 
6660 228 100 3333 
6661 226 154 3330 
6662 229 64 3331 
6663 223 46 3329 
6664 2768 1799 3335 
6665 2033 1986 3340 
6666 3230 2028 3325 
6667 266 2173 3342 
6668 211 2077 3343 
6669 2773 2202 3344 
6670 1312 2761 3345 
6671 200 2132 3348 
6672 2898 197 3347 
6673 2017 3274 3341 
6674 2244 3223 3328 
6675 3217 212 3317 
6676 1799 3203 3335 
6677 263 3279 3307 
6678 3279 2209 3307 
6679 3226 209 3313 
6680 218 3255 3288 
6681 2095 3256 3287 
6682 3258 2016 3286 
6683 3259 1804 3285 
6684 3260 2306 3284 
6685 207 3212 3337 
6686 3213 215 3336 
6687 3209 2133 3318 
6688 251 3210 3319 
6689 3242 227 3334 
6690 3295 1977 3326 
6691 197 3266 3347 
6692 3267 200 3348 
6693 3232 2172 3311 
6694 215 3215 3336 
6695 3216 207 3337 
6696 3223 258 3328 
6697 3252 231 3338 
6698 3268 224 3339 
6699 2139 3246 3346 
6700 261 3252 3338 
6701 267 3268 3339 
6702 3304 2944 3320 
6703 232 3304 3320 
6704 3274 250 3341 
2 2 2 6504
6705 5146 5349 5439 
6706 3425 5207 5211 
6707 4788 5201 5843 
6708 4959 5271 5717 
6709 172 3420 6462 
6710 118 3421 6465 
6711 4605 4631 5354 
6712 5314 4630 5908 
6713 4692 5332 5942 
6714 5169 3413 5193 
6715 5928 5202 6410 
6716 3413 5169 5192 
6717 5158 4605 5354 
6718 5148 5314 5908 
6719 5985 3387 5986 
6720 6345 3408 6387 
6721 3402 5168 5201 
6722 5806 3356 6257 
6723 5851 6345 6387 
6724 5271 4959 6354 
6725 5986 3387 6395 
6726 6080 4477 6365 
6727 5204 87 6473 
6728 6354 4959 6399 
6729 5349 3410 5439 
6730 5332 4692 6372 
6731 5245 6354 6399 
6732 118 7 3421 
6733 172 10 3420 
6734 3370 5173 6214 
6735 4619 5295 5296 
6736 3356 5195 6257 
6737 5190 5138 6055 
6738 3396 5194 5195 
6739 5201 5168 5843 
6740 5176 3419 5198 
6741 5207 3425 6447 
6742 5402 5281 6381 
6743 5168 3402 5200 
6744 5300 5031 6349 
6745 5173 3370 6362 
6746 6346 3382 6426 
6747 3382 6346 6416 
6748 5296 5091 6396 
6749 5091 5296 6448 
6750 5202 3389 6410 
6751 6057 6356 6464 
6752 4688 6378 6398 
6753 4677 4679 5288 
6754 86 87 5204 
6755 62 6376 6454 
6756 87 3359 6473 
6757 3368 5438 5964 
6758 5295 4619 5297 
6759 70 5175 6407 
6760 5175 70 6432 
6761 4475 4601 5199 
6762 5019 5247 5248 
6763 4692 4677 5288 
6764 5190 6055 6402 
6765 3396 5195 6403 
6766 3390 172 6462 
6767 4960 5235 6364 
6768 5942 5332 6359 
6769 4630 5314 5315 
6770 4477 5199 6365 
6771 5165 5305 5306 
6772 6376 5184 6454 
6773 6356 5492 6464 
6774 3383 118 6465 
6775 5466 6379 6394 
6776 6408 5172 6422 
6777 5281 5402 6455 
6778 5439 3410 6366 
6779 5265 5112 6233 
6780 5354 4631 5355 
6781 167 6375 6428 
6782 5179 3364 6454 
6783 4692 5288 6372 
6784 3374 5185 5186 
6785 5177 3398 6382 
6786 3412 5377 6383 
6787 5201 4788 6394 
6788 5349 5146 6467 
6789 3379 6408 6422 
6790 3419 5176 6410 
6791 5299 5300 6349 
6792 6427 5565 6473 
6793 5165 5306 6450 
6794 5209 5187 6350 
6795 3394 5291 6367 
6796 5202 4960 6364 
6797 3359 6427 6473 
6798 5442 3380 5931 
6799 5185 3374 5187 
6800 6369 4952 6409 
6801 3398 5177 5295 
6802 5188 3363 6390 
6803 3353 6423 6452 
6804 5919 5282 6503 
6805 3425 5211 6426 
6806 5247 5019 6355 
6807 4469 5282 5919 
6808 4957 5302 6361 
6809 4954 5942 6359 
6810 6423 5200 6452 
6811 3410 5347 6366 
6812 5112 6401 6458 
6813 5288 5287 6372 
6814 3394 6367 6480 
6815 6379 5201 6394 
6816 6375 5163 6428 
6817 3390 5167 6420 
6818 4477 4475 5199 
6819 4601 5169 5199 
6820 5167 5173 6362 
6821 6378 5196 6398 
6822 5191 5265 6233 
6823 6350 5187 6460 
6824 6373 142 6383 
6825 113 6374 6382 
6826 3356 5806 6358 
6827 5281 6455 6503 
6828 5167 3390 6478 
6829 6401 5263 6458 
6830 6057 3418 6356 
6831 5302 4957 6474 
6832 5184 5179 6454 
6833 4952 6080 6365 
6834 6395 3387 6489 
6835 5280 5281 6503 
6836 5194 3396 5196 
6837 5167 6362 6420 
6838 5401 5954 6384 
6839 3380 5442 6363 
6840 5282 5280 6503 
6841 3363 5188 6450 
6842 5191 3397 5265 
6843 3403 5355 5356 
6844 3403 5354 5355 
6845 3364 5179 6385 
6846 5438 3368 6386 
6847 5174 6414 6415 
6848 5174 4963 6414 
6849 3365 5178 6370 
6850 5206 3373 6371 
6851 5964 5438 6449 
6852 3414 5197 5462 
6853 5329 3385 6146 
6854 4630 5315 5316 
6855 5162 5177 6382 
6856 5377 5160 6383 
6857 3387 5985 6376 
6858 5169 5193 5199 
6859 5377 3412 6459 
6860 4952 6365 6409 
6861 6381 5281 6411 
6862 3363 5330 6390 
6863 5176 5928 6410 
6864 4788 6392 6394 
6865 3409 5189 6368 
6866 3417 5398 6063 
6867 19 3358 5205 
6868 5158 5354 6466 
6869 4619 5296 6396 
6870 5160 6373 6383 
6871 6374 5162 6382 
6872 5337 5492 6430 
6873 5031 5300 6485 
6874 89 90 5356 
6875 5480 6418 6440 
6876 4598 6417 6445 
6877 6415 134 6444 
6878 6413 124 6442 
6879 5178 3365 6481 
6880 3373 5206 6482 
6881 90 3403 5356 
6882 3374 5186 6388 
6883 5295 5177 5296 
6884 4489 4616 5208 
6885 3413 5192 6461 
6886 5329 6146 6469 
6887 5195 3356 6403 
6888 3350 5851 6387 
6889 5193 3413 6353 
6890 3423 6341 6487 
6891 3424 5287 6488 
6892 3427 5337 6490 
6893 3428 5279 6491 
6894 5288 4679 6380 
6895 5314 5148 6470 
6896 6397 5301 6398 
6897 18 19 5205 
6898 5198 3419 6472 
6899 5954 5401 6486 
6900 6402 3357 6504 
6901 5190 6402 6504 
6902 5185 5187 5208 
6903 4688 6398 6474 
6904 5336 5337 6430 
6905 4616 5185 5208 
6906 4620 4489 5208 
6907 4620 5208 5209 
6908 4620 5209 6344 
6909 5918 5299 6349 
6910 6341 3423 6412 
6911 5279 3428 6411 
6912 5851 3350 6451 
6913 5287 3424 6500 
6914 5492 5337 6464 
6915 3357 5294 5297 
6916 5294 5295 5297 
6917 6392 5467 6394 
6918 4451 4449 5316 
6919 5337 3427 6464 
6920 5189 3409 6479 
6921 3415 5203 5207 
6922 4633 4500 5210 
6923 5203 3415 5206 
6924 5151 5178 5328 
6925 3402 5201 6379 
6926 5207 5210 5211 
6927 6393 5262 6401 
6928 89 5356 6347 
6929 3426 5192 6395 
6930 5937 3380 6363 
6931 5355 4631 6357 
6932 5112 5265 6401 
6933 6417 5253 6445 
6934 5174 6415 6444 
6935 5464 6413 6442 
6936 5282 4469 6360 
6937 6418 3407 6440 
6938 5019 5248 6484 
6939 4449 4630 5316 
6940 4958 4451 5316 
6941 5203 4633 5210 
6942 4500 4625 5210 
6943 5336 6430 6485 
6944 5207 5203 5210 
6945 3350 5264 6451 
6946 5208 5187 5209 
6947 5210 4625 5211 
6948 3761 3754 6013 
6949 5451 4046 6119 
6950 5503 5486 6306 
6951 4590 5234 5236 
6952 5432 3812 5862 
6953 5212 4046 5432 
6954 5234 4944 5236 
6955 5110 5451 6119 
6956 5212 5432 5862 
6957 4046 5212 6119 
6958 3754 5506 6013 
6959 5817 5224 6272 
6960 5237 6342 6343 
6961 4510 5499 6293 
6962 5213 3755 5503 
6963 3755 5213 5504 
6964 4932 5217 5771 
6965 5217 4309 5771 
6966 5862 3812 6304 
6967 4644 5224 5225 
6968 4509 5230 5231 
6969 4509 4510 5230 
6970 4644 5225 5864 
6971 4935 5233 6281 
6972 4314 4665 6321 
6973 5224 4644 6272 
6974 3754 3746 5506 
6975 5226 4047 5436 
6976 5213 5503 6306 
6977 45 3381 6340 
6978 5123 5226 5436 
6979 5077 4652 5232 
6980 5230 4510 6293 
6981 40 41 5216 
6982 3812 3761 6013 
6983 5221 4982 5393 
6984 6281 5233 6298 
6985 4982 4741 5393 
6986 5218 4722 5308 
6987 5216 41 5229 
6988 5320 5582 6210 
6989 5276 5278 5282 
6990 4722 4513 5308 
6991 5378 4983 6319 
6992 3812 6013 6304 
6993 4646 4532 5310 
6994 4935 5232 5233 
6995 4310 6245 6320 
6996 4135 5219 5515 
6997 5219 4135 5516 
6998 5077 5232 5668 
6999 5392 4655 5754 
7000 99 3386 5277 
7001 5408 5409 6181 
7002 4136 5223 5243 
7003 4135 5515 5708 
7004 5515 5223 5708 
7005 5223 4716 5243 
7006 5544 5547 6325 
7007 5223 4136 5708 
7008 4740 5443 6285 
7009 4716 4715 5243 
7010 5276 5277 5278 
7011 5278 5280 5282 
7012 4923 4728 5238 
7013 4715 5249 5909 
7014 4439 4263 5668 
7015 5243 4715 5909 
7016 98 99 5277 
7017 3750 5412 6082 
7018 4722 5218 5309 
7019 4713 4717 5249 
7020 4715 4713 5249 
7021 4717 5227 5249 
7022 4923 5238 5239 
7023 3684 5320 6210 
7024 4976 4977 5504 
7025 4513 4511 5308 
7026 5213 4976 5504 
7027 3746 3755 5506 
7028 5308 4511 5640 
7029 5113 6294 6297 
7030 4511 4512 5640 
7031 6294 4856 6297 
7032 5739 4730 6282 
7033 5407 6160 6310 
7034 5409 4435 6181 
7035 42 3366 5229 
7036 5771 6254 6256 
7037 4646 5310 5311 
7038 5412 4857 6082 
7039 4273 5545 6258 
7040 3351 38 3429 
7041 4982 5221 5839 
7042 4994 6261 6265 
7043 6121 4419 6162 
7044 3963 5311 6248 
7045 5311 5310 6248 
7046 5232 4652 5233 
7047 4741 4740 5393 
7048 132 3362 5252 
7049 5436 5435 6241 
7050 5119 6107 6295 
7051 3351 3429 3430 
7052 5220 4994 6265 
7053 4932 5771 6256 
7054 3886 6216 6312 
7055 5220 5817 6272 
7056 5242 5392 5754 
7057 3429 3391 5214 
7058 4047 5226 6216 
7059 5252 3362 5253 
7060 4657 4344 5268 
7061 5275 98 5277 
7062 5227 4717 5391 
7063 6241 5435 6249 
7064 3391 40 5216 
7065 4984 5240 5628 
7066 6274 4701 6313 
7067 5277 3386 5278 
7068 3658 5391 5563 
7069 5257 4984 5628 
7070 4049 5242 5391 
7071 4532 4722 5310 
7072 4057 5257 5628 
7073 5229 3366 6334 
7074 5214 3391 5215 
7075 5267 4397 5809 
7076 5593 3707 6124 
7077 5228 4987 6107 
7078 5266 4397 5267 
7079 41 42 5229 
7080 6254 5547 6256 
7081 5246 3399 5248 
7082 4309 5217 6245 
7083 6198 3650 6227 
7084 4041 5451 6324 
7085 4159 5241 5653 
7086 184 3399 5246 
7087 5269 4321 5653 
7088 5241 5269 5653 
7089 4590 4311 6331 
7090 94 3404 5244 
7091 4704 5333 5334 
7092 3399 185 5254 
7093 5486 4387 6306 
7094 5584 5585 5969 
7095 3352 128 5255 
7096 5545 4273 6261 
7097 4387 4509 6305 
7098 5240 4984 5629 
7099 5333 4986 5334 
7100 5256 4986 5333 
7101 79 80 5235 
7102 5885 5762 6141 
7103 5256 5261 5720 
7104 4387 6305 6306 
7105 4986 5256 5720 
7106 97 98 5275 
7107 5229 6334 6336 
7108 3768 6289 6296 
7109 6261 4273 6265 
7110 60 3364 5292 
7111 5261 4793 5720 
7112 4132 4134 5516 
7113 4041 6324 6327 
7114 4135 4132 5516 
7115 5585 3530 5969 
7116 3724 5966 6239 
7117 5831 3768 6296 
7118 4868 5593 6124 
7119 5542 5541 6283 
7120 5232 4439 5668 
7121 5242 4049 5392 
7122 3350 74 5264 
7123 4665 6046 6321 
7124 5831 5832 6301 
7125 4987 5228 6137 
7126 3948 3946 5476 
7127 4263 4242 5668 
7128 38 39 3429 
7129 6327 5234 6331 
7130 129 130 3395 
7131 4548 5092 5629 
7132 131 132 5252 
7133 4020 5250 5646 
7134 39 3391 3429 
7135 4994 5220 6272 
7136 5542 6283 6292 
7137 5504 4977 5505 
7138 153 3384 5285 
7139 4009 3958 5605 
7140 3992 5476 5477 
7141 3755 5504 5506 
7142 5250 4020 5410 
7143 56 57 5283 
7144 3355 56 5283 
7145 6301 5832 6303 
7146 5216 5229 6336 
7147 5084 4911 6187 
7148 6292 3816 6299 
7149 4895 5885 6141 
7150 4993 4661 5550 
7151 4344 4397 5268 
7152 20 21 5290 
7153 5300 5335 5336 
7154 4655 5392 6227 
7155 81 82 3389 
7156 24 3363 5306 
7157 6273 5477 6302 
7158 5238 4728 6130 
7159 5499 4992 6293 
7160 5037 5039 5848 
7161 4992 4737 6291 
7162 3358 20 5290 
7163 5393 4740 6285 
7164 5824 5044 5993 
7165 128 129 5255 
7166 74 75 5264 
7167 96 3378 5270 
7168 5522 6087 6236 
7169 5298 188 5335 
7170 4984 4548 5629 
7171 5234 4590 6331 
7172 78 3369 5262 
7173 91 92 5353 
7174 6134 3912 6243 
7175 3351 3431 5437 
7176 3992 5477 6273 
7177 5285 3384 5286 
7178 171 172 3390 
7179 4988 5238 6130 
7180 5241 4159 5848 
7181 5285 5286 5289 
7182 75 76 3397 
7183 5123 5436 6241 
7184 5444 4991 5966 
7185 110 111 5294 
7186 4397 5266 5268 
7187 5042 5410 6092 
7188 4983 6116 6319 
7189 5313 3400 5315 
7190 182 183 3353 
7191 4704 4703 6079 
7192 5412 5408 6181 
7193 78 79 3369 
7194 5444 3750 6082 
7195 37 38 3351 
7196 5262 3369 5263 
7197 5320 5318 5582 
7198 3658 4049 5391 
7199 3357 110 5294 
7200 5343 4695 5920 
7201 129 3395 5255 
7202 6277 5455 6318 
7203 6059 4988 6130 
7204 5391 4717 5563 
7205 5759 4934 6271 
7206 39 40 3391 
7207 5270 3378 5273 
7208 5570 4024 5878 
7209 4990 5569 5570 
7210 5318 4727 5582 
7211 111 112 3398 
7212 57 3394 5283 
7213 92 93 3354 
7214 3369 79 5235 
7215 5830 5831 6296 
7216 4992 6291 6293 
7217 4718 5066 6080 
7218 3963 3959 6300 
7219 75 3397 5264 
7220 5242 5227 5391 
7221 5268 6121 6162 
7222 4362 4364 5325 
7223 164 165 5313 
7224 168 169 3370 
7225 5415 5826 5827 
7226 165 166 3400 
7227 4321 5269 6109 
7228 5646 5250 5848 
7229 5582 4923 6210 
7230 5569 4990 5724 
7231 5827 3774 5984 
7232 4990 5570 5878 
7233 4989 5382 6147 
7234 4652 3741 6275 
7235 5300 5298 5335 
7236 6238 3638 6242 
7237 5319 5320 6263 
7238 5237 5236 6342 
7239 4027 5539 5716 
7240 5044 4704 5334 
7241 5317 4727 5318 
7242 3967 5309 5747 
7243 5539 4027 5724 
7244 37 3351 5437 
7245 5760 6192 6218 
7246 3676 5728 6235 
7247 5864 5225 6289 
7248 4985 5739 6282 
7249 5384 5080 5538 
7250 5309 5218 5747 
7251 4027 5569 5724 
7252 165 3400 5313 
7253 5539 5258 5716 
7254 21 3392 5290 
7255 5257 4057 6066 
7256 6014 5585 6041 
7257 5415 5827 5984 
7258 4059 5384 5538 
7259 5410 4020 6092 
7260 3961 5558 6086 
7261 4065 6014 6041 
7262 5319 6263 6266 
7263 5044 5334 5993 
7264 31 32 5322 
7265 4024 5259 5878 
7266 5258 4061 5716 
7267 4995 5536 6000 
7268 4061 5258 5923 
7269 4721 4531 5534 
7270 5495 6238 6242 
7271 111 3398 5294 
7272 4055 5272 5338 
7273 4207 6093 6112 
7274 4934 4749 6271 
7275 4991 5444 6082 
7276 5333 4704 6079 
7277 3349 164 5313 
7278 150 3361 5301 
7279 5259 4024 5879 
7280 5593 4868 6106 
7281 5422 3991 6118 
7282 5003 4765 5677 
7283 185 186 5254 
7284 3992 3948 5476 
7285 60 61 3364 
7286 5304 4522 5689 
7287 3899 3902 5450 
7288 42 43 3366 
7289 21 22 3392 
7290 155 156 5331 
7291 5012 5344 5957 
7292 5278 3386 5279 
7293 5497 5499 5679 
7294 6289 5225 6296 
7295 5261 5584 5969 
7296 150 151 3361 
7297 4522 5304 5324 
7298 186 187 3377 
7299 5965 4030 6180 
7300 5504 5505 5506 
7301 5251 131 5252 
7302 3431 4989 5437 
7303 3946 4055 5476 
7304 5325 5343 5920 
7305 5272 4055 5422 
7306 3767 5541 6281 
7307 117 3383 5328 
7308 3363 25 5330 
7309 5284 152 5285 
7310 3378 97 5275 
7311 5062 5549 5550 
7312 5321 3680 5536 
7313 3962 3965 5558 
7314 186 3377 5254 
7315 5923 5293 5963 
7316 5321 5627 5730 
7317 5550 4009 5605 
7318 3403 91 5353 
7319 5301 3361 5302 
7320 4661 5062 5550 
7321 6090 5578 6217 
7322 3958 3961 5605 
7323 4219 5220 6265 
7324 4793 5261 5969 
7325 57 58 3394 
7326 5482 5003 5677 
7327 34 35 3406 
7328 4756 5424 5426 
7329 3680 5321 5730 
7330 3589 3591 5552 
7331 116 117 5328 
7332 5627 4292 5730 
7333 4061 5923 5963 
7334 3708 5340 5551 
7335 5712 5084 6187 
7336 4411 5424 5935 
7337 147 148 3396 
7338 6245 5217 6320 
7339 3394 58 5291 
7340 5326 4989 6147 
7341 4038 4273 6258 
7342 3353 5246 5247 
7343 4923 5239 6210 
7344 3530 5585 6014 
7345 4435 5409 6203 
7346 92 3354 5353 
7347 3404 95 5270 
7348 4993 5550 5605 
7349 4543 5371 6026 
7350 27 3385 5329 
7351 3349 5313 5314 
7352 5260 5259 5879 
7353 5291 59 5292 
7354 3351 3430 3431 
7355 5309 3967 6248 
7356 152 153 5285 
7357 183 184 5246 
7358 5286 3384 5287 
7359 5536 3680 6000 
7360 4725 5554 5660 
7361 4989 5326 5437 
7362 5039 5241 5848 
7363 4696 5370 5938 
7364 4025 5293 6006 
7365 5541 3767 6283 
7366 3707 5652 6124 
7367 153 154 3384 
7368 5250 5037 5848 
7369 5924 5426 5996 
7370 3354 5244 5245 
7371 3377 187 5298 
7372 4857 5412 6181 
7373 63 64 3387 
7374 3961 3962 5558 
7375 189 190 3388 
7376 3395 130 5251 
7377 4756 5426 5924 
7378 59 60 5292 
7379 5549 5062 5980 
7380 5525 4695 6111 
7381 4162 5951 5956 
7382 4646 5311 5312 
7383 3902 5416 5450 
7384 5446 4821 6159 
7385 94 95 3404 
7386 5307 4405 5415 
7387 5605 3961 6086 
7388 6160 5104 6310 
7389 6066 3676 6070 
7390 4364 4522 5325 
7391 3353 183 5246 
7392 4419 5885 6162 
7393 93 94 5244 
7394 23 24 5306 
7395 5370 5066 5938 
7396 5344 4022 5957 
7397 5424 4756 5935 
7398 151 152 5284 
7399 5267 5809 6134 
7400 5257 6066 6070 
7401 5342 4736 5498 
7402 4681 5924 5996 
7403 6192 5568 6218 
7404 5951 5303 5956 
7405 184 185 3399 
7406 5415 4405 5826 
7407 3593 3595 5906 
7408 4676 4674 5877 
7409 3965 5557 5558 
7410 3392 22 5305 
7411 3767 6281 6298 
7412 3892 4047 6216 
7413 5763 4321 6109 
7414 3404 5270 5271 
7415 5294 3398 5295 
7416 6107 4987 6295 
7417 6040 4932 6256 
7418 3591 3708 5552 
7419 5260 5879 5965 
7420 27 28 3385 
7421 5293 4025 5963 
7422 4695 5343 6111 
7423 5066 5370 6080 
7424 5392 6198 6227 
7425 126 127 5773 
7426 4405 5307 5786 
7427 3698 5342 5498 
7428 99 100 3386 
7429 3890 3885 6060 
7430 5339 4288 5341 
7431 4727 5317 5554 
7432 4999 5529 5533 
7433 3901 3899 5450 
7434 6189 4036 6191 
7435 3708 5551 5552 
7436 5305 23 5306 
7437 4999 5000 5529 
7438 5084 6189 6191 
7439 5762 3611 6141 
7440 5109 5529 5530 
7441 4288 4394 5341 
7442 6139 3692 6143 
7443 5499 4510 5679 
7444 5008 5567 5568 
7445 3354 93 5244 
7446 3774 5390 5984 
7447 5303 3889 5993 
7448 3889 5824 5993 
7449 5966 4991 6239 
7450 5336 3388 5337 
7451 5549 5980 6051 
7452 5005 5004 5567 
7453 5331 3401 5332 
7454 6006 5056 6022 
7455 4159 5646 5848 
7456 58 59 5291 
7457 3889 5303 5951 
7458 4868 5699 6106 
7459 160 161 3410 
7460 4452 4627 5400 
7461 5371 5052 6026 
7462 3815 5786 5876 
7463 4212 5350 5607 
7464 5397 4491 5399 
7465 5637 4811 5778 
7466 5786 5307 5876 
7467 5341 4394 5361 
7468 4722 5309 5310 
7469 5003 5482 5713 
7470 5416 3902 5674 
7471 3570 3575 5632 
7472 5594 5593 6106 
7473 4765 4767 5677 
7474 3361 151 5284 
7475 5358 4411 5935 
7476 3652 3614 6211 
7477 4531 4999 5534 
7478 5 83 3419 
7479 4037 5228 6107 
7480 26 5329 5330 
7481 3815 5327 5957 
7482 5980 5418 6051 
7483 3542 3695 5553 
7484 5273 3378 5274 
7485 5418 4885 6176 
7486 4362 5325 5920 
7487 5284 5285 5289 
7488 96 97 3378 
7489 5010 5647 5913 
7490 3695 5348 5553 
7491 5636 5637 5778 
7492 5352 4800 5904 
7493 3430 3429 5214 
7494 3768 5831 6301 
7495 4049 3656 6198 
7496 5400 4627 5401 
7497 5327 3815 5876 
7498 5233 4652 6275 
7499 5335 3388 5336 
7500 3611 3612 6232 
7501 3837 3835 5428 
7502 4409 4411 5358 
7503 84 85 3379 
7504 33 34 5690 
7505 130 131 5251 
7506 5542 6292 6299 
7507 5559 5352 5904 
7508 5278 5279 5280 
7509 5554 4045 5660 
7510 95 96 5270 
7511 5497 5498 5499 
7512 4025 6006 6022 
7513 5113 5640 6294 
7514 5286 5287 5288 
7515 4357 5590 5695 
7516 3650 5707 6227 
7517 5043 5652 6139 
7518 4736 4992 5498 
7519 5009 5485 6027 
7520 6266 3706 6284 
7521 4059 3615 6155 
7522 127 128 3352 
7523 5478 5479 6123 
7524 5647 4778 5913 
7525 5327 5012 5957 
7526 5326 36 5437 
7527 4725 4727 5554 
7528 4095 5575 5820 
7529 25 26 5330 
7530 189 3388 5335 
7531 156 3401 5331 
7532 4377 4380 5413 
7533 4544 5351 5575 
7534 3377 5298 5299 
7535 4522 5324 5325 
7536 4657 5268 6162 
7537 5060 5580 5603 
7538 5652 5043 6124 
7539 26 27 5329 
7540 5644 4063 6036 
7541 4696 5357 5661 
7542 5272 5422 6118 
7543 188 189 5335 
7544 5346 3569 5632 
7545 3826 3828 5566 
7546 5166 4951 5175 
7547 4865 5609 6038 
7548 5532 4237 6165 
7549 4288 5339 5632 
7550 5380 4676 5877 
7551 3722 5535 6193 
7552 4674 4681 5877 
7553 4168 6188 6194 
7554 3597 3599 5737 
7555 5342 3698 5500 
7556 5557 3965 5601 
7557 5269 6048 6109 
7558 5425 3866 5427 
7559 3781 3780 5378 
7560 5340 3708 5906 
7561 5383 5011 5930 
7562 6087 3736 6236 
7563 4952 4718 6080 
7564 3750 5411 5412 
7565 4509 5231 6305 
7566 5603 5602 6010 
7567 4491 5397 5413 
7568 4703 5304 6079 
7569 5575 5351 5820 
7570 5280 5279 5281 
7571 5392 4049 6198 
7572 4641 5160 5377 
7573 77 78 5262 
7574 5008 5005 5567 
7575 4334 4948 5511 
7576 5429 5428 5812 
7577 5351 4544 5941 
7578 4817 5383 5930 
7579 4891 5382 5983 
7580 5345 5001 5494 
7581 5361 5051 5744 
7582 73 74 3350 
7583 5027 5416 5674 
7584 5552 4995 6000 
7585 5260 5965 6180 
7586 4064 5915 6074 
7587 3704 5910 6047 
7588 24 25 3363 
7589 187 188 5298 
7590 5707 4996 6171 
7591 3708 3593 5906 
7592 3722 5368 5977 
7593 3403 5353 5354 
7594 5001 5345 5606 
7595 4380 4491 5413 
7596 4728 5685 6130 
7597 3866 3837 5428 
7598 5341 5361 5744 
7599 3780 4015 5378 
7600 4529 5471 5489 
7601 5382 4891 6147 
7602 5051 5361 5363 
7603 3720 5485 5649 
7604 5311 3963 6300 
7605 5496 4771 5768 
7606 4771 5496 5639 
7607 4572 4891 5983 
7608 4737 5219 6288 
7609 5043 6139 6143 
7610 4422 4403 5494 
7611 4641 5159 5160 
7612 35 36 5326 
7613 4379 5396 5493 
7614 6091 5594 6106 
7615 3540 3542 5553 
7616 6170 5629 6172 
7617 5580 5060 5901 
7618 3866 5425 5474 
7619 3569 5346 5915 
7620 5604 4063 5631 
7621 6093 5534 6112 
7622 5010 5913 5914 
7623 132 133 3362 
7624 5429 6050 6104 
7625 5147 5172 5204 
7626 4515 4655 6171 
7627 4412 4409 5358 
7628 4515 6170 6172 
7629 117 118 3383 
7630 5008 5568 6192 
7631 4678 4676 5380 
7632 4501 4635 5389 
7633 3699 3722 5977 
7634 6048 4973 6109 
7635 5604 5631 5649 
7636 5927 3945 6157 
7637 3679 5403 5751 
7638 5379 3777 5745 
7639 5429 5812 6050 
7640 5505 4977 6230 
7641 5357 4696 5938 
7642 3595 4212 5906 
7643 5631 3720 5649 
7644 149 150 5301 
7645 3575 4288 5632 
7646 6020 4878 6113 
7647 5004 5566 5567 
7648 4611 4608 5414 
7649 3569 3570 5632 
7650 4352 4354 5525 
7651 5364 4626 5365 
7652 5172 4611 5414 
7653 135 136 3382 
7654 4970 4971 4972 
7655 5359 4888 5975 
7656 4337 4215 5473 
7657 4340 4626 5364 
7658 5396 4379 5413 
7659 5157 5441 5442 
7660 5390 3774 5858 
7661 5463 4961 5464 
7662 5388 4010 5844 
7663 3750 3740 5411 
7664 3982 3949 6120 
7665 5500 4050 5743 
7666 4811 5637 5859 
7667 3828 4035 5566 
7668 4379 4377 5413 
7669 19 20 3358 
7670 5350 4212 5737 
7671 114 115 3365 
7672 3890 5856 5887 
7673 5590 4754 5695 
7674 5399 4491 5400 
7675 5352 5010 5914 
7676 5479 3577 6123 
7677 5434 5435 5436 
7678 4153 4237 6156 
7679 5450 5042 6092 
7680 4339 4501 5389 
7681 5428 3835 5812 
7682 5376 4222 5659 
7683 5384 4059 6155 
7684 5348 3695 5778 
7685 4055 5338 5476 
7686 3695 5636 5778 
7687 5457 4884 5458 
7688 3867 3907 5472 
7689 5342 5500 5743 
7690 5267 6134 6243 
7691 3589 5552 6000 
7692 3407 126 5773 
7693 4491 4452 5400 
7694 5051 5363 5834 
7695 3888 5002 5912 
7696 5003 5713 5852 
7697 4972 5189 5205 
7698 5427 3866 5428 
7699 6216 5226 6312 
7700 5364 5365 5366 
7701 5081 4690 5419 
7702 4856 4982 6297 
7703 4460 4884 5457 
7704 5449 3982 6120 
7705 4700 4071 5420 
7706 4601 5140 5169 
7707 4681 5996 6104 
7708 5035 5250 5410 
7709 4934 5759 6273 
7710 5433 4506 6052 
7711 5017 5018 6078 
7712 5535 5093 6193 
7713 5856 5017 5887 
7714 5921 4231 5978 
7715 4710 5118 5589 
7716 4357 5589 5590 
7717 5453 3826 5566 
7718 5485 3720 6027 
7719 4403 5345 5494 
7720 109 110 3357 
7721 5387 4339 5389 
7722 3766 3781 5372 
7723 3557 3577 6131 
7724 5390 5389 5867 
7725 4314 4593 4665 
7726 4948 5202 5928 
7727 4203 5487 5757 
7728 5626 5546 5802 
7729 4250 4313 4314 
7730 5016 4710 5589 
7731 22 23 5305 
7732 3944 3942 5422 
7733 5627 5098 6100 
7734 4256 4475 4477 
7735 4212 3597 5737 
7736 158 159 3371 
7737 157 158 5373 
7738 6285 4433 6290 
7739 4210 4261 5375 
7740 4881 5380 5381 
7741 5014 5379 5745 
7742 5633 5581 5925 
7743 5482 3938 5713 
7744 5000 4777 6095 
7745 4057 3635 6066 
7746 5001 4379 5493 
7747 55 56 3355 
7748 4629 4666 4667 
7749 4045 5554 5835 
7750 6100 5098 6114 
7751 6204 3819 6250 
7752 3771 3812 5432 
7753 5406 3778 5407 
7754 4682 4678 5380 
7755 6275 3730 6298 
7756 4264 4220 5763 
7757 6019 5624 6096 
7758 5856 3890 6060 
7759 4617 4503 4629 
7760 5029 5042 5416 
7761 5148 4617 5149 
7762 5866 5376 5892 
7763 4215 4026 5473 
7764 5530 5532 6165 
7765 4911 4909 6187 
7766 5403 3679 5709 
7767 4972 4973 5189 
7768 4374 4376 5606 
7769 3841 3839 5474 
7770 4972 4971 4973 
7771 4354 4695 5525 
7772 127 3352 5773 
7773 3818 5559 5904 
7774 4212 5607 5906 
7775 4544 4543 6026 
7776 4800 5352 5914 
7777 4216 4339 5387 
7778 3896 4310 5434 
7779 5713 4010 5852 
7780 5461 4352 5525 
7781 4010 3934 5844 
7782 5430 5659 5865 
7783 4099 5386 5581 
7784 4723 4422 5494 
7785 4683 4880 5512 
7786 3599 3679 5737 
7787 3641 5866 5892 
7788 5157 4599 5441 
7789 4599 4495 5441 
7790 4667 5146 5439 
7791 5434 4310 5435 
7792 5060 5603 6010 
7793 4314 4313 4593 
7794 5159 4639 5469 
7795 3769 3782 5858 
7796 3888 5912 5959 
7797 3999 4001 5661 
7798 5420 4045 5835 
7799 5543 3701 5546 
7800 5496 4099 5639 
7801 6050 5381 6104 
7802 3884 3881 6011 
7803 4257 4340 4341 
7804 4629 4503 4666 
7805 4210 4260 4261 
7806 5145 5176 5198 
7807 4071 4018 5420 
7808 4250 4314 4983 
7809 5320 3684 6263 
7810 4608 4607 5414 
7811 5471 5472 5489 
7812 4014 4046 5451 
7813 5386 4099 5496 
7814 4317 4318 5454 
7815 4585 4333 5417 
7816 4639 4636 5469 
7817 5169 5140 5192 
7818 5357 3999 5661 
7819 5546 3701 5802 
7820 5032 5035 5410 
7821 4055 3944 5422 
7822 4070 4255 4256 
7823 5002 5471 5893 
7824 4598 4597 4823 
7825 4063 5604 6036 
7826 3777 5379 5746 
7827 5404 4896 5405 
7828 5587 5362 5782 
7829 4261 4260 4342 
7830 5487 4758 5757 
7831 5416 5042 5450 
7832 4380 4452 4491 
7833 5397 5396 5413 
7834 3839 3866 5474 
7835 4771 4095 5820 
7836 5398 5397 5399 
7837 5574 4388 5599 
7838 5029 5030 5032 
7839 4740 4738 5443 
7840 45 46 3381 
7841 5395 3884 6011 
7842 4395 4298 5623 
7843 4318 4441 5454 
7844 5027 5028 5029 
7845 5153 5454 5700 
7846 5927 5446 6159 
7847 4343 4342 4607 
7848 4823 4597 5056 
7849 163 164 3349 
7850 5037 5036 5038 
7851 3704 5452 5587 
7852 4312 4592 5394 
7853 4951 4718 4952 
7854 5004 4382 5453 
7855 4824 4823 4825 
7856 4456 4875 5431 
7857 3756 3778 5406 
7858 4607 5145 5414 
7859 4691 4896 5404 
7860 4881 4682 5380 
7861 145 146 3356 
7862 5035 5033 5036 
7863 4041 4014 5451 
7864 3431 3430 3432 
7865 4167 5626 5802 
7866 4216 4338 4339 
7867 4504 4718 4951 
7868 4220 4321 5763 
7869 5959 5047 5997 
7870 5975 4854 6065 
7871 4880 4682 4881 
7872 4696 4256 5370 
7873 5176 4615 5928 
7874 4953 4473 5501 
7875 5065 5433 6052 
7876 4885 4484 5448 
7877 5035 5036 5037 
7878 4045 4006 5660 
7879 4826 4825 4827 
7880 5588 5016 5589 
7881 3868 3867 5472 
7882 5032 5030 5033 
7883 5659 4222 5865 
7884 4826 4827 4828 
7885 3393 5322 5323 
7886 4343 4609 5555 
7887 4880 4881 5090 
7888 5609 3745 6038 
7889 4612 5147 5565 
7890 3966 3969 5601 
7891 5032 5033 5035 
7892 5608 5509 5619 
7893 3942 3991 5422 
7894 4885 5448 5449 
7895 4572 4890 4891 
7896 4339 4500 4501 
7897 4828 4827 4829 
7898 4867 5623 5624 
7899 4690 4687 5419 
7900 4341 4340 5364 
7901 3811 3771 5432 
7902 5247 5246 5248 
7903 3766 3780 3781 
7904 4501 4633 4634 
7905 5999 4304 6077 
7906 5411 5408 5412 
7907 5561 5015 5562 
7908 3925 3927 5421 
7909 4261 4343 5555 
7910 5138 4743 5139 
7911 5042 5032 5410 
7912 4070 4256 4696 
7913 5029 5028 5030 
7914 5180 4947 5181 
7915 5506 5505 6013 
7916 3740 3748 5411 
7917 4502 4412 4503 
7918 3774 3769 5858 
7919 4208 4210 5375 
7920 5768 4771 5820 
7921 5314 5313 5315 
7922 3858 4352 5461 
7923 5361 4394 5362 
7924 3659 3658 5563 
7925 3728 5444 5966 
7926 5737 3679 5751 
7927 5375 4261 5555 
7928 4828 4829 4830 
7929 5180 5181 5182 
7930 4069 5608 5619 
7931 4261 4342 4343 
7932 3823 3826 5453 
7933 3664 4712 5468 
7934 3700 3691 5900 
7935 4888 5359 5987 
7936 4933 5520 5523 
7937 5577 5681 5857 
7938 3894 3896 5434 
7939 5125 4768 5465 
7940 5619 5510 5621 
7941 3878 5481 5676 
7942 5481 5119 5676 
7943 4807 5150 5932 
7944 4667 4669 5146 
7945 5339 5346 5632 
7946 5027 5029 5416 
7947 4900 6090 6217 
7948 3756 3766 3778 
7949 4888 4566 5975 
7950 4050 5468 5671 
7951 4605 4487 4606 
7952 3778 3766 5372 
7953 4376 4375 4377 
7954 4484 4468 5448 
7955 5472 3907 5489 
7956 3602 3600 5598 
7957 5387 5389 5390 
7958 4634 4633 4975 
7959 4598 4823 4824 
7960 4612 4611 5147 
7961 4824 4825 4826 
7962 3558 3745 6023 
7963 5139 5397 5398 
7964 4605 4606 4631 
7965 4787 4785 5843 
7966 5271 5270 5273 
7967 4838 4961 5463 
7968 3732 3750 5444 
7969 5390 5867 5984 
7970 4237 5532 6156 
7971 4610 4608 4611 
7972 4256 4255 4475 
7973 5498 4992 5499 
7974 5029 5032 5042 
7975 6190 4168 6194 
7976 4050 5671 5743 
7977 5362 4394 5782 
7978 3828 3827 3829 
7979 4221 4265 5817 
7980 3853 3850 5517 
7981 4827 4825 5293 
7982 4501 4500 4633 
7983 3823 3825 3826 
7984 4597 4337 5473 
7985 4388 5574 5598 
7986 5139 5396 5397 
7987 5885 4895 6162 
7988 5025 5027 5674 
7989 4267 4807 5678 
7990 4343 4607 4608 
7991 4376 5001 5606 
7992 4043 4324 5489 
7993 4015 4250 5378 
7994 4836 5463 5480 
7995 5564 5421 5606 
7996 4222 5376 5866 
7997 5147 4611 5172 
7998 5002 5893 5912 
7999 5406 5408 5411 
8000 5531 6110 6209 
8001 4214 4216 5387 
8002 4486 4487 4605 
8003 4000 3998 5685 
8004 3982 5449 6144 
8005 3888 5959 5997 
8006 5445 4821 5446 
8007 5056 5473 6024 
8008 4157 3841 5474 
8009 5507 5509 5793 
8010 5039 5038 5040 
8011 5452 5362 5587 
8012 4004 4023 4070 
8013 5417 4333 5635 
8014 4312 4591 4592 
8015 4409 4407 4411 
8016 3758 4048 5475 
8017 4382 3822 5453 
8018 4835 4833 5724 
8019 4758 5447 5583 
8020 4830 4829 4831 
8021 3826 3825 3827 
8022 4238 4280 5455 
8023 4495 4494 5441 
8024 5522 5100 5625 
8025 4667 4666 4668 
8026 4462 4460 5457 
8027 5589 5118 5590 
8028 3748 3756 5406 
8029 5528 5016 5588 
8030 5345 5564 5606 
8031 3721 3717 5486 
8032 5430 3653 5681 
8033 5441 4966 5442 
8034 4486 4484 4487 
8035 3925 5421 5564 
8036 4339 4338 4500 
8037 4046 3811 5432 
8038 5947 4029 5973 
8039 4437 4361 5523 
8040 3826 3827 3828 
8041 4256 4477 5370 
8042 4694 4691 5404 
8043 5011 5487 5930 
8044 5408 5407 5409 
8045 6251 5725 6269 
8046 3903 3901 3904 
8047 4374 3981 4375 
8048 4970 4482 4971 
8049 4724 4743 5138 
8050 4624 4623 4841 
8051 5518 5522 5625 
8052 4420 5459 5460 
8053 4629 4667 5439 
8054 4324 4529 5489 
8055 3663 3666 5484 
8056 4685 4683 5512 
8057 4374 4375 4376 
8058 3900 3899 3901 
8059 3930 3981 4374 
8060 4487 4885 5418 
8061 5406 5407 5408 
8062 4830 4831 4832 
8063 5105 4709 5106 
8064 5447 4758 5487 
8065 34 3406 5690 
8066 3965 3966 5601 
8067 4502 4503 4617 
8068 4210 4259 4260 
8069 4241 4240 4242 
8070 5037 5038 5039 
8071 3898 3897 3899 
8072 4468 5445 5448 
8073 5581 5386 5925 
8074 3375 33 5690 
8075 5063 4614 5565 
8076 5443 4738 5597 
8077 6022 5056 6024 
8078 4607 4615 5145 
8079 4043 4323 4324 
8080 4867 4395 5623 
8081 5070 5873 5936 
8082 161 162 5347 
8083 4467 4466 4468 
8084 3665 3664 5468 
8085 3818 3820 5559 
8086 4458 4456 5431 
8087 4643 5540 5541 
8088 4070 4696 5661 
8089 5423 4157 5474 
8090 5580 5579 5603 
8091 5304 5689 6079 
8092 3801 4024 5570 
8093 4229 4312 5394 
8094 4047 5434 5436 
8095 4262 4242 4263 
8096 4709 4585 5417 
8097 4886 4569 5478 
8098 4896 4690 5081 
8099 5156 4599 5157 
8100 3598 3596 5610 
8101 3907 4043 5489 
8102 3927 3930 5421 
8103 4687 4685 5419 
8104 3806 4051 5578 
8105 4010 5388 5852 
8106 4466 4821 5445 
8107 4494 4966 5441 
8108 3721 5486 5503 
8109 4724 4723 4743 
8110 3644 3640 5622 
8111 4634 4975 5469 
8112 5683 6114 6179 
8113 3969 4208 5601 
8114 5459 4420 5595 
8115 3840 3842 5513 
8116 4594 4317 5454 
8117 3732 3740 3750 
8118 4014 3811 4046 
8119 4691 4690 4896 
8120 3822 3823 5453 
8121 3830 3829 3831 
8122 3755 3735 5503 
8123 4834 4836 5480 
8124 3885 3884 6060 
8125 4643 4442 5540 
8126 3561 3569 5915 
8127 5004 5453 5566 
8128 3949 3950 3951 
8129 4407 4157 5423 
8130 5015 5561 5654 
8131 3898 3899 3900 
8132 4483 4468 4484 
8133 4610 4611 4612 
8134 3998 4166 5685 
8135 5470 3868 5472 
8136 4411 5423 5424 
8137 4575 5151 5664 
8138 5509 5608 5793 
8139 3653 5430 5865 
8140 4238 4071 4280 
8141 3770 3758 5475 
8142 4494 4496 4966 
8143 3748 5406 5411 
8144 3951 3952 3953 
8145 4032 4071 4238 
8146 3900 3901 3903 
8147 4324 4323 4494 
8148 4483 4484 4486 
8149 5425 5423 5474 
8150 4298 4420 5623 
8151 4247 4058 5635 
8152 3828 3829 3830 
8153 5555 4609 5556 
8154 5419 4685 5512 
8155 5015 5014 5745 
8156 4501 4634 4635 
8157 5681 3653 5857 
8158 5140 4602 5986 
8159 5219 4735 5515 
8160 4624 4841 5111 
8161 4693 4694 4950 
8162 3842 3845 5513 
8163 4070 4023 4255 
8164 3896 3897 3898 
8165 5220 4221 5817 
8166 5152 4594 5153 
8167 4503 4412 5358 
8168 4926 4764 5495 
8169 4689 4687 4690 
8170 4693 4691 4694 
8171 4240 4238 5455 
8172 4168 3786 5490 
8173 4351 4213 5825 
8174 4485 4575 5664 
8175 66 67 3413 
8176 4411 4407 5423 
8177 3977 3974 5524 
8178 4303 3822 4382 
8179 4047 3894 5434 
8180 4616 5130 5185 
8181 4365 5518 5625 
8182 5040 5038 5438 
8183 3894 3895 3896 
8184 5383 4817 5948 
8185 3406 35 5326 
8186 4317 4263 4318 
8187 4596 4597 4598 
8188 4636 4634 5469 
8189 5325 5324 5343 
8190 5579 4125 5603 
8191 3600 4388 5598 
8192 4008 4006 4045 
8193 5368 5369 5977 
8194 4768 4766 5465 
8195 5910 5369 6047 
8196 5023 5025 5079 
8197 3808 3806 5578 
8198 4262 4263 4317 
8199 3577 5479 6131 
8200 4504 4951 5166 
8201 4975 5203 5206 
8202 3850 3852 5517 
8203 4333 4247 5635 
8204 4357 4353 5588 
8205 4466 4464 4821 
8206 4689 4690 4691 
8207 4838 4840 4961 
8208 3601 3603 5709 
8209 4241 4242 4262 
8210 4785 4788 5843 
8211 4721 5534 6093 
8212 5139 4743 5396 
8213 5074 5921 5978 
8214 4032 4018 4071 
8215 5520 4437 5523 
8216 4609 4608 4610 
8217 4948 4960 5202 
8218 3735 3721 5503 
8219 4433 5739 6290 
8220 4683 4682 4880 
8221 4596 4337 4597 
8222 4530 4495 4599 
8223 3892 3894 4047 
8224 3896 3895 3897 
8225 5562 5015 5745 
8226 5618 5403 5709 
8227 3666 5814 5818 
8228 3692 3619 5537 
8229 3915 3916 3917 
8230 5471 4529 5893 
8231 5035 5037 5250 
8232 4465 4464 4466 
8233 3903 3904 3905 
8234 5038 5142 5438 
8235 5027 5026 5028 
8236 5299 5298 5300 
8237 4318 4439 4440 
8238 4467 4468 4483 
8239 4744 3644 5622 
8240 4482 4264 5763 
8241 4569 4382 4570 
8242 4974 4791 5168 
8243 4377 4378 4380 
8244 5648 4779 5649 
8245 3855 3858 5461 
8246 4001 4004 5661 
8247 4468 4466 5445 
8248 4641 4639 5159 
8249 3822 3821 3823 
8250 4229 5394 5950 
8251 3596 3709 5610 
8252 3728 3732 5444 
8253 4592 4591 4949 
8254 3870 3868 5470 
8255 3726 3711 5617 
8256 32 3375 5322 
8257 3947 3948 3949 
8258 4324 4494 4495 
8259 3953 3954 3956 
8260 4239 4238 4240 
8261 4361 4360 5523 
8262 5240 4744 5628 
8263 5599 5610 5611 
8264 4646 5312 5933 
8265 4832 4833 4834 
8266 5551 4995 5552 
8267 5375 5557 5601 
8268 3771 3761 3812 
8269 3915 3913 3916 
8270 5061 4614 5063 
8271 3698 3688 5500 
8272 3949 3948 3950 
8273 4463 4462 4464 
8274 5454 4441 5700 
8275 4280 4700 4701 
8276 3682 4050 5500 
8277 4572 4573 4890 
8278 5106 4709 5417 
8279 4990 4835 5724 
8280 4120 4124 5721 
8281 4570 4382 5004 
8282 3852 5461 5517 
8283 4239 4240 4241 
8284 4752 5376 5659 
8285 4965 4834 5480 
8286 3662 3659 5563 
8287 4018 4008 5420 
8288 4832 4831 4833 
8289 4355 4357 5695 
8290 4600 4599 5156 
8291 4357 5588 5589 
8292 4606 4487 5418 
8293 3679 3601 5709 
8294 4236 4154 5693 
8295 3605 3602 5598 
8296 3951 3950 3952 
8297 5529 5000 5530 
8298 5507 3760 5508 
8299 5873 4417 5936 
8300 4635 4634 4636 
8301 4744 5622 5628 
8302 4995 4916 5536 
8303 4303 4382 4569 
8304 4043 4251 4323 
8305 4570 5004 5005 
8306 4642 5377 5805 
8307 177 178 3360 
8308 3917 3918 3919 
8309 4031 4018 4032 
8310 3947 3946 3948 
8311 5566 4035 5567 
8312 3717 3716 5486 
8313 4487 4484 4885 
8314 5348 5778 5896 
8315 4914 4995 5551 
8316 5476 5338 5477 
8317 5483 3652 6211 
8318 3985 3984 3986 
8319 4352 4353 4354 
8320 4593 4772 4945 
8321 4440 4439 4935 
8322 4443 4444 4489 
8323 4318 4263 4439 
8324 5497 3698 5498 
8325 4352 3862 4353 
8326 4823 5056 6006 
8327 5915 5346 6074 
8328 5557 5556 5558 
8329 3626 3627 3628 
8330 4836 4838 5463 
8331 5513 5044 5824 
8332 3820 3821 3822 
8333 4440 4935 5540 
8334 5518 4437 5519 
8335 4571 4569 4886 
8336 3688 3682 5500 
8337 3624 3625 3626 
8338 4376 4377 4379 
8339 3626 3625 3627 
8340 5484 3666 5818 
8341 3888 3876 5002 
8342 5145 4615 5176 
8343 4700 5420 5835 
8344 3896 3898 4310 
8345 6144 5446 6157 
8346 4318 4440 4441 
8347 4642 4641 5377 
8348 5946 5620 6030 
8349 5524 5114 5807 
8350 4445 4936 5224 
8351 4735 4733 5515 
8352 4766 4926 5465 
8353 3830 3831 3832 
8354 3980 3983 3984 
8355 3945 3946 3947 
8356 4363 4437 5518 
8357 4651 4902 5618 
8358 5124 4768 5125 
8359 3858 3862 4352 
8360 3945 3944 3946 
8361 3907 4019 4043 
8362 4354 4353 4355 
8363 5421 4374 5606 
8364 3784 3770 5475 
8365 3787 3788 3789 
8366 3938 3936 5713 
8367 4441 4442 4443 
8368 3782 4214 5858 
8369 3905 3904 3906 
8370 4154 4799 5693 
8371 4667 4668 4669 
8372 4902 5403 5618 
8373 3931 3933 5514 
8374 4442 4440 5540 
8375 4834 4835 4836 
8376 3784 5475 5490 
8377 4260 4334 5511 
8378 3810 3808 3908 
8379 4473 4471 5501 
8380 4836 4837 4838 
8381 3797 3799 5569 
8382 3820 3822 4303 
8383 4638 4636 4639 
8384 3624 3623 3625 
8385 3905 4308 5770 
8386 4764 4762 5495 
8387 5038 5036 5142 
8388 3783 3770 3784 
8389 4095 4096 5575 
8390 4168 5490 6188 
8391 3664 3662 4052 
8392 3693 3698 5497 
8393 5072 6042 6045 
8394 3640 3637 5622 
8395 5555 5556 5557 
8396 3786 3784 5490 
8397 3976 3977 3978 
8398 4037 4102 5228 
8399 4188 5583 5729 
8400 4884 4458 5431 
8401 6070 3676 6235 
8402 3978 3979 3980 
8403 3738 3735 3746 
8404 4939 4654 4942 
8405 4353 3862 5588 
8406 4726 4306 4728 
8407 4898 4423 5048 
8408 3789 3788 3790 
8409 3730 3721 3735 
8410 3974 3973 5524 
8411 3942 3940 3991 
8412 3991 5677 6118 
8413 4008 4045 5420 
8414 3787 3786 3788 
8415 4465 4466 4467 
8416 5006 5005 5007 
8417 5103 4709 5105 
8418 4571 4886 5010 
8419 4622 4623 4624 
8420 3852 3855 5461 
8421 3880 3882 4037 
8422 3664 4052 4712 
8423 3946 3944 4055 
8424 5583 5447 5729 
8425 3940 3938 5482 
8426 3716 3729 4387 
8427 4208 4209 4210 
8428 4460 4458 4884 
8429 4701 4702 5087 
8430 3509 3760 5507 
8431 5452 3704 6047 
8432 3766 3765 3780 
8433 5569 3799 5570 
8434 3498 4069 5940 
8435 4250 4249 4313 
8436 4340 4485 4626 
8437 3619 3617 5537 
8438 3643 3640 3644 
8439 5088 5318 5319 
8440 3869 4534 5616 
8441 4832 4834 4965 
8442 5424 5423 5425 
8443 4280 4071 4700 
8444 4443 4442 4444 
8445 5007 5005 5008 
8446 3660 4234 5597 
8447 3682 3668 4050 
8448 3719 3717 3721 
8449 4354 4355 4356 
8450 5153 4594 5454 
8451 5530 5000 5531 
8452 3713 3712 3716 
8453 4565 4921 5586 
8454 4519 4874 5584 
8455 3628 3627 3629 
8456 3711 3700 5617 
8457 5194 4950 5195 
8458 3914 3913 3915 
8459 4766 4764 4926 
8460 5584 4874 5585 
8461 3789 3790 3791 
8462 3911 3909 3912 
8463 4712 4052 4713 
8464 5562 5745 5788 
8465 3689 3688 3693 
8466 3694 3693 3702 
8467 4039 4159 5653 
8468 4286 4227 5595 
8469 5599 4388 5610 
8470 4441 4440 4442 
8471 3628 3629 3630 
8472 3976 3974 3977 
8473 4015 4249 4250 
8474 4420 5460 5623 
8475 4834 4833 4835 
8476 5567 4035 5568 
8477 3691 3701 5900 
8478 3970 3968 3971 
8479 3859 3857 3860 
8480 3823 3824 3825 
8481 3703 3702 3712 
8482 5553 5009 6027 
8483 4388 3598 5610 
8484 3861 3860 3864 
8485 3956 3957 3958 
8486 5517 5461 5525 
8487 3855 3857 3858 
8488 5529 4434 5533 
8489 4444 4442 4643 
8490 4708 4585 4709 
8491 4949 5137 5197 
8492 4126 4125 5579 
8493 5485 5648 5649 
8494 4726 4728 4923 
8495 4767 4766 4768 
8496 4904 4903 4905 
8497 5016 5528 5616 
8498 5745 3777 5788 
8499 3832 3831 3833 
8500 3917 3916 3918 
8501 3941 3940 3942 
8502 4234 4155 4432 
8503 4204 4282 5577 
8504 3617 4059 5537 
8505 5617 3700 5900 
8506 4831 4829 5258 
8507 3699 3710 3722 
8508 3911 3912 3913 
8509 3936 3934 4010 
8510 3953 3952 3954 
8511 3586 5958 6018 
8512 3701 5543 5900 
8513 4688 4687 4689 
8514 4902 4901 4903 
8515 5025 5026 5027 
8516 3660 4155 4234 
8517 4733 5223 5515 
8518 3683 3682 3688 
8519 3710 3724 5535 
8520 3756 3765 3766 
8521 4765 4764 4766 
8522 3858 3859 3862 
8523 4234 5443 5597 
8524 4248 4438 4572 
8525 4461 4460 4462 
8526 5468 4712 5671 
8527 4864 5693 5694 
8528 5369 5910 5977 
8529 3630 3629 3631 
8530 3799 3801 5570 
8531 3873 3878 5676 
8532 5108 4434 5109 
8533 5387 5390 5858 
8534 5549 4009 5550 
8535 4208 5375 5601 
8536 4604 4422 4723 
8537 3622 3623 3624 
8538 4736 4735 4737 
8539 3730 3735 3738 
8540 3930 3931 3981 
8541 4827 5293 5923 
8542 3742 3726 4423 
8543 4726 4923 5582 
8544 4356 4355 4358 
8545 5511 4948 5928 
8546 4387 3729 4509 
8547 3986 3984 3987 
8548 4032 4238 4239 
8549 4576 4423 4898 
8550 3856 5083 5488 
8551 5514 3933 5753 
8552 4534 5016 5616 
8553 3791 3792 3793 
8554 4039 4012 4159 
8555 4030 4062 4257 
8556 4463 4464 4465 
8557 4769 4768 5124 
8558 3669 3668 3682 
8559 4119 4755 5602 
8560 4392 4704 5044 
8561 5056 4597 5473 
8562 5001 5493 5494 
8563 4504 4472 4718 
8564 5537 4059 5538 
8565 4134 4133 4434 
8566 4434 4133 5533 
8567 3775 5572 5573 
8568 4898 5048 5049 
8569 4643 5541 5542 
8570 3658 3656 4049 
8571 3883 3886 5576 
8572 4431 4893 5526 
8573 4737 4735 5219 
8574 3719 3721 3730 
8575 3858 3857 3859 
8576 4420 4286 5595 
8577 5642 5828 5844 
8578 3716 3712 3729 
8579 4968 4594 5152 
8580 5131 4490 5687 
8581 4570 5005 5006 
8582 4651 4901 4902 
8583 4906 4905 4907 
8584 3617 3615 4059 
8585 3943 3944 3945 
8586 5443 4433 6285 
8587 5087 4702 5088 
8588 3930 4374 5421 
8589 4489 4490 4616 
8590 3713 3716 3717 
8591 3865 3864 3867 
8592 5049 5048 5543 
8593 5518 5519 5522 
8594 4359 4358 4360 
8595 4961 4840 5596 
8596 4510 3729 5679 
8597 4356 4358 4359 
8598 4037 3882 4102 
8599 4464 4462 5456 
8600 3785 3786 3787 
8601 4118 4120 5721 
8602 3716 4387 5486 
8603 4423 3726 5617 
8604 3862 3859 5528 
8605 3880 4037 5481 
8606 4710 4535 5117 
8607 4714 4713 4715 
8608 3514 3513 3515 
8609 4762 4924 5495 
8610 5507 5508 5509 
8611 4902 4903 4904 
8612 3693 3688 3698 
8613 3848 3853 5761 
8614 3878 3880 5481 
8615 4712 4713 4714 
8616 4833 5539 5724 
8617 4363 4361 4437 
8618 5573 5572 5574 
8619 4124 5613 5721 
8620 5560 5562 5655 
8621 4472 4253 5718 
8622 4936 4446 5830 
8623 4082 4099 5581 
8624 4710 5117 5118 
8625 4918 5321 5536 
8626 3788 3786 4168 
8627 3791 3790 3792 
8628 5424 5425 5426 
8629 3746 3735 3755 
8630 5726 6167 6169 
8631 3845 4392 5513 
8632 3919 3918 3920 
8633 3775 3607 5572 
8634 4112 4110 5748 
8635 4651 4900 4901 
8636 4779 5604 5649 
8637 5530 5531 5532 
8638 3943 3942 3944 
8639 4360 4367 4578 
8640 3668 3665 5468 
8641 3702 3693 5497 
8642 3729 3712 5679 
8643 4334 4621 4948 
8644 4359 4360 4361 
8645 4791 4787 5843 
8646 5491 5034 5492 
8647 3607 3605 5572 
8648 5610 3709 5611 
8649 3912 3909 5704 
8650 3970 3971 3972 
8651 3661 3663 5484 
8652 3859 3860 3861 
8653 4117 6019 6096 
8654 4132 4131 4133 
8655 4392 4703 4704 
8656 4578 4586 4929 
8657 5427 5428 5429 
8658 3986 3988 5723 
8659 4614 4612 5565 
8660 4734 4733 4735 
8661 5361 5362 5363 
8662 3939 3938 3940 
8663 4362 4361 4363 
8664 4471 4472 4504 
8665 4822 5086 5971 
8666 3637 3635 4057 
8667 4110 4150 5748 
8668 5456 4462 5457 
8669 4701 4700 4702 
8670 3785 3784 3786 
8671 3795 3796 3797 
8672 4406 4157 4407 
8673 4733 4716 5223 
8674 5109 4434 5529 
8675 4836 4835 4837 
8676 5611 3709 5612 
8677 4578 4929 4933 
8678 5224 4936 5225 
8679 3609 3607 3775 
8680 3703 3712 3713 
8681 3873 3870 3876 
8682 5595 4225 5719 
8683 4714 4715 4716 
8684 4914 4916 4995 
8685 3683 3688 3689 
8686 5654 5561 5742 
8687 47 48 5462 
8688 3689 3693 3694 
8689 3694 3702 3703 
8690 3903 3905 5770 
8691 4303 4569 4571 
8692 3869 3872 4534 
8693 3956 3958 4009 
8694 3972 3973 3974 
8695 4481 4317 4594 
8696 3603 4233 5709 
8697 3859 3861 5528 
8698 3702 5497 5679 
8699 3909 3908 5704 
8700 4099 4084 5639 
8701 4271 4246 4864 
8702 3654 4738 4739 
8703 4234 4432 4433 
8704 4752 4773 5376 
8705 4904 4905 4906 
8706 3512 3511 3513 
8707 3677 3704 5587 
8708 3833 3831 3863 
8709 4569 4570 5478 
8710 4912 4914 5551 
8711 4918 4920 5321 
8712 3622 3621 3623 
8713 4763 4762 4764 
8714 5531 5000 6095 
8715 3813 3772 3815 
8716 4143 3952 5758 
8717 4100 4543 4544 
8718 4907 4905 5440 
8719 4906 4907 4908 
8720 4125 5602 5603 
8721 3749 3746 3754 
8722 4916 4918 5536 
8723 3793 3794 3795 
8724 4534 3872 4535 
8725 5519 5520 5521 
8726 3620 3619 3621 
8727 3937 3936 3938 
8728 4365 4363 5518 
8729 4080 5581 5633 
8730 4134 4434 5108 
8731 4305 4580 5701 
8732 4529 4495 4530 
8733 4732 4716 4733 
8734 4822 4879 5086 
8735 5459 5595 5719 
8736 4179 4758 5583 
8737 4489 4444 4490 
8738 4227 4225 5595 
8739 4534 4535 4710 
8740 4096 4100 5575 
8741 4124 4140 5613 
8742 4048 3744 5683 
8743 4254 4253 4471 
8744 3618 3617 3619 
8745 4494 4323 4496 
8746 4364 4363 4365 
8747 4408 4407 4409 
8748 3514 4759 5650 
8749 3620 3621 3622 
8750 3869 3870 3872 
8751 4479 4266 5091 
8752 5179 4947 5180 
8753 5662 5854 5882 
8754 3795 3797 4027 
8755 3820 3819 3821 
8756 3919 3920 3921 
8757 4368 4365 5625 
8758 4689 4691 4693 
8759 5509 5508 5510 
8760 3642 3640 3643 
8761 4080 4082 5581 
8762 4130 4129 4131 
8763 4131 4129 4207 
8764 3934 3932 5844 
8765 3839 3837 3866 
8766 4069 5619 5620 
8767 4265 4445 5817 
8768 4908 4909 4910 
8769 5807 5114 5839 
8770 4084 4086 5639 
8771 4762 4720 4924 
8772 4736 4737 4992 
8773 5693 4799 5694 
8774 3900 3903 4309 
8775 4607 4342 4615 
8776 4543 5101 5371 
8777 3801 3803 4024 
8778 5340 4912 5551 
8779 3759 3754 3761 
8780 4125 4121 5602 
8781 4471 4253 4472 
8782 4720 4565 5586 
8783 3516 3515 3517 
8784 4282 4514 5577 
8785 4841 4623 5970 
8786 5049 5543 5544 
8787 3669 3682 3683 
8788 5021 5022 5023 
8789 3975 3974 3976 
8790 4355 4353 4357 
8791 4977 4506 5433 
8792 3660 3661 4155 
8793 3876 3870 5470 
8794 3609 3775 4425 
8795 3621 3619 3692 
8796 3618 3619 3620 
8797 3758 3744 4048 
8798 3927 3929 3930 
8799 3740 3747 3748 
8800 3978 3977 3979 
8801 4377 4375 4378 
8802 4999 5533 5534 
8803 3722 3710 5535 
8804 4306 4000 5685 
8805 3973 4142 4391 
8806 4432 4730 5739 
8807 4159 4012 5646 
8808 4188 4183 5583 
8809 4521 4519 5584 
8810 3677 3686 3704 
8811 3862 5528 5588 
8812 3894 3893 3895 
8813 5613 4553 5614 
8814 4921 4922 5483 
8815 4403 3993 5345 
8816 4517 4305 5701 
8817 4354 4356 4695 
8818 5162 4632 5177 
8819 3855 3856 3857 
8820 4392 5044 5513 
8821 4908 4907 4909 
8822 5592 5593 5594 
8823 4418 5669 5691 
8824 4604 4723 4724 
8825 5379 5072 6045 
8826 3527 3528 3529 
8827 3908 3808 5578 
8828 4362 4363 4364 
8829 4565 4564 4921 
8830 5669 4846 5691 
8831 5478 5006 5479 
8832 3507 3509 5507 
8833 5702 4800 5914 
8834 4092 4095 4771 
8835 4193 5766 5774 
8836 4370 4231 4371 
8837 4910 4912 5340 
8838 3525 3526 3527 
8839 3968 3967 5747 
8840 4519 4520 4874 
8841 4121 4119 5602 
8842 4132 4133 4134 
8843 4431 4450 4893 
8844 4739 4738 4740 
8845 4854 5011 5383 
8846 3509 3512 3760 
8847 3663 3662 3664 
8848 3815 3772 5786 
8849 3845 4141 4392 
8850 4974 5168 5200 
8851 3980 3979 3983 
8852 4366 4365 4368 
8853 3772 3763 5786 
8854 3818 3819 3820 
8855 3980 3984 3985 
8856 4432 4155 4729 
8857 4250 4983 5378 
8858 4492 4473 4953 
8859 3867 3874 3907 
8860 3972 3971 3973 
8861 5509 5510 5619 
8862 3797 3798 3799 
8863 4024 3803 5879 
8864 5256 4521 5261 
8865 4734 4735 4736 
8866 4204 5577 5857 
8867 4348 4350 4553 
8868 3834 3833 3835 
8869 4140 4348 5613 
8870 4391 4142 4981 
8871 4360 4358 4367 
8872 3760 3512 5650 
8873 4128 4126 4129 
8874 4456 4454 4875 
8875 3695 3544 5636 
8876 3570 3574 3575 
8877 3639 3637 3640 
8878 3674 3677 5587 
8879 3941 3942 3943 
8880 4130 4131 4132 
8881 4185 4198 5658 
8882 4874 4520 5099 
8883 4929 4586 4930 
8884 4183 4179 5583 
8885 4360 4578 5523 
8886 4530 4599 4600 
8887 3663 3665 3666 
8888 3793 3792 3794 
8889 4302 4295 4560 
8890 3523 3525 4065 
8891 4002 4000 4306 
8892 4143 5758 5759 
8893 4921 4564 4922 
8894 4765 4766 4767 
8895 3518 3517 3519 
8896 3973 4391 5524 
8897 4924 4720 5586 
8898 4767 4768 4769 
8899 3848 3850 3853 
8900 4246 4236 5693 
8901 4302 4560 4566 
8902 5544 5543 5546 
8903 3748 3753 3756 
8904 4391 4981 5113 
8905 4207 5579 5580 
8906 3952 3950 5758 
8907 4578 4367 4586 
8908 5321 4920 5627 
8909 3512 3513 3514 
8910 4050 3668 5468 
8911 3692 5537 6183 
8912 3950 3948 3992 
8913 4233 4283 4307 
8914 3523 3524 3525 
8915 3991 3940 5482 
8916 4123 4121 4125 
8917 5519 4437 5520 
8918 5602 4755 6010 
8919 4713 4052 4717 
8920 4224 4295 4302 
8921 4443 4489 4620 
8922 4455 4470 5600 
8923 4635 4636 4637 
8924 4727 4726 5582 
8925 4181 4185 5658 
8926 4359 4361 4362 
8927 4519 4368 4520 
8928 3600 3598 4388 
8929 4391 5113 5114 
8930 4514 4533 4746 
8931 5261 4521 5584 
8932 4348 4553 5613 
8933 3536 3537 3538 
8934 4663 5012 5327 
8935 3514 3515 3516 
8936 3561 3565 3569 
8937 4027 3797 5569 
8938 4372 4371 4564 
8939 3523 4065 5615 
8940 3649 3654 5731 
8941 4092 4093 4095 
8942 4224 4191 4295 
8943 5319 5318 5320 
8944 4017 4008 4018 
8945 4831 5258 5539 
8946 3783 3784 3785 
8947 3939 3940 3941 
8948 4077 4080 5633 
8949 4364 4365 4366 
8950 4698 4517 4699 
8951 4877 4566 4888 
8952 3614 3613 3615 
8953 3793 3795 5716 
8954 4560 4561 4854 
8955 3521 3519 5615 
8956 4061 3793 5716 
8957 3832 3833 3834 
8958 4119 4116 4755 
8959 4285 4227 4286 
8960 4366 4368 4369 
8961 4453 4455 5600 
8962 3509 3511 3512 
8963 3544 3547 5636 
8964 4833 4831 5539 
8965 3636 3635 3637 
8966 3738 3746 3749 
8967 4032 4239 5795 
8968 4725 4306 4726 
8969 4638 4639 4640 
8970 4745 3521 5615 
8971 4100 4101 4543 
8972 4196 4195 5643 
8973 4230 4795 5662 
8974 4622 4335 4623 
8975 3500 3502 5608 
8976 5048 4423 5617 
8977 3532 3521 3533 
8978 3536 3535 3537 
8979 4293 4418 5643 
8980 3609 4425 5638 
8981 3616 3617 3618 
8982 3865 3869 5616 
8983 4086 4092 5639 
8984 4307 4651 5618 
8985 4369 4368 4519 
8986 5293 4825 6006 
8987 176 177 5360 
8988 4369 4519 4521 
8989 4514 4532 4533 
8990 4763 4764 4765 
8991 4526 4779 5648 
8992 4750 4752 5659 
8993 3648 3649 5731 
8994 3498 3499 3500 
8995 4459 4458 4460 
8996 4571 5352 5559 
8997 3745 5609 6023 
8998 3956 3954 3957 
8999 4187 4183 4188 
9000 4654 4351 5825 
9001 4461 4462 4463 
9002 4739 4740 4741 
9003 4128 4129 4130 
9004 5766 4781 5774 
9005 5623 5460 5624 
9006 3547 3554 4064 
9007 3575 3576 3670 
9008 3828 3830 4035 
9009 3906 3904 4020 
9010 4391 5114 5524 
9011 5099 4520 5100 
9012 4769 5124 5126 
9013 4795 4796 5070 
9014 5560 5561 5562 
9015 4082 4084 4099 
9016 4935 4439 5232 
9017 3534 3535 3536 
9018 3935 3934 3936 
9019 3928 3926 4231 
9020 3953 3956 5548 
9021 4129 4126 5579 
9022 4196 5643 5682 
9023 4370 4371 4372 
9024 3657 3660 5597 
9025 3906 4020 5646 
9026 3515 3513 5560 
9027 5572 3605 5598 
9028 3616 3615 3617 
9029 4175 4181 5657 
9030 4640 4639 4641 
9031 3512 3514 5650 
9032 4025 3789 5963 
9033 3985 3986 5055 
9034 3575 3574 3576 
9035 3797 3796 3798 
9036 3834 3835 3836 
9037 4392 4141 4703 
9038 5778 4811 5896 
9039 3532 3533 3534 
9040 3795 3794 3796 
9041 4758 4177 5757 
9042 4189 4188 4191 
9043 4195 4293 5643 
9044 4389 5633 5925 
9045 4523 4521 5256 
9046 4761 4720 4762 
9047 4732 4733 4734 
9048 3877 3876 3888 
9049 4293 4416 4418 
9050 4564 4371 5591 
9051 4490 4444 5687 
9052 4680 4678 4682 
9053 4100 4544 5575 
9054 4838 4839 4840 
9055 5554 5317 5835 
9056 4527 4526 5648 
9057 4742 4566 4877 
9058 5010 4886 5647 
9059 5458 6173 6182 
9060 3485 4073 5645 
9061 3516 3517 3518 
9062 3519 3523 5615 
9063 3988 3994 5723 
9064 4999 4777 5000 
9065 5088 5317 5318 
9066 5880 6201 6207 
9067 4321 4218 5653 
9068 5877 4681 6104 
9069 4832 4965 5571 
9070 3667 3668 3669 
9071 3710 3711 3724 
9072 5350 4908 5607 
9073 4910 4911 4912 
9074 3780 3817 4015 
9075 4637 4636 4638 
9076 3878 3879 3880 
9077 3892 3893 3894 
9078 4385 4094 5656 
9079 4192 4191 4224 
9080 4910 4909 4911 
9081 3536 3538 3720 
9082 4181 4184 4185 
9083 4748 4750 5430 
9084 5033 5030 5034 
9085 4343 4608 4609 
9086 4493 4499 4822 
9087 4571 5010 5352 
9088 4714 4716 4732 
9089 4856 4741 4982 
9090 3500 3501 3502 
9091 3792 3790 4036 
9092 3810 3908 3909 
9093 4004 4070 5661 
9094 4202 4201 5670 
9095 4207 5580 6093 
9096 4287 4286 4298 
9097 5072 4559 5666 
9098 4576 4898 4994 
9099 5113 4981 5640 
9100 5023 5024 5025 
9101 4094 4090 5656 
9102 4372 4564 4565 
9103 4821 4464 5456 
9104 4514 4746 5577 
9105 5855 5055 5899 
9106 3535 3533 5680 
9107 4331 4770 5651 
9108 4807 4808 5150 
9109 4912 4913 4914 
9110 4920 5098 5627 
9111 4981 5218 5308 
9112 3536 3720 5631 
9113 5592 3707 5593 
9114 4307 4283 4649 
9115 4559 5663 5666 
9116 3534 3533 3535 
9117 3699 3700 3710 
9118 3742 4423 4576 
9119 3951 3953 4056 
9120 4073 4389 5645 
9121 4123 4125 4126 
9122 4175 4180 4181 
9123 3569 3565 3570 
9124 5548 4009 5549 
9125 4560 4295 4561 
9126 3518 3519 3521 
9127 3589 3590 3591 
9128 4738 3655 5597 
9129 4432 4729 4730 
9130 4703 4797 5304 
9131 3518 3521 3532 
9132 3515 5560 5655 
9133 4155 3661 5484 
9134 3861 3864 3865 
9135 4179 4177 4758 
9136 4981 5308 5640 
9137 5725 3566 5801 
9138 4192 4224 4225 
9139 4233 4307 5618 
9140 4282 4513 4514 
9141 4285 4286 4287 
9142 3575 3670 4288 
9143 3956 4009 5548 
9144 4302 4566 4742 
9145 4559 4556 5663 
9146 4563 4562 5665 
9147 3534 3536 5631 
9148 3627 3625 3707 
9149 5528 3861 5616 
9150 4080 4081 4082 
9151 5117 4535 5119 
9152 4746 4747 4748 
9153 4096 4098 4100 
9154 4187 4188 4189 
9155 4859 4563 5665 
9156 4975 4633 5203 
9157 3562 3558 3563 
9158 4073 4075 4389 
9159 4428 4395 4867 
9160 4854 4561 5011 
9161 4587 5132 5133 
9162 4092 4771 5639 
9163 5657 4181 5658 
9164 4966 4496 4967 
9165 4555 4556 4557 
9166 4557 4559 5014 
9167 3526 3777 5746 
9168 3562 3563 3567 
9169 3872 3870 3873 
9170 3937 3938 3939 
9171 4298 4286 4420 
9172 3589 3588 3590 
9173 4441 4443 5700 
9174 4922 4564 5591 
9175 3606 3605 3607 
9176 3608 3607 3609 
9177 3657 3656 3658 
9178 3696 3714 4158 
9179 4082 4083 4084 
9180 4350 4349 4515 
9181 4201 4297 5670 
9182 4555 4202 4556 
9183 5850 4953 5851 
9184 5033 5034 5491 
9185 4389 4075 5633 
9186 4225 4224 5719 
9187 4284 4227 4285 
9188 3483 3485 5645 
9189 4759 3516 5644 
9190 4012 3906 5646 
9191 4418 4802 5669 
9192 3585 3586 3587 
9193 4556 4202 5670 
9194 4287 4298 4299 
9195 4418 4416 4802 
9196 4855 4741 4856 
9197 3519 3520 3523 
9198 3557 3558 3562 
9199 3646 3644 4744 
9200 3973 3971 4142 
9201 4299 4298 4395 
9202 4910 5340 5607 
9203 3552 4401 5675 
9204 3581 3582 3583 
9205 4307 4650 4651 
9206 4578 4933 5523 
9207 4759 5644 6036 
9208 5014 5072 5379 
9209 3547 4064 5636 
9210 3986 3987 3988 
9211 3612 3614 3652 
9212 4077 4079 4080 
9213 4531 4291 4777 
9214 4547 4882 4883 
9215 5389 4635 5867 
9216 4897 4649 5266 
9217 4651 4650 4900 
9218 3513 3511 4054 
9219 3591 3590 3592 
9220 3616 3618 4068 
9221 3718 3717 3719 
9222 3899 3897 3902 
9223 5560 4054 5561 
9224 4348 4349 4350 
9225 4801 4551 5046 
9226 4752 4753 4773 
9227 5772 6005 6016 
9228 3533 3521 4745 
9229 3587 3588 3589 
9230 5643 4418 5691 
9231 4570 5006 5478 
9232 5373 3371 5374 
9233 3494 3496 3498 
9234 3581 3580 3582 
9235 3614 3615 3616 
9236 4189 4191 4192 
9237 4725 4726 4727 
9238 4819 4846 5078 
9239 4838 4837 4839 
9240 3528 3526 5746 
9241 4185 4195 4196 
9242 4220 4218 4321 
9243 5070 4796 5071 
9244 3529 3531 3548 
9245 3561 3564 3565 
9246 4095 4093 4096 
9247 4551 4385 5656 
9248 3556 3552 5675 
9249 4080 4079 4081 
9250 4230 4424 4795 
9251 5002 5470 5471 
9252 3533 4745 5680 
9253 3799 3800 3801 
9254 4023 4005 5907 
9255 4116 4112 5748 
9256 4757 4563 4858 
9257 4863 4862 5303 
9258 5666 4865 6038 
9259 3513 4054 5560 
9260 3744 3737 5683 
9261 4181 4180 4184 
9262 4404 4887 4928 
9263 3654 4739 5731 
9264 5636 4064 5637 
9265 4226 4225 4227 
9266 4302 4742 5719 
9267 5663 4556 5670 
9268 5854 4558 5882 
9269 5887 5017 6078 
9270 5046 5656 5727 
9271 3567 3568 3571 
9272 5002 3876 5470 
9273 4207 4129 5579 
9274 4201 4199 4296 
9275 4805 4527 5648 
9276 4739 4741 4855 
9277 4742 4877 4878 
9278 4819 4760 4846 
9279 3480 3478 3481 
9280 3498 3500 4069 
9281 3517 3515 5655 
9282 3674 5587 5782 
9283 4543 4101 5101 
9284 4493 4822 5855 
9285 5014 4559 5072 
9286 4562 4819 5665 
9287 3514 3516 4759 
9288 3567 3563 3568 
9289 3696 4158 5796 
9290 4086 4089 4092 
9291 4185 4184 4195 
9292 4746 4533 4747 
9293 4761 4762 4763 
9294 4795 5070 5854 
9295 4849 4848 5307 
9296 4914 4915 4916 
9297 5574 5572 5598 
9298 5658 5722 5752 
9299 3529 3548 5672 
9300 5612 3709 5815 
9301 3835 3833 5812 
9302 4075 4077 5633 
9303 4505 4271 4506 
9304 4512 4281 5696 
9305 5046 4551 5656 
9306 4828 4830 4964 
9307 3905 3906 4011 
9308 4011 3906 4012 
9309 4557 4556 4559 
9310 5272 5126 5338 
9311 4052 3662 5563 
9312 4199 4196 5682 
9313 4200 4201 4202 
9314 4297 4562 4563 
9315 4858 4563 4859 
9316 4882 4984 5257 
9317 4920 5097 5098 
9318 5049 5544 5545 
9319 3548 3559 4138 
9320 3579 3572 3580 
9321 4201 4296 4297 
9322 4270 4246 4271 
9323 5009 4805 5485 
9324 4865 4858 5609 
9325 5682 5643 5691 
9326 3637 4057 5622 
9327 4164 4331 5651 
9328 4331 4527 4770 
9329 4444 4643 5687 
9330 4868 4524 5699 
9331 4547 4548 4882 
9332 4942 4654 5825 
9333 4806 4805 5009 
9334 5471 5470 5472 
9335 3749 3754 3759 
9336 4297 4296 4562 
9337 4297 4757 5670 
9338 4533 4532 4646 
9339 4750 4751 4752 
9340 5666 6038 6042 
9341 178 179 5466 
9342 3579 3580 3581 
9343 4082 4081 4083 
9344 4164 4330 4331 
9345 4178 4182 5738 
9346 4561 4295 5729 
9347 4804 4527 4805 
9348 4804 4805 4806 
9349 3542 3544 3695 
9350 3928 4370 5642 
9351 5185 5130 5186 
9352 3613 3610 5638 
9353 4742 5459 5719 
9354 5485 4805 5648 
9355 4906 4908 5350 
9356 4063 3534 5631 
9357 4297 4563 4757 
9358 5620 5619 5621 
9359 5658 4198 5722 
9360 4508 4272 5733 
9361 4552 4551 4801 
9362 4719 4565 4720 
9363 4918 4919 4920 
9364 3558 3556 3745 
9365 3610 3609 5638 
9366 4253 4021 5718 
9367 4087 5692 5703 
9368 4104 4164 5651 
9369 4190 4230 5662 
9370 4546 4385 4551 
9371 4666 4503 5358 
9372 4557 5014 5015 
9373 5592 5594 5728 
9374 3657 3659 3660 
9375 4144 4021 4253 
9376 4069 5620 5940 
9377 4369 4523 5689 
9378 4514 4513 4532 
9379 5663 4865 5666 
9380 3519 3517 3520 
9381 3587 3586 3588 
9382 3629 3627 5592 
9383 4075 4076 4077 
9384 4191 4188 5729 
9385 4331 4526 4527 
9386 4562 4760 4819 
9387 3532 4063 5644 
9388 4173 4175 5657 
9389 4200 4199 4201 
9390 4262 4317 4481 
9391 4326 4539 4540 
9392 4486 4605 5158 
9393 4882 4548 4984 
9394 4916 4917 4918 
9395 5811 5327 5876 
9396 5692 5651 5703 
9397 3633 3631 3676 
9398 3977 5524 5807 
9399 4084 4083 4085 
9400 4562 4296 4760 
9401 4358 4355 5695 
9402 4775 4555 5654 
9403 4601 4602 5140 
9404 5401 4627 5402 
9405 4908 4910 5607 
9406 3532 3534 4063 
9407 3572 3568 5705 
9408 3690 3691 3699 
9409 4198 4196 4199 
9410 4507 4272 4508 
9411 3776 3582 5706 
9412 3947 3949 3982 
9413 4369 4521 4523 
9414 3460 3458 3461 
9415 3690 3699 5977 
9416 5642 4370 5828 
9417 4386 4711 4776 
9418 4846 4760 5691 
9419 3583 3584 3585 
9420 3880 3881 3882 
9421 4198 4199 4200 
9422 4971 4482 5763 
9423 4757 4858 4865 
9424 4757 5663 5670 
9425 5828 5388 5844 
9426 3538 3537 3539 
9427 4244 4236 4246 
9428 4760 5682 5691 
9429 3493 3492 3494 
9430 4140 4347 4348 
9431 4554 4202 4555 
9432 4331 4330 4526 
9433 4446 4587 5830 
9434 4471 4504 5501 
9435 4647 4508 4866 
9436 4770 4527 4804 
9437 4748 4749 4750 
9438 4757 4865 5663 
9439 4509 3729 4510 
9440 4739 4855 5731 
9441 5430 4750 5659 
9442 5651 4770 5703 
9443 4912 4911 4913 
9444 3736 3535 5680 
9445 3544 3546 3547 
9446 3596 3594 3709 
9447 3604 3602 3605 
9448 3661 3659 3662 
9449 3712 3702 5679 
9450 4017 4018 4031 
9451 4092 4089 4093 
9452 4433 4432 5739 
9453 4555 4557 5654 
9454 5577 4746 5681 
9455 3820 4303 5559 
9456 4073 4074 4075 
9457 4077 4076 4078 
9458 4545 4385 4546 
9459 3527 3529 3530 
9460 3554 3560 3561 
9461 4233 3705 4283 
9462 4583 3741 4652 
9463 5348 5009 5553 
9464 4301 3566 5725 
9465 3663 3664 3665 
9466 3872 3873 5676 
9467 4699 4517 5701 
9468 4656 4524 4868 
9469 4658 4895 5107 
9470 5838 3435 6068 
9471 4288 3670 4394 
9472 4147 5073 5840 
9473 4428 4867 4894 
9474 4806 5009 5348 
9475 3480 3481 3482 
9476 3557 3556 3558 
9477 3869 3868 3870 
9478 4324 4495 4529 
9479 4976 4506 4977 
9480 3509 3508 3511 
9481 3538 3539 3540 
9482 4281 4169 5696 
9483 5493 4723 5494 
9484 3551 3555 4066 
9485 3677 3678 3686 
9486 4075 4074 4076 
9487 3491 3492 3493 
9488 3571 3568 3572 
9489 3578 3572 3579 
9490 3582 3580 5706 
9491 3928 4231 4370 
9492 4077 4078 4079 
9493 5837 4106 5872 
9494 4626 4485 5664 
9495 4038 4012 4039 
9496 5066 4472 5718 
9497 4534 4710 5016 
9498 5447 4561 5729 
9499 5230 4978 5231 
9500 3548 3549 3559 
9501 3585 3584 3586 
9502 3671 3673 3674 
9503 3714 3715 3733 
9504 4384 4094 4385 
9505 4272 4205 5733 
9506 4546 4551 4552 
9507 3518 3532 5644 
9508 3666 3665 3667 
9509 4002 4306 4725 
9510 4078 4103 4104 
9511 4186 4183 4187 
9512 4557 5015 5654 
9513 3590 3588 3723 
9514 4078 4076 4103 
9515 4185 4196 4198 
9516 4234 4433 5443 
9517 5072 5666 6042 
9518 3498 3496 3499 
9519 4283 3705 4419 
9520 3799 3798 3800 
9521 3627 3707 5592 
9522 3674 3675 3677 
9523 4104 5651 5692 
9524 4386 4776 5741 
9525 3612 3610 3613 
9526 3661 3662 3663 
9527 4154 4152 4799 
9528 4523 5256 5333 
9529 4540 4862 4863 
9530 4663 5327 5811 
9531 3568 3563 4390 
9532 3829 6067 6101 
9533 4265 4320 4445 
9534 4779 5068 5604 
9535 3486 3484 3487 
9536 4110 4108 4150 
9537 4728 4306 5685 
9538 4637 4638 4848 
9539 4073 4072 4074 
9540 4079 4078 5692 
9541 5106 5417 6043 
9542 3485 4072 4073 
9543 3583 3582 3584 
9544 3732 3739 3740 
9545 3935 3936 3937 
9546 4081 4079 4087 
9547 4326 4325 4539 
9548 4546 4552 4811 
9549 5459 4878 5460 
9550 5621 5510 6005 
9551 3542 3543 3544 
9552 3798 3796 4033 
9553 4078 4104 5692 
9554 4127 4126 4128 
9555 4366 4369 5689 
9556 4996 4744 5240 
9557 3525 3524 3526 
9558 4084 4085 4086 
9559 4216 4336 4338 
9560 5011 5447 5487 
9561 4068 3618 5711 
9562 3667 3665 3668 
9563 4795 4424 4796 
9564 4554 4555 4775 
9565 5088 4702 5317 
9566 4902 4904 5403 
9567 5339 4998 5346 
9568 3568 4390 5705 
9569 4864 4246 5693 
9570 4760 4296 5682 
9571 4526 4528 4779 
9572 3654 3655 4738 
9573 4076 4074 5698 
9574 4138 4325 4326 
9575 4182 4190 5738 
9576 4748 5430 5681 
9577 4844 4931 4932 
9578 4997 4998 5339 
9579 3500 3499 3501 
9580 3570 3573 3574 
9581 3936 4010 5713 
9582 3983 4034 4803 
9583 3537 3535 3736 
9584 3540 3541 3542 
9585 3580 3572 5705 
9586 3584 3582 3776 
9587 3612 3613 3614 
9588 3696 3697 3714 
9589 4195 4197 4293 
9590 4426 4431 5526 
9591 4547 4429 4548 
9592 4708 4709 5103 
9593 3592 3590 5667 
9594 3864 3860 5684 
9595 3905 4011 4308 
9596 5622 4057 5628 
9597 4091 4090 4094 
9598 4345 4657 4658 
9599 5168 4791 5843 
9600 3933 3932 3934 
9601 4383 4094 4384 
9602 4296 4199 5682 
9603 4384 4385 4545 
9604 4396 4429 4547 
9605 4949 4591 5137 
9606 5544 5546 5547 
9607 5613 5614 5721 
9608 3845 3846 4141 
9609 6246 4060 6252 
9610 4777 4291 5750 
9611 4348 4347 4349 
9612 3745 3556 5675 
9613 3981 3931 5514 
9614 4981 4142 5218 
9615 4396 4395 4428 
9616 4164 4329 4330 
9617 4890 4573 4943 
9618 5607 5340 5906 
9619 5055 3986 5723 
9620 4004 4005 4023 
9621 4103 4076 5698 
9622 4182 4179 4183 
9623 4511 4281 4512 
9624 4299 4395 4396 
9625 4520 4368 5625 
9626 4997 4545 4998 
9627 5304 4797 5324 
9628 3624 3626 4060 
9629 3994 4021 4144 
9630 4074 4774 5698 
9631 4088 4085 4090 
9632 4550 4103 5698 
9633 4192 4225 4226 
9634 4200 4202 4554 
9635 3507 5507 5793 
9636 3547 3553 3554 
9637 4074 4072 4774 
9638 4087 4079 5692 
9639 4307 4649 4650 
9640 4742 4878 5459 
9641 3860 3857 5488 
9642 4104 4163 4164 
9643 4190 5662 5738 
9644 4384 4545 4997 
9645 5543 5048 5900 
9646 5363 5362 5452 
9647 3523 3520 3524 
9648 3922 3923 3993 
9649 4698 4699 5093 
9650 3622 3624 5630 
9651 4090 4085 5727 
9652 4100 4098 4101 
9653 4163 4103 4550 
9654 4118 4116 4119 
9655 5722 4814 5752 
9656 3599 3601 3679 
9657 4091 4094 4383 
9658 4224 4302 5719 
9659 4830 4832 5571 
9660 5426 5425 5427 
9661 4111 4113 4114 
9662 4138 4326 4793 
9663 4293 4294 4416 
9664 3555 3556 3557 
9665 3791 3793 4061 
9666 4171 4173 5045 
9667 5698 4774 5765 
9668 3527 3526 3528 
9669 3670 3576 3671 
9670 4658 4657 4895 
9671 4746 4748 5681 
9672 4803 5221 5222 
9673 3634 3633 3635 
9674 4198 4200 5722 
9675 4364 4366 4522 
9676 4714 4732 5671 
9677 4997 5341 5744 
9678 5013 5386 5496 
9679 3511 3508 5673 
9680 4138 3559 4325 
9681 4122 4121 4123 
9682 4287 4299 4430 
9683 4531 4777 4999 
9684 4748 4747 4749 
9685 3630 3631 3632 
9686 3733 3734 3751 
9687 4085 4083 5727 
9688 4295 4191 5729 
9689 4279 4278 4304 
9690 5657 5658 5752 
9691 3608 3609 3610 
9692 3763 4405 5786 
9693 4038 4217 4273 
9694 4088 4090 4091 
9695 4120 4119 4121 
9696 4303 4571 5559 
9697 4305 4304 4580 
9698 3486 3487 3488 
9699 3571 3572 3578 
9700 4277 4149 4278 
9701 4399 4393 4400 
9702 5046 5727 5769 
9703 4069 3500 5608 
9704 3657 3658 3659 
9705 4091 4383 5050 
9706 4096 4093 4097 
9707 4175 4176 4180 
9708 4526 4330 4528 
9709 4997 5339 5341 
9710 4226 4227 4284 
9711 4540 4539 4862 
9712 4610 4612 4613 
9713 4782 4781 4783 
9714 4897 5266 5267 
9715 3551 4066 5777 
9716 3628 3630 3641 
9717 5045 4173 5657 
9718 4615 5511 5928 
9719 4637 4848 4849 
9720 3481 3478 5776 
9721 3691 3687 3701 
9722 3932 3929 5642 
9723 4178 4177 4179 
9724 4826 4828 5527 
9725 3883 3885 3886 
9726 4537 4301 4538 
9727 3486 3488 5686 
9728 3660 3659 3661 
9729 4137 4568 4780 
9730 4914 4913 4915 
9731 3488 3490 3491 
9732 3997 3999 5357 
9733 4445 4446 4936 
9734 4540 4863 4986 
9735 4913 4911 5084 
9736 5547 5546 5626 
9737 3552 3550 4401 
9738 3580 5705 5706 
9739 3991 5482 5677 
9740 4775 5654 5742 
9741 3516 3518 5644 
9742 3860 5488 5684 
9743 4107 4109 4398 
9744 4326 4540 5720 
9745 4345 4344 4657 
9746 4586 4367 4754 
9747 5655 5562 5788 
9748 3969 3968 3970 
9749 4312 4589 4591 
9750 4809 5856 5895 
9751 3606 3607 3608 
9752 3842 3844 3845 
9753 4344 4044 4397 
9754 4081 4087 5769 
9755 4173 4174 4175 
9756 4547 4883 5767 
9757 6167 4553 6169 
9758 5079 5025 5674 
9759 4086 4085 4088 
9760 4104 4103 4163 
9761 4138 4793 5672 
9762 4712 4714 5671 
9763 3540 3539 3541 
9764 4195 4184 4197 
9765 4290 4194 4781 
9766 5011 4561 5447 
9767 3434 3432 3435 
9768 3483 5645 5740 
9769 4007 4006 4008 
9770 4774 4072 5686 
9771 4115 4112 4116 
9772 4799 4152 5715 
9773 4595 4482 4970 
9774 5100 4520 5625 
9775 3491 3490 3492 
9776 3542 3541 3543 
9777 3843 3841 4157 
9778 3920 3918 4044 
9779 3919 3921 3922 
9780 4289 4097 4393 
9781 4507 4508 4647 
9782 4750 4749 4751 
9783 3476 3478 3479 
9784 3529 3528 3531 
9785 5656 4090 5727 
9786 5050 4383 5051 
9787 3460 3461 3462 
9788 3482 3481 4549 
9789 3954 3952 4143 
9790 4755 4116 5748 
9791 4284 4285 4524 
9792 4539 4325 4541 
9793 4743 4723 5493 
9794 4837 4835 4990 
9795 3488 3489 3490 
9796 3646 4744 4996 
9797 3733 3751 3752 
9798 3809 3808 3810 
9799 4515 4349 4655 
9800 4548 4429 5092 
9801 4072 3486 5686 
9802 3544 3543 3546 
9803 3548 4138 5672 
9804 3966 3967 3968 
9805 4096 4097 4098 
9806 3914 3915 4029 
9807 4011 4012 4038 
9808 4550 5698 5765 
9809 5041 5040 5155 
9810 3655 3657 5597 
9811 4204 4281 4282 
9812 3502 3501 3503 
9813 3520 3517 5655 
9814 3590 3723 5667 
9815 3604 3605 3606 
9816 4372 4565 4719 
9817 4399 4400 5755 
9818 3555 3552 3556 
9819 4776 4711 5351 
9820 3646 4996 5707 
9821 4703 4141 4797 
9822 5814 5239 5818 
9823 3625 3623 5652 
9824 3686 3687 3690 
9825 4729 4155 5484 
9826 4474 5855 5899 
9827 4779 4528 5068 
9828 5227 4660 5249 
9829 4774 5686 5764 
9830 3564 3560 3566 
9831 3972 3974 3975 
9832 4481 4594 4968 
9833 3483 3482 3484 
9834 3494 3495 3496 
9835 4172 3522 4203 
9836 3618 3620 5711 
9837 3752 4800 5702 
9838 4404 4697 4887 
9839 3485 3484 3486 
9840 3645 3644 3646 
9841 4554 4775 4814 
9842 5368 4697 5369 
9843 4719 4720 4761 
9844 5180 5182 5183 
9845 3491 3493 5764 
9846 3865 3868 3869 
9847 4130 4132 4135 
9848 4270 4271 4505 
9849 3470 3472 3473 
9850 3485 3486 4072 
9851 5345 3993 5564 
9852 4086 4088 4089 
9853 4111 4112 4113 
9854 4113 4115 4117 
9855 4638 4640 5811 
9856 4920 4919 5097 
9857 3461 3458 5715 
9858 3488 3487 3489 
9859 3969 4053 4208 
9860 4803 4034 5221 
9861 4137 4780 5775 
9862 4164 4163 4329 
9863 3456 3457 3458 
9864 4428 4894 5726 
9865 3465 3464 3466 
9866 3466 3464 3467 
9867 5013 5053 5386 
9868 4105 3489 4106 
9869 3581 3583 4292 
9870 4091 5050 5756 
9871 101 102 5799 
9872 3865 3867 3868 
9873 3971 3968 5747 
9874 4109 4110 4111 
9875 4282 4511 4513 
9876 4396 4428 4429 
9877 3492 3490 5714 
9878 4393 4097 5735 
9879 4285 4287 5699 
9880 6095 3471 6110 
9881 3479 3480 5740 
9882 4088 4091 5756 
9883 4233 5618 5709 
9884 3795 4027 5716 
9885 3920 4044 4211 
9886 4105 4106 4107 
9887 4282 4281 4511 
9888 4814 5860 5916 
9889 4187 4189 4193 
9890 4289 4399 4404 
9891 4031 4032 5795 
9892 4107 4108 4109 
9893 4774 5764 5765 
9894 3466 3468 3469 
9895 4102 3882 5576 
9896 4109 4111 5710 
9897 3497 3495 5057 
9898 3782 3770 3783 
9899 4123 4126 4127 
9900 4176 4174 4177 
9901 4384 4997 5744 
9902 3473 3474 4327 
9903 3738 3749 3767 
9904 3911 3913 3914 
9905 4200 4554 5722 
9906 4849 5307 5415 
9907 3473 4327 4386 
9908 3530 3529 5672 
9909 3643 3644 3645 
9910 4383 4384 5744 
9911 3603 3705 4233 
9912 4293 4197 4294 
9913 4211 4344 4345 
9914 4289 4393 4399 
9915 5052 4328 5067 
9916 4659 4346 4660 
9917 4457 4456 4458 
9918 4540 4986 5720 
9919 4840 4899 5596 
9920 4916 4915 4917 
9921 5231 4978 5785 
9922 3453 3452 3454 
9923 3490 3489 4105 
9924 4325 3559 5688 
9925 4244 4246 4270 
9926 4669 4668 4670 
9927 5058 5837 5872 
9928 3494 3492 3495 
9929 3677 3675 3678 
9930 3856 4165 5083 
9931 5487 4203 5930 
9932 4785 4706 4788 
9933 4724 5138 5190 
9934 4918 4917 4919 
9935 3473 3472 3474 
9936 3873 3876 3877 
9937 4128 4130 5708 
9938 5045 5657 5752 
9939 3585 3587 3680 
9940 4752 4751 4753 
9941 3479 3478 3480 
9942 4038 4039 4217 
9943 4734 4736 5342 
9944 5013 4798 5053 
9945 3950 3992 5758 
9946 5561 4054 5742 
9947 4171 4172 4173 
9948 4219 4221 5220 
9949 4848 4638 5811 
9950 3551 3552 3555 
9951 4033 3796 5712 
9952 4386 4542 4711 
9953 3469 3468 3470 
9954 3548 3531 3549 
9955 3787 3789 4025 
9956 4115 4116 4118 
9957 4524 4285 5699 
9958 4107 4106 4108 
9959 4505 4506 4976 
9960 3583 3585 5730 
9961 4083 4081 5769 
9962 3466 3467 3468 
9963 3480 3482 3483 
9964 3497 5057 5359 
9965 3676 3631 5728 
9966 4111 4114 5710 
9967 4124 4139 4140 
9968 4239 4269 5795 
9969 3488 3491 5686 
9970 3993 3923 5564 
9971 4218 4039 5653 
9972 4279 4304 4305 
9973 4528 4330 5772 
9974 5051 4383 5744 
9975 4400 4393 5798 
9976 5350 5737 5751 
9977 4182 4183 4186 
9978 4118 4119 4120 
9979 4541 4325 5688 
9980 4386 4327 4542 
9981 4542 4327 4798 
9982 4783 4781 5766 
9983 4127 4128 4136 
9984 4149 4147 5840 
9985 4330 4329 5772 
9986 4367 4358 5695 
9987 3733 3715 3734 
9988 4404 4928 5797 
9989 4309 3903 5770 
9990 4173 4172 4174 
9991 4371 4231 5921 
9992 4429 4428 5726 
9993 4492 4953 5850 
9994 5068 4528 5069 
9995 3930 3929 3931 
9996 4176 4177 4178 
9997 4214 4215 4216 
9998 5721 5614 5875 
9999 3480 3483 5740 
10000 4538 4301 5725 
10001 4309 5770 5771 
10002 5222 5221 5393 
10003 4398 4109 5710 
10004 4144 4253 4254 
10005 4178 4179 4182 
10006 4186 4187 5774 
10007 5092 4429 5726 
10008 4542 4798 5013 
10009 5258 4829 5923 
10010 3474 3475 3476 
10011 3476 3477 3478 
10012 3845 3844 3846 
10013 4717 4052 5563 
10014 4549 4812 5058 
10015 4640 4663 5811 
10016 4650 4649 4897 
10017 4732 4734 5743 
10018 5039 5040 5041 
10019 5312 5311 6300 
10020 3470 3471 3472 
10021 3631 3629 5728 
10022 4535 3872 5676 
10023 4730 4731 4988 
10024 3547 3546 3553 
10025 5683 3737 5813 
10026 4006 4003 5660 
10027 4416 4294 4417 
10028 4554 4814 5722 
10029 4887 4697 5368 
10030 3567 3571 4778 
10031 3601 3600 3602 
10032 3988 3990 3994 
10033 4098 4097 4289 
10034 4349 4347 5754 
10035 4404 4399 4697 
10036 4790 4787 4791 
10037 3608 3610 3611 
10038 3632 3631 3633 
10039 4120 4121 4122 
10040 3620 3622 3638 
10041 3836 3835 3837 
10042 3836 3838 3889 
10043 3840 5513 5824 
10044 3966 3964 3967 
10045 4097 4093 5735 
10046 4290 4781 4782 
10047 4624 5111 5112 
10048 4643 5542 5687 
10049 4782 4783 5080 
10050 3448 3450 3451 
10051 3554 3553 3560 
10052 5727 4083 5769 
10053 4525 4869 4870 
10054 3611 3610 3612 
10055 3878 3877 3879 
10056 4054 5673 5742 
10057 4089 4088 5756 
10058 4172 4203 5757 
10059 4175 4174 4176 
10060 4189 4192 5732 
10061 4190 4194 4230 
10062 3624 4060 5630 
10063 4136 4128 5708 
10064 3462 3461 4151 
10065 3474 3472 3475 
10066 4109 4108 4110 
10067 4120 4122 4124 
10068 4206 4414 4415 
10069 4211 4345 5074 
10070 5375 5555 5557 
10071 3474 3476 5736 
10072 3606 3608 5762 
10073 3873 3877 3878 
10074 4140 4346 4347 
10075 5880 4223 6201 
10076 4184 4180 5783 
10077 4396 4547 5767 
10078 4645 4517 4698 
10079 4986 4863 5334 
10080 3861 3865 5616 
10081 4522 4366 5689 
10082 5650 4759 6032 
10083 3463 3462 3464 
10084 3490 4105 5714 
10085 4579 4538 5120 
10086 3458 3457 5715 
10087 3469 3470 5741 
10088 3626 3628 5697 
10089 4230 4290 4424 
10090 4572 4438 4573 
10091 3608 3611 5762 
10092 3649 3647 3650 
10093 3975 3976 4016 
10094 4150 4108 5837 
10095 5831 5133 5832 
10096 4124 4122 4139 
10097 4262 4481 5898 
10098 3470 3468 3471 
10099 3579 3581 5792 
10100 3714 3697 3715 
10101 3796 3794 5712 
10102 3697 3681 4818 
10103 3728 3731 3732 
10104 3807 3809 4030 
10105 4093 4089 5735 
10106 4793 4326 5720 
10107 4769 5126 5272 
10108 5075 5947 5973 
10109 3478 3477 5776 
10110 3483 3484 3485 
10111 5608 3502 5793 
10112 3843 4157 4406 
10113 5769 4087 5841 
10114 4111 4110 4112 
10115 4182 4186 4190 
10116 4327 3474 5736 
10117 4549 3481 4794 
10118 5057 3495 5714 
10119 3561 3560 3564 
10120 3806 3804 4051 
10121 4113 4112 4115 
10122 4294 4197 4558 
10123 4287 4430 5699 
10124 4532 4513 4722 
10125 4794 3481 5776 
10126 5686 3491 5764 
10127 3857 3856 5488 
10128 4232 3987 5861 
10129 4123 4127 5784 
10130 4158 5702 5914 
10131 5013 5496 5768 
10132 3553 3546 4160 
10133 3779 3771 3811 
10134 5119 4535 5676 
10135 4932 4931 5217 
10136 3456 3455 3457 
10137 3496 3495 3497 
10138 3713 3717 3718 
10139 4718 4472 5066 
10140 5834 5363 5995 
10141 3451 3452 3453 
10142 3752 3751 3763 
10143 4373 4291 4531 
10144 4299 4396 5767 
10145 3762 3761 3771 
10146 3983 3979 4034 
10147 3994 3995 4021 
10148 4801 5046 5841 
10149 3655 3656 3657 
10150 4394 3670 5782 
10151 4197 4184 5783 
10152 4430 4299 5767 
10153 5645 4389 5911 
10154 4796 4424 5085 
10155 4906 5350 5751 
10156 3566 3560 5801 
10157 3502 3503 3504 
10158 4013 3811 4014 
10159 3882 3883 5576 
10160 4230 4194 4290 
10161 4659 4660 5227 
10162 3463 3464 3465 
10163 3554 3561 5915 
10164 4300 3566 4301 
10165 4180 4176 5780 
10166 4190 4186 4194 
10167 4763 4765 5003 
10168 3463 3465 4137 
10169 3655 3651 3656 
10170 4187 4193 5774 
10171 3487 3484 5781 
10172 3508 3510 5673 
10173 3910 3909 3911 
10174 3933 3934 3935 
10175 4204 4169 4281 
10176 4782 5080 5096 
10177 4870 4869 4871 
10178 3551 3550 3552 
10179 4192 4226 5732 
10180 4697 4399 5755 
10181 4445 5224 5817 
10182 3454 3455 3456 
10183 4359 4362 5920 
10184 3710 3700 3711 
10185 3917 3919 5886 
10186 5369 4697 5755 
10187 4786 4789 5047 
10188 5403 4904 5751 
10189 3460 3462 3463 
10190 3880 3879 3881 
10191 3987 3984 5861 
10192 4130 4135 5708 
10193 4177 4174 5757 
10194 4467 4483 4959 
10195 5047 5395 6011 
10196 3718 3719 3741 
10197 4904 4906 5751 
10198 3526 3524 3777 
10199 3674 3673 3675 
10200 4101 4098 5797 
10201 4459 4460 4461 
10202 4655 4349 5754 
10203 4542 5013 5768 
10204 4151 3461 4152 
10205 3707 3625 5652 
10206 4098 4289 5797 
10207 5735 4089 5756 
10208 4400 5798 5834 
10209 4770 4804 5869 
10210 3440 3441 3442 
10211 3549 3550 3551 
10212 3757 3769 3774 
10213 4711 4542 5768 
10214 4917 4915 5385 
10215 3733 3752 5702 
10216 4193 4189 5732 
10217 4781 4194 5774 
10218 4702 4700 5835 
10219 121 122 6029 
10220 4180 5780 5783 
10221 3454 3452 3455 
10222 3570 3565 3573 
10223 4122 4123 5784 
10224 3495 3492 5714 
10225 3507 3508 3509 
10226 3564 3566 4300 
10227 4376 4379 5001 
10228 4410 4409 4412 
10229 4780 4568 5082 
10230 4751 4749 4934 
10231 5096 5080 5384 
10232 3833 3863 5812 
10233 3933 3935 5753 
10234 4734 5342 5743 
10235 3557 3562 3577 
10236 3962 3964 3965 
10237 5069 4528 5772 
10238 4806 5348 5896 
10239 3444 3446 3447 
10240 3457 3455 5064 
10241 3505 3503 3522 
10242 4054 3511 5673 
10243 5054 4136 5243 
10244 4267 4478 4807 
10245 4525 4524 4656 
10246 4659 5227 5242 
10247 4730 4729 4731 
10248 3603 3602 3604 
10249 4804 4806 5888 
10250 4127 4136 5054 
10251 4140 4139 4346 
10252 4582 4979 4980 
10253 5359 5975 6065 
10254 3433 3432 3434 
10255 3501 3499 4817 
10256 3629 5592 5728 
10257 3769 3758 3770 
10258 3923 3921 3924 
10259 4001 4003 4004 
10260 4254 4471 4473 
10261 5396 4743 5493 
10262 3470 3473 5741 
10263 3599 3598 3600 
10264 3887 3891 3892 
10265 3919 3922 5886 
10266 4277 4278 4279 
10267 4869 4656 5043 
10268 3459 3458 3460 
10269 3476 3479 5736 
10270 3543 3541 3545 
10271 3757 3774 5827 
10272 5363 5452 5995 
10273 5888 4806 5896 
10274 4613 4612 4614 
10275 4137 3465 4328 
10276 3752 3764 4800 
10277 3989 3987 4232 
10278 4693 4950 5194 
10279 5059 4813 5060 
10280 3472 3471 5750 
10281 3801 3800 3802 
10282 3988 3987 3989 
10283 4174 4172 5757 
10284 4347 4346 4659 
10285 4754 4367 5695 
10286 4822 4499 4879 
10287 3451 3450 3452 
10288 3477 3475 4291 
10289 4178 5738 5780 
10290 3577 6105 6123 
10291 3846 3848 5761 
10292 4848 5811 5876 
10293 3431 3433 4989 
10294 5733 4205 5808 
10295 4243 4245 4581 
10296 3484 3482 5781 
10297 3714 3733 5702 
10298 3827 3825 3875 
10299 4680 4682 4683 
10300 4171 3522 4172 
10301 3699 3691 3700 
10302 4056 3953 5548 
10303 5218 4142 5747 
10304 4457 4458 4459 
10305 3553 4160 5801 
10306 4142 3971 5747 
10307 4127 5054 5784 
10308 3452 3450 5734 
10309 3597 3596 3598 
10310 3929 3928 5642 
10311 4284 4524 4525 
10312 4546 4811 5859 
10313 3686 3690 5910 
10314 4671 4673 4954 
10315 5756 5050 5798 
10316 3998 3996 4166 
10317 4243 4236 4244 
10318 5249 4660 5909 
10319 4812 4813 5059 
10320 4211 4044 4344 
10321 3549 3531 3550 
10322 5067 4328 5787 
10323 4998 4545 5859 
10324 4419 3705 5779 
10325 3922 3993 4402 
10326 4257 4258 4340 
10327 4812 4794 4813 
10328 3856 3854 4165 
10329 3867 3864 3874 
10330 4146 4148 5821 
10331 4955 4488 5134 
10332 5046 5769 5841 
10333 3487 5781 5872 
10334 4402 3993 4403 
10335 4373 4531 4721 
10336 4616 5129 5130 
10337 3639 3640 3642 
10338 3642 3643 4169 
10339 3801 3802 3803 
10340 3882 3881 3883 
10341 4529 4530 5893 
10342 4582 4245 4978 
10343 4537 4538 4579 
10344 4060 3626 5697 
10345 3636 3637 3639 
10346 4248 4572 5983 
10347 5735 5756 5798 
10348 3559 3549 5777 
10349 3836 3837 3838 
10350 3958 3959 3961 
10351 4153 4235 4237 
10352 4465 4467 5717 
10353 5671 4732 5743 
10354 4152 3461 5715 
10355 3465 3466 5787 
10356 3476 3475 3477 
10357 5673 3510 5860 
10358 4798 4327 5736 
10359 5082 5999 6077 
10360 3466 3469 5787 
10361 3686 3678 3687 
10362 5381 5380 5877 
10363 3620 3638 5711 
10364 3671 3674 5782 
10365 3802 3800 4223 
10366 4406 4407 4408 
10367 4455 4457 4470 
10368 4719 4761 5388 
10369 4558 4197 5783 
10370 4244 4270 5785 
10371 5089 4976 5213 
10372 5101 4101 5823 
10373 4424 4290 5790 
10374 4979 4978 5230 
10375 4996 5240 6170 
10376 3440 3442 3443 
10377 3578 3681 3696 
10378 3592 5667 5815 
10379 3763 3751 4405 
10380 4137 4328 4568 
10381 4194 4186 5774 
10382 4536 4301 4537 
10383 4505 4976 5089 
10384 3456 3458 3459 
10385 3477 4291 4373 
10386 3647 3646 5707 
10387 3697 4818 5813 
10388 3504 3506 3507 
10389 3670 3671 5782 
10390 4147 4145 5073 
10391 4229 4311 4312 
10392 4775 5742 5860 
10393 4235 4154 4236 
10394 4525 4656 4869 
10395 3473 4386 5741 
10396 3855 3854 3856 
10397 4176 4178 5780 
10398 4616 4490 5129 
10399 3524 3520 5788 
10400 3777 3524 5788 
10401 5798 5050 5834 
10402 3591 3592 3593 
10403 3595 3597 4212 
10404 3634 3635 3636 
10405 4148 4276 5821 
10406 3505 3522 4171 
10407 3685 4843 4844 
10408 3838 3840 5824 
10409 5083 4165 5102 
10410 4260 4259 4334 
10411 4153 4152 4154 
10412 4347 4659 5754 
10413 4711 5768 5820 
10414 3443 3442 3444 
10415 3447 3446 3448 
10416 3578 3696 5796 
10417 4107 4398 5836 
10418 4289 4404 5797 
10419 4549 4794 4812 
10420 6271 5933 6314 
10421 3734 3737 3743 
10422 3504 3503 3505 
10423 3678 3675 4167 
10424 3701 3687 5802 
10425 3546 3543 5794 
10426 3649 3651 3654 
10427 4414 4272 4507 
10428 4568 4328 5052 
10429 3696 3681 3697 
10430 3650 3647 5707 
10431 4141 3846 5761 
10432 4516 4305 4517 
10433 4659 5242 5754 
10434 3477 4373 5776 
10435 3585 3680 5730 
10436 3931 3932 3933 
10437 4274 4518 4847 
10438 4415 4414 5065 
10439 4443 4620 5700 
10440 5742 5673 5860 
10441 3482 4549 5781 
10442 4862 4539 5760 
10443 4988 4731 5238 
10444 3838 3839 3840 
10445 4695 4356 5920 
10446 4525 4870 5800 
10447 3459 3460 5775 
10448 3520 5655 5788 
10449 3832 3834 4162 
10450 4239 4241 4269 
10451 4290 4782 5790 
10452 4729 5484 5818 
10453 3460 3463 5775 
10454 3475 3472 5750 
10455 3560 3553 5801 
10456 4660 4346 5853 
10457 3581 4292 5792 
10458 3502 3504 5793 
10459 5688 3559 5777 
10460 3965 3964 3966 
10461 3667 3669 3684 
10462 4319 4264 4482 
10463 5091 4266 5947 
10464 4828 4964 5527 
10465 3840 3841 3842 
10466 4268 4252 4567 
10467 4393 5735 5798 
10468 4206 4205 4272 
10469 4228 4247 4248 
10470 5869 4804 5888 
10471 3434 3435 3436 
10472 4158 3714 5702 
10473 4539 4541 5760 
10474 4292 3583 5730 
10475 3813 3815 5957 
10476 3852 3854 3855 
10477 3571 3578 5796 
10478 4581 4245 4582 
10479 4761 4763 5852 
10480 4203 3522 5833 
10481 3734 3715 3737 
10482 3846 3847 3848 
10483 4217 4039 4218 
10484 3464 3462 5791 
10485 3725 3727 3728 
10486 3883 3881 3884 
10487 3922 3921 3923 
10488 4040 4014 4041 
10489 4413 4412 4502 
10490 4640 4641 4642 
10491 4801 5841 5869 
10492 3962 3963 3964 
10493 4139 4122 5784 
10494 5238 4731 5239 
10495 5830 5133 5831 
10496 3467 3464 5791 
10497 3690 3687 3691 
10498 4436 5127 5128 
10499 4664 4642 5805 
10500 3601 3602 3603 
10501 3645 3646 3647 
10502 4370 4372 5828 
10503 4160 3546 5794 
10504 4034 3979 5807 
10505 4587 5133 5830 
10506 3983 4803 5861 
10507 4809 5017 5856 
10508 3743 3737 3744 
10509 4964 4830 5571 
10510 5268 5266 6121 
10511 3438 3436 3439 
10512 4782 5096 5790 
10513 3603 3604 3705 
10514 4421 4403 4422 
10515 4627 4453 5600 
10516 4507 4647 4648 
10517 5351 4711 5820 
10518 3636 3639 3653 
10519 5085 4424 5790 
10520 3604 3606 5779 
10521 3823 3821 3824 
10522 5317 4702 5835 
10523 3576 3574 5804 
10524 4206 4272 4414 
10525 3463 4137 5775 
10526 3632 3634 4222 
10527 3666 3667 5814 
10528 3764 3763 3772 
10529 4474 4473 4492 
10530 4583 4652 5077 
10531 5854 5070 5936 
10532 3941 3943 3960 
10533 4235 4236 4243 
10534 4582 4978 4979 
10535 4763 5003 5852 
10536 4537 4579 4987 
10537 5620 5621 6030 
10538 3649 3650 3651 
10539 3889 3838 5824 
10540 5714 4105 5836 
10541 4053 5870 5939 
10542 4640 4642 4663 
10543 4686 4687 4688 
10544 4328 3465 5787 
10545 5860 3510 5916 
10546 3851 3871 5902 
10547 5050 5051 5834 
10548 5221 4034 5839 
10549 4549 5058 5781 
10550 4153 4154 4235 
10551 4824 4826 4962 
10552 3565 3564 5847 
10553 4243 4244 4245 
10554 3453 3454 4145 
10555 4797 4141 5761 
10556 4792 4791 4974 
10557 3549 3551 5777 
10558 3599 3600 3601 
10559 3907 3874 4019 
10560 3932 5642 5844 
10561 6188 4919 6194 
10562 3727 3726 3742 
10563 3931 3929 3932 
10564 3970 3972 5870 
10565 4214 5387 5858 
10566 4813 5845 5901 
10567 3892 3891 3893 
10568 4105 4107 5836 
10569 4448 4422 4604 
10570 5018 5020 5021 
10571 4151 4152 4153 
10572 3886 3885 3887 
10573 4087 5703 5841 
10574 4851 4850 5121 
10575 4226 4284 5800 
10576 5047 4789 5395 
10577 3454 3456 5803 
10578 5535 3724 6239 
10579 3504 3505 3506 
10580 3642 4169 4204 
10581 5772 4329 6005 
10582 3742 4576 4644 
10583 3818 3814 3819 
10584 4254 4473 4474 
10585 4474 4492 4493 
10586 5115 4664 5116 
10587 3671 3672 3673 
10588 5388 4761 5852 
10589 5731 4855 5988 
10590 3918 3916 5809 
10591 4067 4205 4206 
10592 4674 4672 4681 
10593 3988 3989 3990 
10594 4114 6020 6113 
10595 4279 4305 4516 
10596 3979 3977 5807 
10597 4101 5797 5823 
10598 3606 5762 5779 
10599 4530 4600 4705 
10600 3591 3593 3708 
10601 3689 3694 3706 
10602 4445 4320 4446 
10603 4380 4381 4452 
10604 4245 4244 5785 
10605 3444 3442 3445 
10606 3709 3594 5815 
10607 4034 5807 5839 
10608 3440 3439 3441 
10609 4291 3475 5750 
10610 4533 4646 5933 
10611 3678 4167 5802 
10612 4292 5627 6100 
10613 4819 5078 5992 
10614 4663 4642 4664 
10615 4840 4889 4899 
10616 5694 4799 5883 
10617 3448 3449 3450 
10618 3450 4067 5734 
10619 5732 4226 5800 
10620 3628 3641 5697 
10621 3645 3647 3648 
10622 3752 3763 3764 
10623 3842 3843 3844 
10624 4844 4843 4931 
10625 3444 3445 3446 
10626 5738 5662 5882 
10627 3846 3844 3847 
10628 4211 5074 5846 
10629 4450 4451 4876 
10630 3595 3594 3596 
10631 4030 3809 4062 
10632 4002 4725 5660 
10633 4007 4008 4017 
10634 4148 4275 4276 
10635 4106 3489 5872 
10636 3578 3579 3681 
10637 5129 4490 5131 
10638 5797 4928 5823 
10639 3573 3565 5847 
10640 3671 3576 3672 
10641 3638 3622 5630 
10642 4029 3915 5973 
10643 3994 4144 5723 
10644 4628 4498 5144 
10645 3574 3573 4156 
10646 4839 4837 5878 
10647 3528 5746 5871 
10648 3887 3885 3890 
10649 3643 3645 5868 
10650 4705 4600 4706 
10651 6032 4759 6036 
10652 5662 4795 5854 
10653 3543 3545 5794 
10654 3632 3633 3634 
10655 5057 5714 5836 
10656 3654 3651 3655 
10657 3455 3452 5734 
10658 4663 4664 5012 
10659 4843 4842 4860 
10660 3838 3837 3839 
10661 3438 3439 3440 
10662 5784 5054 5853 
10663 3705 3604 5779 
10664 3462 4151 5791 
10665 4108 4106 5837 
10666 4275 4149 4277 
10667 5736 3479 5863 
10668 3921 3920 5846 
10669 4300 4301 4536 
10670 3508 3506 3510 
10671 4803 5222 5961 
10672 5021 5020 5022 
10673 3494 3498 5940 
10674 3994 3990 3995 
10675 4278 4149 5840 
10676 4798 5736 5863 
10677 5845 4721 5901 
10678 4837 4990 5878 
10679 4851 5122 5123 
10680 5022 5020 5135 
10681 5781 5058 5872 
10682 4139 5784 5853 
10683 3507 3506 3508 
10684 3757 3744 3758 
10685 4118 5721 5875 
10686 4241 4262 5898 
10687 3883 3884 3885 
10688 4401 3550 5871 
10689 3985 5055 5971 
10690 4816 4815 4850 
10691 4881 5381 6073 
10692 3593 3592 3594 
10693 3724 3711 3725 
10694 3648 3647 3649 
10695 3809 3810 5816 
10696 4978 4245 5785 
10697 4067 3449 4205 
10698 3531 3528 5871 
10699 3807 4030 5965 
10700 3840 3839 3841 
10701 4284 4525 5800 
10702 4545 4546 5859 
10703 3448 3446 3449 
10704 4463 4465 4618 
10705 3935 3955 5753 
10706 4203 5833 5930 
10707 4845 4232 4985 
10708 4516 4517 4645 
10709 5023 5022 5024 
10710 3447 3448 5749 
10711 3927 3926 3928 
10712 4894 4867 6019 
10713 5055 5855 5971 
10714 3431 3432 3433 
10715 3789 3791 5963 
10716 4208 4053 4209 
10717 4809 4810 5017 
10718 3734 3743 5826 
10719 3984 3983 5861 
10720 4115 4118 5875 
10721 4043 4019 4251 
10722 4001 4000 4002 
10723 4516 4645 4857 
10724 4784 4785 4786 
10725 4778 3571 5796 
10726 5752 4814 5916 
10727 3479 5740 5863 
10728 3893 3891 4028 
10729 4206 4415 5897 
10730 5894 4776 5941 
10731 5067 5894 5941 
10732 4855 4856 6007 
10733 3740 3739 3747 
10734 4171 5045 5819 
10735 3504 3507 5793 
10736 3594 3592 5815 
10737 3715 3697 5813 
10738 3927 3928 3929 
10739 4372 4719 5828 
10740 3920 4211 5846 
10741 4053 3970 5870 
10742 4814 4775 5860 
10743 3989 4232 4845 
10744 4731 4729 5818 
10745 4813 4794 5845 
10746 4989 3433 5382 
10747 4210 4209 4259 
10748 3725 3711 3726 
10749 3762 3779 3816 
10750 5841 5703 5869 
10751 3897 3895 5881 
10752 3450 3449 4067 
10753 5382 5934 5983 
10754 4452 4453 4627 
10755 4948 4621 4960 
10756 3848 3849 3850 
10757 4566 4560 5975 
10758 4851 5121 5122 
10759 5556 4609 5905 
10760 4645 4698 4991 
10761 4669 4670 4671 
10762 3675 3673 5822 
10763 3687 3678 5802 
10764 3850 3851 3852 
10765 5241 5041 5269 
10766 4467 4959 5717 
10767 4784 4706 4785 
10768 5259 4839 5878 
10769 3630 3632 5866 
10770 3966 3968 3969 
10771 3997 5357 5890 
10772 4613 4661 4993 
10773 3448 3451 5749 
10774 5064 3455 5734 
10775 3923 3925 5564 
10776 4217 4218 4219 
10777 4670 4668 4756 
10778 3748 3747 3753 
10779 6149 5085 6152 
10780 4146 5821 5842 
10781 6051 5418 6176 
10782 3597 3598 3599 
10783 4222 3634 5865 
10784 3685 3672 4842 
10785 4346 4139 5853 
10786 4686 4685 4687 
10787 5053 4798 5863 
10788 3842 3841 3843 
10789 3972 3975 5870 
10790 5070 5071 5873 
10791 3759 3761 3762 
10792 3673 3672 3685 
10793 4475 4476 4601 
10794 4705 4706 4784 
10795 5629 5092 6172 
10796 4156 3573 4815 
10797 3922 4402 5886 
10798 4342 4260 5511 
10799 3503 3501 5833 
10800 3703 3713 5889 
10801 3505 4171 5819 
10802 4647 4866 5212 
10803 3652 5483 6178 
10804 3713 3718 5889 
10805 3522 3503 5833 
10806 36 37 5437 
10807 4794 5776 5845 
10808 3595 3596 3597 
10809 3995 3990 3996 
10810 5833 4817 5930 
10811 3727 3742 5864 
10812 5787 3469 5894 
10813 4397 4044 5809 
10814 4277 4279 5810 
10815 3437 4058 4228 
10816 4150 5943 5967 
10817 4402 4421 5075 
10818 3641 3630 5866 
10819 4818 3681 5792 
10820 4044 3918 5809 
10821 4007 4017 4170 
10822 5307 4848 5876 
10823 5025 5024 5026 
10824 3456 3459 5803 
10825 4449 4427 4630 
10826 4005 4003 4006 
10827 4243 4581 5849 
10828 5018 4810 5019 
10829 3685 4844 5822 
10830 4552 4801 5888 
10831 3653 3639 5857 
10832 5637 4064 6074 
10833 4117 4115 5875 
10834 5055 5723 5899 
10835 3436 3435 5838 
10836 5703 4770 5869 
10837 5826 3743 5827 
10838 4609 4610 5905 
10839 3642 4204 5857 
10840 3803 3802 3804 
10841 3851 3849 3871 
10842 3751 3734 5826 
10843 4166 3996 5874 
10844 3501 4817 5833 
10845 3958 3957 3959 
10846 3925 3924 3926 
10847 4219 4220 4221 
10848 4221 4264 4265 
10849 4840 4839 4889 
10850 4167 3675 5822 
10851 4790 4791 4792 
10852 4145 3454 5803 
10853 4707 4585 4708 
10854 5863 5740 5911 
10855 3489 3487 5872 
10856 3773 3814 3818 
10857 5116 4664 5805 
10858 3737 3715 5813 
10859 4373 4721 5845 
10860 5123 5122 5226 
10861 3681 3579 5792 
10862 3756 3753 3765 
10863 3962 3959 3963 
10864 4219 4218 4220 
10865 4051 3804 5880 
10866 5718 4021 5890 
10867 3441 3439 4213 
10868 3685 4842 4843 
10869 4003 4002 5660 
10870 3632 4222 5866 
10871 4567 4252 5976 
10872 4816 4850 4851 
10873 5870 4820 5939 
10874 4719 5388 5828 
10875 5039 5041 5241 
10876 5067 5787 5894 
10877 5715 3457 5883 
10878 4005 4007 5907 
10879 4504 5166 5501 
10880 4575 4574 5094 
10881 3453 4145 4146 
10882 3773 3772 3813 
10883 4156 4815 4816 
10884 4801 5869 5888 
10885 4436 3741 4583 
10886 5376 4773 5892 
10887 5718 5890 5938 
10888 3457 5064 5883 
10889 5127 6274 6313 
10890 3574 4156 5804 
10891 3802 4223 5880 
10892 3935 3937 3955 
10893 5783 5780 5882 
10894 4408 4409 4410 
10895 4552 5888 5896 
10896 4584 4333 4585 
10897 5958 5078 6018 
10898 3446 3445 5808 
10899 4461 4463 5789 
10900 5819 5045 5916 
10901 3728 3727 3731 
10902 3881 3879 6011 
10903 4275 4277 4435 
10904 5956 5760 6218 
10905 3636 3653 5865 
10906 4755 5748 5967 
10907 4962 4826 5527 
10908 3673 3685 5822 
10909 5741 4776 5894 
10910 3437 3436 3438 
10911 4800 3764 5904 
10912 4613 4614 4661 
10913 5776 4373 5845 
10914 4648 4647 5862 
10915 4148 4147 4149 
10916 4493 4498 4499 
10917 3550 3531 5871 
10918 4786 4787 4789 
10919 4889 4839 5259 
10920 4270 4505 5884 
10921 4375 3981 5502 
10922 5073 4145 5803 
10923 3814 3813 4022 
10924 3887 3890 3891 
10925 4786 4785 4787 
10926 5988 4855 6007 
10927 3924 3921 5846 
10928 3969 3970 4053 
10929 5036 5033 5491 
10930 3506 3505 5819 
10931 4789 4787 4790 
10932 5053 5863 5911 
10933 3584 3776 5958 
10934 3645 3648 5868 
10935 4146 4145 4147 
10936 5488 5083 6028 
10937 4254 4474 5899 
10938 4221 4220 4264 
10939 5144 4498 5850 
10940 5665 5992 6033 
10941 4035 3830 5982 
10942 3874 3864 5684 
10943 5239 4731 5818 
10944 3564 4300 5847 
10945 4169 3643 5868 
10946 5911 4389 5925 
10947 4673 4672 4674 
10948 4446 4447 4587 
10949 4811 4552 5896 
10950 15 16 5968 
10951 4815 3573 5847 
10952 4419 5779 5885 
10953 3782 4026 4214 
10954 3718 3741 4436 
10955 3742 4644 5864 
10956 3810 3909 3910 
10957 4004 4003 4005 
10958 5785 4270 5884 
10959 4279 4516 5810 
10960 3434 3436 3437 
10961 4587 4588 5132 
10962 3496 3497 5948 
10963 4799 5715 5883 
10964 5058 4812 5943 
10965 3923 3924 3925 
10966 4237 4235 5849 
10967 5699 4430 6106 
10968 4505 5089 5884 
10969 5941 4544 6026 
10970 5765 5764 5946 
10971 4251 4267 5678 
10972 4431 4449 4450 
10973 5116 5805 5806 
10974 4671 4670 4672 
10975 4402 4403 4421 
10976 5012 4664 5115 
10977 4946 4892 4947 
10978 5231 5785 5884 
10979 3760 5650 6031 
10980 3854 3851 5902 
10981 3732 3731 3739 
10982 3807 3806 3808 
10983 4251 4252 4267 
10984 5150 4808 5167 
10985 3704 3686 5910 
10986 4294 4558 5936 
10987 3442 3441 5829 
10988 3469 5741 5894 
10989 4530 4705 5893 
10990 5012 5115 5344 
10991 5021 6062 6078 
10992 5021 5023 6062 
10993 4005 4006 4007 
10994 4474 4493 5855 
10995 4516 4857 5810 
10996 3672 3576 5804 
10997 5934 4228 5983 
10998 4817 3499 5948 
10999 3943 3945 5927 
11000 4148 4149 4275 
11001 4021 3995 5890 
11002 4790 4792 4809 
11003 3441 4213 4274 
11004 3451 3453 5842 
11005 3593 3594 3595 
11006 5547 6254 6325 
11007 4265 4319 4320 
11008 5048 5617 5900 
11009 4426 5526 5955 
11010 3747 3739 3768 
11011 5568 4035 5982 
11012 4315 4042 4316 
11013 3884 5395 6060 
11014 3634 3636 5865 
11015 5734 4067 5897 
11016 4231 3926 5978 
11017 4406 4408 5076 
11018 5017 4810 5018 
11019 4248 4332 4438 
11020 5609 6012 6023 
11021 4319 4482 4595 
11022 6170 4515 6171 
11023 3848 3847 3849 
11024 4493 4492 4498 
11025 3769 3770 3782 
11026 4065 3525 6014 
11027 4064 3554 5915 
11028 3999 3998 4000 
11029 3743 3744 3757 
11030 4146 4147 4148 
11031 4436 4583 5127 
11032 5060 4813 5901 
11033 5723 4144 5899 
11034 4558 5783 5882 
11035 6126 4890 6199 
11036 5696 4169 5868 
11037 4862 5760 5956 
11038 5779 5762 5885 
11039 5837 5058 5943 
11040 4708 5103 5104 
11041 4067 4206 5897 
11042 4235 4243 5849 
11043 3852 3851 3854 
11044 5045 5752 5916 
11045 5591 4371 5921 
11046 4671 4672 4673 
11047 3540 5553 6027 
11048 3725 3726 3727 
11049 3639 3642 5857 
11050 3844 3843 5903 
11051 5111 4841 6158 
11052 4853 4852 5164 
11053 4588 4447 4852 
11054 4661 4614 5061 
11055 4631 4606 5960 
11056 4001 4002 4003 
11057 6197 4033 6212 
11058 4595 4970 5154 
11059 5796 4158 5913 
11060 4470 4457 5919 
11061 4356 4359 5920 
11062 5881 3895 6015 
11063 12 13 3418 
11064 3743 3757 5827 
11065 3843 4406 5903 
11066 6088 3853 6111 
11067 5943 5059 5967 
11068 5054 5243 5909 
11069 5780 5738 5882 
11070 3803 3805 5879 
11071 3587 3589 6000 
11072 4426 4427 4431 
11073 4925 4451 4958 
11074 3961 3959 3962 
11075 4455 4456 4457 
11076 4786 5047 5959 
11077 5766 4193 5922 
11078 3975 4016 4820 
11079 4150 5837 5943 
11080 4481 4969 5898 
11081 3510 3506 5819 
11082 4602 4873 5986 
11083 3925 3926 3927 
11084 5674 3902 5881 
11085 5359 5057 5987 
11086 3757 3758 3769 
11087 4269 4241 5898 
11088 4675 4677 4692 
11089 3764 3772 3773 
11090 4015 4042 4249 
11091 4500 4338 4625 
11092 4332 4247 4333 
11093 4809 4792 4810 
11094 4405 3751 5826 
11095 4457 4459 5919 
11096 3667 3684 5814 
11097 4829 4827 5923 
11098 4323 4251 5678 
11099 4747 4533 5933 
11100 4876 4451 4925 
11101 4267 4252 4268 
11102 4661 5061 5062 
11103 3449 3446 5808 
11104 5732 5800 5922 
11105 3438 3440 5944 
11106 4165 3854 5902 
11107 4660 5853 5909 
11108 4502 4617 5148 
11109 5386 5053 5925 
11110 4161 4029 4266 
11111 5740 5645 5911 
11112 3847 3844 5903 
11113 4446 4320 4447 
11114 4863 5303 5993 
11115 5890 5357 5938 
11116 4228 4058 4247 
11117 5064 5734 5897 
11118 4162 3834 5951 
11119 4867 5624 6019 
11120 3997 3996 3998 
11121 4889 5259 5260 
11122 3762 3771 3779 
11123 3780 3765 3817 
11124 4265 4264 4319 
11125 4618 4465 5717 
11126 6173 3960 6182 
11127 4448 4604 4619 
11128 3433 3434 5934 
11129 5800 4870 5922 
11130 4435 4277 5810 
11131 4558 5854 5936 
11132 5945 4536 5972 
11133 4844 4932 6040 
11134 3804 3802 5880 
11135 4954 4673 5942 
11136 5853 5054 5909 
11137 5081 5419 6185 
11138 3836 3889 5951 
11139 4421 4422 4448 
11140 4647 5212 5862 
11141 5018 5019 5020 
11142 5672 4793 5969 
11143 4850 5945 5972 
11144 4268 4567 5929 
11145 3850 3849 3851 
11146 5803 3459 5952 
11147 4842 3672 5804 
11148 4635 4637 5867 
11149 3439 3436 5838 
11150 4193 5732 5922 
11151 3995 3996 3997 
11152 5765 5946 6030 
11153 4498 4492 5850 
11154 4329 4163 5990 
11155 4144 4254 5899 
11156 3810 3910 5816 
11157 4463 4618 5789 
11158 4400 5834 5995 
11159 4436 5128 5889 
11160 3718 4436 5889 
11161 4481 4968 4969 
11162 5669 4802 6009 
11163 4628 5144 5191 
11164 3779 3811 4013 
11165 4248 4247 4332 
11166 3807 3808 3809 
11167 3910 3911 5953 
11168 4251 4019 4252 
11169 4807 4478 4808 
11170 5705 4390 6004 
11171 5944 3443 6043 
11172 4846 5669 6008 
11173 5995 5452 6047 
11174 4496 4323 5678 
11175 5433 5065 6071 
11176 6028 5083 6075 
11177 3990 3989 5874 
11178 3493 3494 5940 
11179 5066 5718 5938 
11180 3960 3943 5927 
11181 4062 3809 5816 
11182 4924 5586 6234 
11183 4274 4847 5829 
11184 3445 3442 5829 
11185 3493 5940 5946 
11186 3978 6021 6094 
11187 3440 3443 5944 
11188 3999 4000 4001 
11189 3588 3586 6018 
11190 4259 4209 5979 
11191 4684 4683 4685 
11192 87 88 3359 
11193 3731 3727 5864 
11194 3978 3980 6021 
11195 5585 4874 6041 
11196 5028 5026 5031 
11197 6008 5669 6009 
11198 4610 4613 5905 
11199 4480 5136 5917 
11200 4499 4498 4628 
11201 4584 4707 4937 
11202 5749 3451 5842 
11203 4332 4333 4584 
11204 4841 5970 6003 
11205 4161 4322 4861 
11206 5775 4780 5952 
11207 4320 4319 5949 
11208 4637 4849 5867 
11209 4322 4266 4479 
11210 4402 5075 5886 
11211 4955 5134 5188 
11212 4313 4249 5641 
11213 4417 4294 5936 
11214 3527 3530 6014 
11215 4478 4268 4577 
11216 4969 4968 5170 
11217 6140 5182 6153 
11218 3832 4162 5982 
11219 4455 4454 4456 
11220 4518 4653 5110 
11221 3538 3540 6027 
11222 3891 3890 5887 
11223 4410 4412 4413 
11224 4406 5076 5903 
11225 5997 5047 6011 
11226 3996 3990 5874 
11227 3453 4146 5842 
11228 3437 3438 4058 
11229 3510 5819 5916 
11230 4274 4351 4518 
11231 4850 4815 5945 
11232 3803 3804 3805 
11233 4015 3817 4042 
11234 4603 4479 4632 
11235 3499 3496 5948 
11236 4431 4427 4449 
11237 4584 4585 4707 
11238 4790 4809 5895 
11239 5502 3981 5514 
11240 3563 3558 6023 
11241 4007 4170 5907 
11242 4593 4313 4772 
11243 3975 4820 5870 
11244 4459 4461 4469 
11245 3782 3783 4026 
11246 4315 4497 5641 
11247 4410 4413 4426 
11248 5142 5036 5491 
11249 3989 4845 5874 
11250 4426 4413 4427 
11251 3441 4274 5829 
11252 3773 3813 3814 
11253 6128 5753 6154 
11254 3816 3779 5950 
11255 4480 4337 4596 
11256 4630 4427 5908 
11257 5940 5620 5946 
11258 5764 3493 5946 
11259 5635 4058 5944 
11260 4776 5351 5941 
11261 3902 3897 5881 
11262 4380 4378 4381 
11263 4413 4502 5908 
11264 4613 4993 5905 
11265 5303 4862 5956 
11266 4653 4351 4654 
11267 5825 4213 5838 
11268 4820 4016 6003 
11269 4274 4213 4351 
11270 4378 4375 5502 
11271 4214 4026 4215 
11272 4205 3449 5808 
11273 4587 4447 4588 
11274 3805 3804 3806 
11275 3785 3787 6022 
11276 4666 5358 5935 
11277 5694 5883 5994 
11278 4681 4672 5924 
11279 4812 5059 5943 
11280 4946 4947 5179 
11281 5532 5531 6209 
11282 5766 5922 5998 
11283 4506 4271 6052 
11284 6242 5630 6246 
11285 5446 5927 6157 
11286 5804 4156 5981 
11287 5053 5911 5925 
11288 5847 4300 5945 
11289 3997 3998 3999 
11290 3834 3836 5951 
11291 5538 5080 6150 
11292 4257 4062 4258 
11293 3915 3917 5973 
11294 6031 5650 6032 
11295 4028 3891 5887 
11296 5481 4037 6107 
11297 4060 5697 6252 
11298 4315 4316 4488 
11299 5073 5803 5952 
11300 5395 4789 5895 
11301 159 160 5349 
11302 3773 3818 5904 
11303 3785 6022 6024 
11304 5030 5028 5634 
11305 173 174 5937 
11306 3914 4029 4161 
11307 5846 5074 5978 
11308 4577 4268 5929 
11309 6012 4390 6023 
11310 5274 5275 5276 
11311 4058 3438 5944 
11312 4450 4449 4451 
11313 4705 4784 5912 
11314 5028 5031 5634 
11315 4013 4040 4229 
11316 3725 3728 5966 
11317 5069 6016 6031 
11318 5922 4870 5998 
11319 5948 3497 6065 
11320 4927 4590 5236 
11321 6148 5431 6154 
11322 4338 4336 5917 
11323 5913 4158 5914 
11324 4216 4215 4336 
11325 4621 4335 4622 
11326 3586 3584 5958 
11327 4873 4872 4892 
11328 5069 5772 6016 
11329 4780 5082 6037 
11330 4312 4311 4589 
11331 4854 5383 6065 
11332 3917 5886 5973 
11333 4480 4963 5136 
11334 4778 5796 5913 
11335 4475 4255 4476 
11336 4575 5094 5095 
11337 6009 4802 6017 
11338 5912 4784 5959 
11339 3830 3832 5982 
11340 3847 5903 5974 
11341 5078 5958 5992 
11342 4789 4790 5895 
11343 5079 5674 5881 
11344 5365 4626 5367 
11345 4300 4536 5945 
11346 4319 4595 5949 
11347 4925 4958 5141 
11348 6151 5096 6164 
11349 4672 4670 5924 
11350 10 173 3420 
11351 5624 5460 6020 
11352 5861 4803 5961 
11353 3459 5775 5952 
11354 3791 4061 5963 
11355 3764 3773 5904 
11356 5079 5881 6015 
11357 4266 4029 5947 
11358 4232 5861 5961 
11359 4852 4447 5949 
11360 4670 4756 5924 
11361 5382 3433 5934 
11362 4267 4268 4478 
11363 3995 3997 5890 
11364 4573 4438 4662 
11365 4815 5847 5945 
11366 4209 5939 5979 
11367 3706 3694 5989 
11368 5893 4705 5912 
11369 4858 4859 6012 
11370 5992 3776 6033 
11371 5451 5110 6324 
11372 5517 5525 6111 
11373 4560 4854 5975 
11374 5971 5086 6021 
11375 3401 157 5373 
11376 4940 4944 5234 
11377 5748 4150 5967 
11378 3871 3849 5974 
11379 4518 4351 4653 
11380 5836 4398 5987 
11381 4985 4232 5961 
11382 4784 4786 5959 
11383 5106 6043 6058 
11384 3635 3633 6066 
11385 4588 4852 4853 
11386 3924 5846 5978 
11387 3879 3877 5997 
11388 4668 4666 5935 
11389 5867 4849 5984 
11390 6195 4876 6196 
11391 5855 4822 5971 
11392 5018 5021 6078 
11393 4866 4508 6061 
11394 5910 3690 5977 
11395 5665 4819 5992 
11396 5426 5427 5996 
11397 5137 4591 5891 
11398 5883 5064 5994 
11399 4575 5095 5151 
11400 3648 5731 5988 
11401 3805 3806 3807 
11402 5215 3391 5216 
11403 4873 4892 4946 
11404 4860 4842 5981 
11405 4013 4229 5950 
11406 3434 3437 5934 
11407 4213 3439 5838 
11408 4998 5859 6074 
11409 4341 6161 6168 
11410 3437 4228 5934 
11411 5164 4852 6054 
11412 4680 4683 4684 
11413 4842 5804 5981 
11414 3530 5672 5969 
11415 4967 4496 5932 
11416 4459 4469 5919 
11417 5062 5061 5960 
11418 4485 4574 4575 
11419 5939 4820 5970 
11420 5609 4858 6012 
11421 4873 4946 5985 
11422 5733 6025 6061 
11423 4591 4589 5891 
11424 4684 4685 4686 
11425 3893 4028 6015 
11426 4228 4248 5983 
11427 4447 4320 5949 
11428 3443 3444 6058 
11429 3393 31 5322 
11430 6005 5510 6016 
11431 5825 5838 6068 
11432 4469 4461 5789 
11433 4502 5148 5908 
11434 3911 3914 5953 
11435 5903 5076 5974 
11436 4679 4678 4680 
11437 4886 5478 6123 
11438 5449 5448 6144 
11439 3703 5889 5989 
11440 4883 4882 6070 
11441 4229 4040 4311 
11442 4783 5766 5998 
11443 4334 4335 4621 
11444 4022 3813 5957 
11445 5062 5960 5980 
11446 4023 5907 6002 
11447 4875 4454 6044 
11448 4249 4315 5641 
11449 4615 4342 5511 
11450 4922 5591 6072 
11451 6025 4847 6061 
11452 3694 3703 5989 
11453 5181 4947 6099 
11454 4938 4654 4939 
11455 4161 4266 4322 
11456 3874 5684 5976 
11457 4255 4023 6002 
11458 5121 4850 5972 
11459 4336 4215 4337 
11460 4969 5170 5171 
11461 5591 6053 6072 
11462 4859 5665 6033 
11463 4163 4550 5990 
11464 5074 4345 6053 
11465 5999 5082 6136 
11466 5678 4807 5932 
11467 3926 3924 5978 
11468 4756 4668 5935 
11469 4849 5415 5984 
11470 5696 5868 5988 
11471 5495 4924 6238 
11472 4013 4014 4040 
11473 5522 5519 6087 
11474 5059 5060 6010 
11475 4427 4413 5908 
11476 4336 4337 4480 
11477 5868 3648 5988 
11478 4606 5418 5980 
11479 4209 4053 5939 
11480 158 3371 5373 
11481 4315 4488 4497 
11482 4851 5123 6034 
11483 5427 5429 5996 
11484 5034 5030 5634 
11485 5630 4060 6246 
11486 4623 4335 5979 
11487 4825 4823 6006 
11488 5694 5994 6039 
11489 5109 5530 6165 
11490 5958 3776 5992 
11491 5859 5637 6074 
11492 4730 4988 6282 
11493 5591 5921 6053 
11494 4416 4417 6064 
11495 4485 4258 4574 
11496 4909 4907 6212 
11497 4684 4686 4957 
11498 5755 4400 5995 
11499 4567 5976 6028 
11500 4322 4479 4603 
11501 3910 5953 6049 
11502 4304 4278 6077 
11503 4603 4632 5161 
11504 5483 4922 6178 
11505 4580 4304 5999 
11506 4675 4674 4676 
11507 5057 5836 5987 
11508 3724 3725 5966 
11509 4249 4042 4315 
11510 4019 3874 5976 
11511 5022 5135 5918 
11512 4497 4488 4955 
11513 4870 4871 5998 
11514 4334 4259 4335 
11515 3904 3901 6092 
11516 3638 5630 6242 
11517 3955 6148 6154 
11518 30 31 3393 
11519 5167 4808 5173 
11520 5795 6140 6153 
11521 3525 3527 6014 
11522 5334 4863 5993 
11523 4675 4692 5942 
11524 175 176 5931 
11525 4677 4676 4678 
11526 4924 6234 6238 
11527 4755 5967 6010 
11528 4156 4816 5981 
11529 5065 4414 6071 
11530 4894 6019 6129 
11531 4877 4888 6103 
11532 4971 5763 6109 
11533 4512 5696 6007 
11534 5696 5988 6007 
11535 3723 6008 6009 
11536 156 157 3401 
11537 4480 4596 4963 
11538 4673 4674 4675 
11539 5274 3378 5275 
11540 5076 4408 5955 
11541 5994 4415 6039 
11542 5078 4846 6008 
11543 3783 3785 6024 
11544 4653 4654 4938 
11545 5402 4627 5600 
11546 5276 5275 5277 
11547 5383 5948 6065 
11548 5939 5970 5979 
11549 104 105 3367 
11550 4062 5816 6001 
11551 6037 5082 6077 
11552 5706 5705 6004 
11553 5970 4820 6003 
11554 5889 5128 5989 
11555 4252 4019 5976 
11556 3877 3888 5997 
11557 4497 4955 4956 
11558 3680 3587 6000 
11559 5635 5944 6043 
11560 3779 4013 5950 
11561 4589 4927 5891 
11562 3849 3847 5974 
11563 5612 5815 6017 
11564 4026 3783 6024 
11565 5990 5621 6005 
11566 5667 3723 6009 
11567 4161 4861 5953 
11568 3901 5450 6092 
11569 5084 5712 6189 
11570 122 123 3376 
11571 6039 5065 6052 
11572 48 49 3414 
11573 4336 4480 5917 
11574 5897 4415 5994 
11575 4056 5548 6051 
11576 4329 5990 6005 
11577 4878 4877 6113 
11578 5886 5075 5973 
11579 5626 4167 6040 
11580 5094 4574 6098 
11581 5689 4523 6079 
11582 5151 5095 5178 
11583 4340 4258 4485 
11584 5990 4550 6030 
11585 3827 3875 6067 
11586 4507 4648 6071 
11587 4946 5179 5184 
11588 174 175 3380 
11589 5921 5074 6053 
11590 4602 4872 4873 
11591 6043 3443 6058 
11592 5381 6050 6073 
11593 5510 5508 6016 
11594 3831 3829 6101 
11595 3895 3893 6015 
11596 4864 6039 6052 
11597 6004 4390 6012 
11598 5704 3908 6090 
11599 5024 5022 5918 
11600 6150 4871 6183 
11601 5343 5324 6088 
11602 5473 4026 6024 
11603 4625 4338 5917 
11604 4453 4454 4455 
11605 4335 4259 5979 
11606 4602 4476 4872 
11607 3723 3588 6018 
11608 4589 4311 4590 
11609 4016 3976 6094 
11610 4496 5678 5932 
11611 5310 5309 6248 
11612 5324 4797 6088 
11613 5733 5808 6025 
11614 4589 4590 4927 
11615 5976 5684 6028 
11616 4601 4476 4602 
11617 6004 4859 6033 
11618 5621 5990 6030 
11619 5684 5488 6028 
11620 4408 4410 5955 
11621 5706 6004 6033 
11622 5533 4133 6112 
11623 5573 5574 6145 
11624 4452 4381 4453 
11625 14 15 3368 
11626 5460 4878 6020 
11627 3787 4025 6022 
11628 4864 5694 6039 
11629 5534 5533 6112 
11630 3720 3538 6027 
11631 4438 4332 5962 
11632 4131 4207 6112 
11633 4114 4113 6096 
11634 3914 4161 5953 
11635 4453 4381 4454 
11636 5064 5897 5994 
11637 4410 4426 5955 
11638 4390 3563 6023 
11639 5667 6009 6017 
11640 4860 5981 6034 
11641 5083 5102 6075 
11642 4938 4939 4940 
11643 5967 5059 6010 
11644 6042 4401 6045 
11645 4051 5880 6207 
11646 3445 5829 6025 
11647 4584 4937 5962 
11648 4662 4438 5962 
11649 6016 5508 6031 
11650 3980 3985 6021 
11651 5508 3760 6031 
11652 5898 4969 6035 
11653 5746 5379 6045 
11654 5343 6088 6111 
11655 6002 5907 6081 
11656 68 69 3372 
11657 3778 5372 6160 
11658 5761 3853 6088 
11659 5052 5067 6026 
11660 4934 6273 6302 
11661 5815 5667 6017 
11662 4677 4678 4679 
11663 6021 5086 6094 
11664 5960 4606 5980 
11665 138 139 3415 
11666 6114 5098 6179 
11667 3949 3951 6120 
11668 4679 4680 5926 
11669 3982 6144 6157 
11670 3879 5997 6011 
11671 4877 6103 6113 
11672 5612 6017 6064 
11673 5269 5041 6048 
11674 5385 4036 6190 
11675 4051 6207 6217 
11676 5604 5068 6036 
11677 5068 5069 6032 
11678 4550 5765 6030 
11679 5445 5446 6144 
11680 5514 5753 6128 
11681 4859 6004 6012 
11682 3913 3912 6134 
11683 4772 4313 5641 
11684 4167 5822 6040 
11685 5829 4847 6025 
11686 4673 4675 5942 
11687 3776 5706 6033 
11688 5675 4401 6042 
11689 4567 6028 6075 
11690 5075 4421 6069 
11691 5952 4780 6037 
11692 4945 4772 5143 
11693 6017 4802 6064 
11694 5755 5995 6047 
11695 4430 5767 6091 
11696 4778 5647 6105 
11697 5068 6032 6036 
11698 4332 4584 5962 
11699 4874 5099 6041 
11700 6038 5675 6042 
11701 5981 4816 6034 
11702 5266 4649 6121 
11703 5840 5073 6037 
11704 3745 5675 6038 
11705 107 108 6055 
11706 4777 5750 6095 
11707 4927 5236 5237 
11708 4476 4255 6002 
11709 5808 3445 6025 
11710 5955 5526 6076 
11711 5970 4623 5979 
11712 4675 4676 4677 
11713 4821 5456 6159 
11714 3567 4778 6105 
11715 5871 5746 6045 
11716 3360 178 5466 
11717 5652 3623 6139 
11718 5091 5947 6069 
11719 3471 3468 6110 
11720 5531 6095 6110 
11721 4894 6129 6167 
11722 5073 5952 6037 
11723 5558 5556 6086 
11724 4283 4419 6121 
11725 5067 5941 6026 
11726 4873 5985 5986 
11727 5987 4398 6103 
11728 6001 5816 6049 
11729 3577 3562 6105 
11730 4943 4573 6046 
11731 5932 5150 6102 
11732 5069 6031 6032 
11733 3621 3692 6139 
11734 5690 6126 6199 
11735 4680 4684 5926 
11736 5161 4632 5162 
11737 4269 5898 6035 
11738 3444 3447 6058 
11739 4415 5065 6039 
11740 4170 4017 6084 
11741 6085 5110 6119 
11742 4574 4258 6001 
11743 6105 5647 6123 
11744 6062 4028 6078 
11745 5580 5901 6093 
11746 5895 5856 6060 
11747 4816 4851 6034 
11748 4271 4864 6052 
11749 4258 4062 6001 
11750 4478 4577 5991 
11751 5417 5635 6043 
11752 5041 5155 6048 
11753 5548 5549 6051 
11754 5457 5458 6182 
11755 4401 5871 6045 
11756 5369 5755 6047 
11757 4345 4658 6053 
11758 4645 4991 6082 
11759 5043 4656 6124 
11760 5087 5088 6284 
11761 5395 5895 6060 
11762 4969 5171 6035 
11763 5879 3805 5965 
11764 5812 3863 6050 
11765 5953 4861 6049 
11766 5006 5007 6125 
11767 5578 4051 6217 
11768 5809 3916 6134 
11769 5947 5075 6069 
11770 4684 4957 5926 
11771 6015 4028 6062 
11772 5367 4626 5664 
11773 3805 3807 5965 
11774 3829 3827 6067 
11775 102 103 3416 
11776 3555 3557 6131 
11777 5141 4958 5163 
11778 4378 5502 6044 
11779 5822 4844 6040 
11780 3985 5971 6021 
11781 5385 6190 6194 
11782 5182 5181 6153 
11783 4853 5164 5165 
11784 5023 5079 6062 
11785 4946 5184 5985 
11786 4341 5364 6161 
11787 4872 4476 6002 
11788 4767 4769 6118 
11789 4036 5385 6191 
11790 4847 4518 6085 
11791 5677 4767 6118 
11792 11 12 6057 
11793 5777 4066 6115 
11794 5792 4292 6100 
11795 4417 5873 6083 
11796 5100 5522 6236 
11797 5685 4166 6130 
11798 4888 5987 6103 
11799 5105 5106 6138 
11800 3615 3613 6155 
11801 5816 3910 6049 
11802 5080 4783 6150 
11803 6008 3723 6018 
11804 5173 4808 5991 
11805 6053 4658 6072 
11806 4425 3775 6152 
11807 4030 4257 6180 
11808 5624 6020 6096 
11809 5901 4721 6093 
11810 4940 4939 4941 
11811 5078 6008 6018 
11812 5490 5475 6186 
11813 4866 6085 6119 
11814 6081 4170 6099 
11815 4802 4416 6064 
11816 4808 4478 5991 
11817 4573 4662 6046 
11818 6064 4417 6083 
11819 177 3360 5360 
11820 6067 5090 6101 
11821 5118 5117 6287 
11822 4882 5257 6070 
11823 6165 5849 6219 
11824 3497 5359 6065 
11825 5082 4568 6136 
11826 4658 5107 6072 
11827 4508 5733 6061 
11828 4537 4987 6137 
11829 4381 4378 6044 
11830 5479 6125 6131 
11831 6003 4016 6117 
11832 4887 6193 6228 
11833 3633 3676 6066 
11834 4497 4956 6089 
11835 6020 4114 6096 
11836 4595 5154 6054 
11837 5099 5100 6231 
11838 6226 5099 6231 
11839 6125 4066 6131 
11840 5840 6037 6077 
11841 4223 5440 6201 
11842 4414 4507 6071 
11843 5405 4896 6205 
11844 4892 6081 6099 
11845 4871 4869 6143 
11846 5949 4595 6054 
11847 3945 3947 6157 
11848 6083 5873 6133 
11849 4166 5874 6059 
11850 4977 5433 6230 
11851 5874 4845 6059 
11852 5346 4998 6074 
11853 4796 5085 6149 
11854 4772 5641 6089 
11855 5683 5813 6114 
11856 5076 5955 6076 
11857 4016 6094 6117 
11858 4518 5110 6085 
11859 5726 4894 6167 
11860 176 5360 5931 
11861 4880 5090 6122 
11862 5090 4881 6073 
11863 103 104 5954 
11864 55 3355 6056 
11865 3955 3937 6132 
11866 5538 6150 6183 
11867 6141 3611 6232 
11868 3406 5326 6147 
11869 6231 5100 6236 
11870 5404 6244 6267 
11871 5728 5594 6235 
11872 4852 5949 6054 
11873 5081 6185 6200 
11874 4523 5333 6079 
11875 3360 5466 5467 
11876 5795 4269 6140 
11877 160 3410 5349 
11878 4993 5605 6086 
11879 4421 4448 6069 
11880 3 47 3423 
11881 6177 4628 6233 
11882 4117 5875 6129 
11883 5117 5119 6295 
11884 105 106 6063 
11885 4454 4381 6044 
11886 6127 4603 6166 
11887 5573 6149 6152 
11888 4151 4153 6156 
11889 3371 159 5349 
11890 5611 5612 6083 
11891 5370 4477 6080 
11892 4872 6002 6081 
11893 6084 5181 6099 
11894 32 33 3375 
11895 6133 5071 6145 
11896 6 101 3428 
11897 13 14 5964 
11898 5929 4567 6075 
11899 50 51 3374 
11900 5519 5521 6087 
11901 4866 6061 6085 
11902 3788 4168 6190 
11903 125 126 3407 
11904 5905 4993 6086 
11905 4553 4350 6169 
11906 5790 5096 6151 
11907 140 141 3373 
11908 6003 6117 6158 
11909 4017 4031 6084 
11910 4857 4645 6082 
11911 5094 6098 6127 
11912 5440 4223 6197 
11913 5079 6015 6062 
11914 4020 3904 6092 
11915 5556 5905 6086 
11916 4278 5840 6077 
11917 5512 6122 6185 
11918 5052 5371 6136 
11919 3976 3978 6094 
11920 4940 4941 4944 
11921 4028 5887 6078 
11922 4942 5825 6068 
11923 4996 6170 6171 
11924 5240 5629 6170 
11925 3420 173 5937 
11926 4036 3790 6190 
11927 6076 5526 6135 
11928 3792 4036 6189 
11929 6287 5117 6295 
11930 5136 4963 5174 
11931 6122 3875 6185 
11932 5767 4883 6091 
11933 6061 4847 6085 
11934 4797 5761 6088 
11935 3908 5578 6090 
11936 4237 5849 6165 
11937 5440 4905 6201 
11938 3875 3825 6200 
11939 5712 3794 6189 
11940 5458 4884 6148 
11941 5873 5071 6133 
11942 5573 6145 6149 
11943 54 55 6056 
11944 3863 3831 6101 
11945 5974 5076 6076 
11946 6041 5099 6226 
11947 4885 5449 6176 
11948 5907 4170 6081 
11949 5102 4165 6175 
11950 53 54 3411 
11951 48 3414 5462 
11952 4913 5084 6191 
11953 8 137 3425 
11954 5707 6171 6227 
11955 5119 5481 6107 
11956 5381 5877 6104 
11957 4113 4117 6096 
11958 3941 3960 6173 
11959 4425 6151 6164 
11960 6050 3863 6073 
11961 4967 5932 6102 
11962 3871 6076 6135 
11963 4983 4314 6321 
11964 5750 3471 6095 
11965 3871 5974 6076 
11966 3798 4033 6197 
11967 4919 4917 6194 
11968 6001 6049 6098 
11969 3853 5517 6111 
11970 5611 6083 6133 
11971 6019 4117 6129 
11972 3562 3567 6105 
11973 3368 15 5968 
11974 4892 4872 6081 
11975 5385 4915 6191 
11976 4450 4876 6195 
11977 5999 6136 6208 
11978 143 144 3412 
11979 4947 4892 6099 
11980 5323 5322 6224 
11981 6161 4899 6168 
11982 4933 4929 6259 
11983 6073 3863 6101 
11984 5512 4880 6122 
11985 6185 3875 6200 
11986 4818 6100 6114 
11987 4884 5431 6148 
11988 3656 3651 6198 
11989 5368 3722 6193 
11990 5143 4772 6089 
11991 1 11 3427 
11992 5612 6064 6083 
11993 4398 5710 6103 
11994 5641 4497 6089 
11995 5319 6266 6284 
11996 106 107 3417 
11997 4041 6327 6331 
11998 4170 6084 6099 
11999 4223 3800 6197 
12000 4499 4628 6177 
12001 4818 5792 6100 
12002 4322 4603 6127 
12003 4929 4930 6264 
12004 16 17 3409 
12005 5972 4536 6137 
12006 3468 3467 6110 
12007 174 3380 5937 
12008 5105 6138 6163 
12009 5505 6230 6304 
12010 6058 3447 6138 
12011 4133 4131 6112 
12012 5007 5008 6184 
12013 4875 6128 6154 
12014 5596 4899 6174 
12015 4875 6044 6128 
12016 6143 3692 6183 
12017 4430 6091 6106 
12018 5704 6090 6223 
12019 102 3416 5799 
12020 3423 47 5462 
12021 3418 13 5964 
12022 6103 5710 6113 
12023 5183 5182 6142 
12024 3410 161 5347 
12025 3824 3821 6204 
12026 5599 5611 6133 
12027 5479 5006 6125 
12028 5090 6067 6122 
12029 5710 4114 6113 
12030 3614 3616 6211 
12031 4889 5260 6168 
12032 5239 5814 6210 
12033 5842 5821 6163 
12034 90 91 3403 
12035 6240 5521 6247 
12036 5586 4921 6225 
12037 5810 4857 6181 
12038 5813 4818 6114 
12039 3951 4056 6120 
12040 4656 4868 6124 
12041 6200 3824 6205 
12042 5688 5777 6115 
12043 4973 4971 6109 
12044 5615 4065 6226 
12045 4649 4283 6121 
12046 4769 5272 6118 
12047 5875 5614 6129 
12048 5086 4879 6117 
12049 5440 6197 6212 
12050 6084 4031 6153 
12051 5102 6195 6196 
12052 4275 4435 6203 
12053 6184 5008 6192 
12054 3887 3892 6216 
12055 180 181 3402 
12056 5111 6158 6177 
12057 5753 3955 6154 
12058 6049 4861 6098 
12059 5007 6115 6125 
12060 3380 175 5931 
12061 104 3367 5954 
12062 6264 4930 6269 
12063 3545 6247 6253 
12064 5647 4886 6123 
12065 4066 3555 6131 
12066 5996 5429 6104 
12067 5526 4893 6135 
12068 5106 6058 6138 
12069 6163 5821 6202 
12070 3912 5704 6243 
12071 29 30 6097 
12072 6155 5638 6164 
12073 3937 3939 6132 
12074 5405 6204 6250 
12075 5094 6127 6166 
12076 4900 4650 6223 
12077 3916 3913 6134 
12078 6067 3875 6122 
12079 4891 4890 6126 
12080 5599 6133 6145 
12081 3432 3430 6213 
12082 5212 4866 6119 
12083 6094 5086 6117 
12084 5081 6200 6205 
12085 4 65 3426 
12086 6129 5614 6167 
12087 6115 4066 6125 
12088 5502 5514 6128 
12089 5090 6073 6101 
12090 6120 4056 6176 
12091 6259 4929 6264 
12092 5431 4875 6154 
12093 3623 3621 6139 
12094 4895 4657 6162 
12095 4568 5052 6136 
12096 5690 3406 6126 
12097 4861 4322 6127 
12098 3781 5378 6319 
12099 6098 4861 6127 
12100 5371 5101 6208 
12101 4536 4537 6137 
12102 3367 105 6063 
12103 5372 3781 6316 
12104 5107 4895 6141 
12105 6168 5260 6180 
12106 5902 3871 6135 
12107 6044 5502 6128 
12108 9 155 3424 
12109 5574 5599 6145 
12110 5384 6155 6164 
12111 5448 5445 6144 
12112 4582 4980 6229 
12113 3447 5749 6138 
12114 71 72 3408 
12115 14 3368 5964 
12116 5998 4871 6150 
12117 4869 5043 6143 
12118 4574 6001 6098 
12119 4048 5683 6179 
12120 6151 4425 6152 
12121 5490 6186 6188 
12122 12 3418 6057 
12123 4662 5962 6116 
12124 3430 5214 6213 
12125 5537 5538 6183 
12126 6091 4883 6235 
12127 6117 4879 6158 
12128 5071 4796 6149 
12129 5520 4933 6253 
12130 5181 6084 6153 
12131 6208 5101 6215 
12132 3428 101 5799 
12133 6087 5521 6240 
12134 5093 5535 6239 
12135 122 3376 6029 
12136 3612 3652 6232 
12137 5409 5407 6310 
12138 5516 4134 6237 
12139 6215 5823 6221 
12140 3775 5573 6152 
12141 6126 3406 6147 
12142 5594 6091 6235 
12143 5101 5823 6215 
12144 4031 5795 6153 
12145 5962 4937 6116 
12146 5638 4425 6164 
12147 3424 155 5331 
12148 5085 5790 6151 
12149 6193 5093 6228 
12150 4065 6041 6226 
12151 6171 4655 6227 
12152 5109 6165 6219 
12153 6132 3939 6173 
12154 3613 5638 6155 
12155 5449 6120 6176 
12156 4698 5093 6239 
12157 4890 4943 6199 
12158 5704 6223 6243 
12159 5791 4151 6156 
12160 5688 6115 6184 
12161 4310 3898 6245 
12162 6136 5371 6208 
12163 5407 3778 6160 
12164 16 3409 5968 
12165 5364 5366 6161 
12166 3947 3982 6157 
12167 3537 3736 6240 
12168 3955 6132 6148 
12169 4577 5929 6206 
12170 6280 4143 6314 
12171 3416 103 5954 
12172 6160 5372 6307 
12173 3900 4309 6245 
12174 2 29 3422 
12175 4269 6035 6140 
12176 4783 5998 6150 
12177 5228 4102 6308 
12178 6214 5991 6222 
12179 7 119 3421 
12180 3960 5927 6159 
12181 119 120 6108 
12182 6115 5007 6184 
12183 5902 6135 6175 
12184 5821 4276 6202 
12185 6135 4893 6175 
12186 5102 6175 6195 
12187 5096 5384 6164 
12188 4166 6059 6130 
12189 6138 5749 6163 
12190 120 121 3405 
12191 3417 107 6055 
12192 5095 5094 6166 
12193 5456 5457 6182 
12194 5614 4553 6167 
12195 6132 5458 6148 
12196 5108 5109 6219 
12197 5077 6277 6318 
12198 5458 6132 6173 
12199 6110 3467 6209 
12200 3939 3941 6173 
12201 3967 3964 6248 
12202 4577 6206 6222 
12203 4257 4341 6180 
12204 5092 5726 6169 
12205 6187 4909 6212 
12206 6090 4900 6223 
12207 3545 3541 6247 
12208 5749 5842 6163 
12209 4350 4515 6172 
12210 5120 4538 6251 
12211 6035 5171 6142 
12212 5404 5405 6244 
12213 5098 5097 6179 
12214 4899 4889 6168 
12215 5111 6177 6233 
12216 5475 4048 6186 
12217 4922 6072 6178 
12218 3427 11 6057 
12219 4879 4499 6177 
12220 4931 4843 6249 
12221 5823 4928 6221 
12222 6221 4928 6228 
12223 6308 4102 6309 
12224 5105 6163 6202 
12225 5108 6219 6229 
12226 5771 5770 6254 
12227 5419 5512 6185 
12228 6202 4276 6220 
12229 6145 5071 6149 
12230 4541 5688 6184 
12231 6204 5405 6205 
12232 4928 4887 6228 
12233 4056 6051 6176 
12234 6089 4956 6146 
12235 4930 6251 6269 
12236 5590 5118 6286 
12237 3819 3814 6250 
12238 4435 5810 6181 
12239 4871 6143 6183 
12240 4165 5902 6175 
12241 6316 3781 6319 
12242 4033 5712 6187 
12243 4841 6003 6158 
12244 4541 6184 6192 
12245 4603 5161 6166 
12246 5097 4919 6188 
12247 4994 4898 6261 
12248 5626 6040 6256 
12249 3825 3824 6200 
12250 3790 3788 6190 
12251 4915 4913 6191 
12252 3794 3792 6189 
12253 4907 5440 6212 
12254 106 3417 6063 
12255 4917 5385 6194 
12256 4011 4038 6258 
12257 4102 5576 6309 
12258 4887 5368 6193 
12259 5760 4541 6192 
12260 5991 4577 6222 
12261 5982 4162 6218 
12262 30 3393 6097 
12263 6229 4980 6237 
12264 3800 3798 6197 
12265 5049 5545 6261 
12266 4893 4450 6195 
12267 3405 121 6029 
12268 5791 6156 6209 
12269 4899 6161 6174 
12270 3816 5950 6311 
12271 3736 6087 6240 
12272 4905 4903 6201 
12273 6140 6035 6142 
12274 3821 3819 6204 
12275 4694 5404 6267 
12276 4162 5956 6218 
12277 5640 4512 6294 
12278 6201 4903 6207 
12279 3652 6178 6232 
12280 3651 3650 6198 
12281 3375 5690 6199 
12282 6075 5102 6196 
12283 4896 5081 6205 
12284 5103 5105 6202 
12285 3684 3669 6263 
12286 4276 4275 6203 
12287 6179 5097 6186 
12288 5929 6075 6196 
12289 5143 6089 6146 
12290 4737 6288 6291 
12291 4280 4701 6274 
12292 6309 5576 6312 
12293 4903 4901 6207 
12294 3824 6204 6205 
12295 6156 5532 6209 
12296 5576 3886 6312 
12297 4891 6126 6147 
12298 6072 5107 6178 
12299 4048 6179 6186 
12300 5112 5111 6233 
12301 6068 3435 6213 
12302 5085 6151 6152 
12303 4341 6168 6180 
12304 4217 4219 6265 
12305 3689 3706 6266 
12306 5725 5801 6269 
12307 4950 4694 6262 
12308 6178 5107 6232 
12309 4982 5839 6297 
12310 5182 6140 6142 
12311 5541 5540 6281 
12312 4876 4925 6206 
12313 4576 4994 6272 
12314 4749 4747 6271 
12315 6207 4901 6217 
12316 3411 54 6056 
12317 3467 5791 6209 
12318 6034 5123 6241 
12319 5126 6278 6279 
12320 5195 4950 6257 
12321 5759 5758 6273 
12322 3435 3432 6213 
12323 3616 4068 6211 
12324 5103 6202 6220 
12325 3381 6317 6340 
12326 4580 6208 6215 
12327 6244 5405 6250 
12328 5701 4580 6215 
12329 3741 3719 6275 
12330 5929 6196 6206 
12331 5814 3684 6210 
12332 5701 6215 6221 
12333 5322 3375 6224 
12334 4901 4900 6217 
12335 6158 4879 6177 
12336 4580 5999 6208 
12337 3886 3887 6216 
12338 4699 5701 6221 
12339 5141 6214 6222 
12340 6211 4068 6225 
12341 5483 6211 6225 
12342 6175 4893 6195 
12343 3954 4143 6280 
12344 6186 5097 6188 
12345 5849 4581 6219 
12346 4921 5483 6225 
12347 4650 4897 6223 
12348 6206 4925 6222 
12349 6159 5456 6182 
12350 5092 6169 6172 
12351 4699 6221 6228 
12352 5586 6225 6234 
12353 6219 4581 6229 
12354 6169 4350 6172 
12355 4745 5615 6226 
12356 6257 4950 6262 
12357 5104 5103 6220 
12358 6262 4694 6267 
12359 6161 5366 6174 
12360 5233 6275 6298 
12361 6253 4933 6259 
12362 3960 6159 6182 
12363 5093 4699 6228 
12364 4745 6226 6231 
12365 4022 5344 6244 
12366 4930 4586 6255 
12367 3767 3749 6283 
12368 5173 5991 6214 
12369 5568 5982 6218 
12370 4581 4582 6229 
12371 4925 5141 6222 
12372 5680 4745 6231 
12373 6196 4876 6206 
12374 3706 5989 6268 
12375 5680 6231 6236 
12376 4068 5711 6234 
12377 5697 3641 6260 
12378 6280 5312 6300 
12379 4883 6070 6235 
12380 6071 4648 6230 
12381 5839 5114 6297 
12382 3736 5680 6236 
12383 6237 4980 6288 
12384 6307 5372 6316 
12385 3817 6303 6328 
12386 6223 4897 6243 
12387 4276 6203 6220 
12388 3768 3739 6289 
12389 4628 5191 6233 
12390 6234 5711 6238 
12391 6244 5344 6267 
12392 6247 5521 6253 
12393 4586 4754 6255 
12394 3762 3816 6292 
12395 3731 5864 6289 
12396 3730 3738 6298 
12397 4134 5108 6237 
12398 4936 5830 6296 
12399 5516 6237 6288 
12400 6311 5394 6322 
12401 6059 4845 6282 
12402 3422 29 6097 
12403 5131 5687 6299 
12404 5711 3638 6238 
12405 6279 4753 6302 
12406 4926 5495 6242 
12407 4988 6059 6282 
12408 5433 6071 6230 
12409 5739 4985 6290 
12410 3539 3537 6240 
12411 6068 6213 6276 
12412 4991 4698 6239 
12413 5465 6246 6252 
12414 3959 3957 6300 
12415 4897 5267 6243 
12416 4926 6242 6246 
12417 6286 5118 6287 
12418 4242 4240 6277 
12419 4033 6187 6212 
12420 5668 4242 6277 
12421 3539 6240 6247 
12422 5435 4310 6320 
12423 5465 4926 6246 
12424 4985 5961 6290 
12425 3898 3900 6245 
12426 3747 3768 6301 
12427 5125 5465 6252 
12428 3541 3539 6247 
12429 120 3405 6108 
12430 4753 4751 6302 
12431 6255 4754 6286 
12432 3421 119 6108 
12433 4860 6034 6241 
12434 3964 3963 6248 
12435 4843 4860 6249 
12436 5107 6141 6232 
12437 4860 6241 6249 
12438 4931 6249 6320 
12439 5108 6229 6237 
12440 5759 6271 6314 
12441 4512 6007 6294 
12442 4538 5725 6251 
12443 6278 4753 6279 
12444 5125 6260 6270 
12445 3814 4022 6250 
12446 5972 6137 6308 
12447 5521 5520 6253 
12448 3375 6199 6224 
12449 4708 5104 6307 
12450 5770 4308 6254 
12451 5547 5626 6256 
12452 5545 5544 6325 
12453 3817 3765 6303 
12454 5120 6251 6255 
12455 4308 4011 6258 
12456 6260 5892 6270 
12457 6225 4068 6234 
12458 6268 5087 6284 
12459 4022 6244 6250 
12460 5338 5126 6279 
12461 6199 4943 6224 
12462 6213 5214 6276 
12463 5231 5884 6305 
12464 5116 5806 6257 
12465 4240 5455 6277 
12466 5794 3545 6259 
12467 5116 6257 6262 
12468 5214 5215 6276 
12469 5219 5516 6288 
12470 4898 5049 6261 
12471 6137 5228 6308 
12472 3641 5892 6260 
12473 3669 3683 6263 
12474 5115 5116 6262 
12475 5312 6280 6314 
12476 5794 6259 6264 
12477 6263 3683 6266 
12478 4273 4217 6265 
12479 4160 5794 6264 
12480 3683 3689 6266 
12481 5120 6255 6286 
12482 4160 6264 6269 
12483 5115 6262 6267 
12484 5344 5115 6267 
12485 5801 4160 6269 
12486 5088 5319 6284 
12487 5127 4583 6318 
12488 6251 4930 6255 
12489 5104 6160 6307 
12490 6013 5505 6304 
12491 6230 4648 6304 
12492 5124 5125 6270 
12493 3545 6253 6259 
12494 5323 6329 6337 
12495 5989 5128 6268 
12496 6252 5697 6260 
12497 4701 5087 6313 
12498 5455 4280 6274 
12499 5892 4773 6270 
12500 4644 4576 6272 
12501 4941 4939 6315 
12502 5933 5312 6314 
12503 5758 3992 6273 
12504 6270 4773 6278 
12505 4747 5933 6271 
12506 5124 6270 6278 
12507 5126 5124 6278 
12508 5077 5668 6277 
12509 3719 3730 6275 
12510 4773 4753 6278 
12511 4980 4979 6291 
12512 4927 5237 6317 
12513 5477 5338 6279 
12514 3957 3954 6280 
12515 5540 4935 6281 
12516 6330 5132 6332 
12517 6249 5435 6320 
12518 4845 4985 6282 
12519 5222 6285 6290 
12520 3749 3759 6283 
12521 4942 6068 6276 
12522 4754 5590 6286 
12523 5222 5393 6285 
12524 5961 5222 6290 
12525 4579 5120 6287 
12526 5125 6252 6260 
12527 6283 3759 6292 
12528 6007 4856 6294 
12529 3739 3731 6289 
12530 4579 6287 6295 
12531 4979 5230 6293 
12532 6333 4853 6335 
12533 5110 4653 6324 
12534 3759 3762 6292 
12535 4987 4579 6295 
12536 5225 4936 6296 
12537 3706 6268 6284 
12538 5114 5113 6297 
12539 6220 6203 6310 
12540 3738 3767 6298 
12541 4662 6116 6321 
12542 6299 3816 6311 
12543 4316 4042 6328 
12544 5687 5542 6299 
12545 5133 5132 6330 
12546 4940 5234 6327 
12547 6303 5832 6328 
12548 5131 6311 6322 
12549 6116 4983 6321 
12550 6268 5128 6313 
12551 6291 4979 6293 
12552 5950 5394 6311 
12553 5087 6268 6313 
12554 5134 4488 6332 
12555 4942 6276 6315 
12556 6203 5409 6310 
12557 3753 3747 6301 
12558 6276 5215 6315 
12559 5477 6279 6302 
12560 4751 4934 6302 
12561 6274 5127 6318 
12562 5120 6286 6287 
12563 4311 4040 6331 
12564 3753 6301 6303 
12565 4943 6046 6329 
12566 4648 5862 6304 
12567 4593 4945 6337 
12568 3765 3753 6303 
12569 5089 5213 6306 
12570 6305 5089 6306 
12571 5884 5089 6305 
12572 4588 4853 6333 
12573 4707 4708 6307 
12574 44 6340 6343 
12575 5121 6308 6309 
12576 5121 5972 6308 
12577 5455 6274 6318 
12578 6046 4665 6329 
12579 5394 4592 6322 
12580 5122 5121 6309 
12581 4308 6258 6325 
12582 6258 5545 6325 
12583 5131 6299 6311 
12584 5122 6309 6312 
12585 6288 4980 6291 
12586 6329 4665 6337 
12587 4316 6328 6330 
12588 5226 5122 6312 
12589 5128 5127 6313 
12590 4707 6307 6316 
12591 4143 5759 6314 
12592 3393 5323 6338 
12593 4939 4942 6315 
12594 5134 6332 6333 
12595 4592 4949 6323 
12596 5323 6337 6338 
12597 5323 6224 6329 
12598 6322 4592 6323 
12599 4937 4707 6316 
12600 4583 5077 6318 
12601 3957 6280 6300 
12602 4937 6316 6319 
12603 5104 6220 6310 
12604 4949 5197 6326 
12605 5891 4927 6317 
12606 6337 4945 6338 
12607 6323 4949 6326 
12608 44 45 6340 
12609 4853 5165 6335 
12610 6116 4937 6319 
12611 5217 4931 6320 
12612 6342 3366 6343 
12613 6046 4662 6321 
12614 5129 5131 6322 
12615 5130 5129 6323 
12616 5186 5130 6326 
12617 6334 4941 6336 
12618 5129 6322 6323 
12619 5130 6323 6326 
12620 4653 4938 6324 
12621 4316 6330 6332 
12622 6324 4938 6327 
12623 4938 4940 6327 
12624 4042 3817 6328 
12625 5134 6333 6335 
12626 5832 5133 6330 
12627 4040 4041 6331 
12628 43 44 6343 
12629 4488 4316 6332 
12630 6224 4943 6329 
12631 6254 4308 6325 
12632 5132 4588 6333 
12633 6328 5832 6330 
12634 4944 4941 6334 
12635 5188 5134 6335 
12636 4941 6315 6336 
12637 6332 5132 6333 
12638 4665 4593 6337 
12639 5215 5216 6336 
12640 4945 5143 6339 
12641 6097 3393 6338 
12642 6334 3366 6342 
12643 6315 5215 6336 
12644 5891 6317 6341 
12645 6317 3381 6341 
12646 6097 6338 6339 
12647 6338 4945 6339 
12648 3422 6097 6339 
12649 6340 5237 6343 
12650 5236 4944 6342 
12651 6317 5237 6340 
12652 3366 43 6343 
12653 5137 5891 6341 
12654 4944 6334 6342 
12655 5700 4620 6344 
12656 5153 5700 6344 
12657 5156 5467 6392 
12658 5501 5166 6345 
12659 5851 4953 6345 
12660 5211 4625 6346 
12661 4625 5917 6346 
12662 6146 4956 6469 
12663 4953 5501 6345 
12664 3397 5191 6498 
12665 5158 5245 6399 
12666 5954 3367 6384 
12667 5306 3363 6450 
12668 88 89 6347 
12669 5917 5136 6346 
12670 5192 3426 6461 
12671 4621 4622 6348 
12672 5170 5283 6480 
12673 5031 5026 6349 
12674 5024 5918 6349 
12675 53 3411 6350 
12676 5197 3414 6483 
12677 5196 6397 6398 
12678 3359 88 6347 
12679 6054 5154 6351 
12680 5152 5153 6352 
12681 3413 67 6353 
12682 68 3372 6353 
12683 5299 5918 6391 
12684 5374 4954 6359 
12685 3389 5202 6364 
12686 3404 5271 6354 
12687 5245 5244 6354 
12688 4960 4621 6348 
12689 6451 5264 6498 
12690 5019 4810 6355 
12691 4792 4974 6355 
12692 5142 5491 6356 
12693 5026 5024 6349 
12694 5717 5271 6468 
12695 52 53 6350 
12696 5398 3417 6429 
12697 5194 5196 6378 
12698 5937 6363 6419 
12699 5061 5063 6357 
12700 4631 5960 6357 
12701 5467 5156 6456 
12702 5245 5158 6466 
12703 145 3356 6358 
12704 3412 144 6358 
12705 5332 3401 6359 
12706 5373 5374 6359 
12707 5274 5276 6360 
12708 5302 3361 6361 
12709 5284 5289 6361 
12710 3372 6369 6409 
12711 5347 5149 6366 
12712 3370 169 6362 
12713 5283 3394 6480 
12714 3411 6056 6352 
12715 5164 6054 6351 
12716 5290 3392 6351 
12717 5153 6344 6352 
12718 5442 4966 6363 
12719 67 68 6353 
12720 4469 5789 6360 
12721 5235 80 6364 
12722 81 3389 6364 
12723 5149 4617 6366 
12724 4629 5439 6366 
12725 5183 6142 6367 
12726 6048 5155 6368 
12727 5189 4973 6368 
12728 5198 3379 6422 
12729 6055 5138 6429 
12730 6146 3385 6400 
12731 5175 4951 6369 
12732 5178 5095 6370 
12733 6166 5161 6370 
12734 5159 5469 6371 
12735 4975 5206 6371 
12736 5467 5466 6394 
12737 5205 3358 6425 
12738 141 142 6373 
12739 113 114 6374 
12740 5265 3397 6393 
12741 5244 3404 6354 
12742 167 168 6375 
12743 62 63 6376 
12744 5196 3396 6397 
12745 5283 5170 6424 
12746 5156 5157 6456 
12747 4810 4792 6355 
12748 5265 6393 6401 
12749 5491 5492 6356 
12750 6355 4974 6423 
12751 4688 4689 6378 
12752 4693 5194 6378 
12753 6347 5356 6389 
12754 5466 179 6379 
12755 180 3402 6379 
12756 5151 5328 6431 
12757 5187 3374 6460 
12758 112 113 6382 
12759 142 143 6383 
12760 5399 5400 6384 
12761 5179 5180 6385 
12762 5040 5438 6386 
12763 73 3350 6387 
12764 3408 72 6387 
12765 5438 5142 6449 
12766 3414 49 6388 
12767 50 3374 6388 
12768 3379 5198 6472 
12769 5960 5061 6357 
12770 4956 4955 6390 
12771 4954 5374 6406 
12772 3377 5299 6391 
12773 4600 5156 6392 
12774 4788 4706 6392 
12775 86 5204 6408 
12776 5297 4619 6404 
12777 144 145 6358 
12778 3397 76 6393 
12779 77 5262 6393 
12780 5199 5193 6365 
12781 5163 4958 6377 
12782 3401 5373 6359 
12783 5192 5140 6395 
12784 4448 4619 6396 
12785 5091 6069 6396 
12786 3396 148 6397 
12787 149 5301 6397 
12788 5328 3383 6431 
12789 4959 4483 6399 
12790 4486 5158 6399 
12791 5143 6146 6400 
12792 3422 6339 6400 
12793 109 3357 6402 
12794 6055 108 6402 
12795 147 3396 6403 
12796 3356 146 6403 
12797 4724 5190 6404 
12798 4619 4604 6404 
12799 5300 5336 6485 
12800 5146 4669 6406 
12801 4671 4954 6406 
12802 5296 5177 6448 
12803 5149 5347 6421 
12804 5276 5282 6360 
12805 5211 6346 6426 
12806 85 86 6408 
12807 3361 5284 6361 
12808 5247 6355 6423 
12809 5367 6431 6465 
12810 169 170 6362 
12811 5200 3402 6452 
12812 123 124 6413 
12813 133 134 6415 
12814 4598 4824 6417 
12815 5480 5463 6418 
12816 6456 5157 6502 
12817 171 3390 6420 
12818 163 3349 6421 
12819 5347 162 6421 
12820 5172 5414 6422 
12821 5145 5198 6422 
12822 4968 5152 6424 
12823 4972 5205 6425 
12824 5154 4970 6425 
12825 5442 5931 6502 
12826 5235 4960 6501 
12827 6348 4622 6458 
12828 4966 4967 6363 
12829 5918 5135 6391 
12830 3355 5283 6424 
12831 3415 5207 6447 
12832 6357 5063 6389 
12833 69 70 6407 
12834 166 167 6428 
12835 5985 5184 6376 
12836 80 81 6364 
12837 5139 5398 6429 
12838 3420 6419 6462 
12839 5492 5034 6430 
12840 5367 5664 6431 
12841 6346 5136 6416 
12842 70 71 6432 
12843 5462 5197 6412 
12844 5252 5253 6443 
12845 135 3382 6444 
12846 125 3407 6442 
12847 5464 4961 6446 
12848 4963 4596 6445 
12849 138 3415 6447 
12850 3425 137 6447 
12851 5177 4632 6448 
12852 4479 5091 6448 
12853 4617 4629 6366 
12854 5160 5159 6494 
12855 5161 5162 6495 
12856 5289 5286 6380 
12857 6142 5171 6367 
12858 4973 6048 6368 
12859 6335 5165 6450 
12860 5850 5851 6451 
12861 182 3353 6452 
12862 3402 181 6452 
12863 5286 5288 6380 
12864 5248 3399 6453 
12865 61 62 6454 
12866 5402 5600 6455 
12867 5263 6348 6458 
12868 3360 5467 6456 
12869 4624 5112 6458 
12870 6063 5398 6471 
12871 5805 5377 6459 
12872 4951 4952 6369 
12873 3374 51 6460 
12874 5316 5315 6377 
12875 4958 5316 6377 
12876 5095 6166 6370 
12877 5469 4975 6371 
12878 5206 3415 6482 
12879 5328 5178 6481 
12880 66 3413 6461 
12881 3426 65 6461 
12882 6347 6389 6427 
12883 5354 5353 6466 
12884 3354 5245 6466 
12885 3371 5349 6467 
12886 3373 141 6373 
12887 114 3365 6374 
12888 5263 3369 6501 
12889 5331 5332 6500 
12890 3419 83 6472 
12891 84 3379 6472 
12892 5565 5147 6473 
12893 4957 4686 6474 
12894 5141 5163 6475 
12895 3409 17 6479 
12896 46 3 6487 
12897 28 2 6492 
12898 154 9 6488 
12899 64 4 6489 
12900 190 1 6490 
12901 100 6 6491 
12902 2 3422 6492 
12903 9 3424 6488 
12904 3 3423 6487 
12905 4 3426 6489 
12906 1 3427 6490 
12907 6 3428 6491 
12908 5287 3384 6488 
12909 5337 3388 6490 
12910 5279 3386 6491 
12911 6341 3381 6487 
12912 116 5328 6481 
12913 3365 115 6481 
12914 3415 139 6482 
12915 140 3373 6482 
12916 6326 5197 6483 
12917 5020 5019 6484 
12918 168 3370 6375 
12919 5264 3397 6498 
12920 63 3387 6376 
12921 5292 3364 6385 
12922 3368 5968 6386 
12923 3420 5937 6419 
12924 5315 3400 6377 
12925 6386 5968 6477 
12926 5292 6385 6476 
12927 6351 5154 6506 
12928 5152 6352 6505 
12929 5273 5274 6405 
12930 6348 5263 6501 
12931 5204 5172 6408 
12932 5150 5167 6478 
12933 52 6350 6460 
12934 5356 5355 6389 
12935 5163 6377 6428 
12936 3416 5954 6486 
12937 5274 6360 6405 
12938 4689 4693 6378 
12939 3370 6214 6475 
12940 18 5205 6479 
12941 5197 5137 6412 
12942 82 5 6496 
12943 5 3419 6496 
12944 5355 6357 6389 
12945 5398 5399 6471 
12946 5164 6351 6457 
12947 6351 3392 6457 
12948 179 180 6379 
12949 4679 5926 6380 
12950 6391 5135 6453 
12951 5290 6351 6506 
12952 6352 6056 6505 
12953 5205 5189 6479 
12954 6373 5160 6494 
12955 5162 6374 6495 
12956 6362 170 6420 
12957 5155 6386 6477 
12958 6385 5183 6476 
12959 6398 5302 6474 
12960 5799 3416 6381 
12961 6363 4967 6419 
12962 3398 112 6382 
12963 143 3412 6383 
12964 5400 5401 6384 
12965 5180 5183 6385 
12966 5155 5040 6386 
12967 72 73 6387 
12968 136 8 6497 
12969 8 3425 6497 
12970 5332 6372 6500 
12971 49 50 6388 
12972 5146 6406 6467 
12973 4955 5188 6390 
12974 6421 3349 6470 
12975 3349 5314 6470 
12976 5254 3377 6391 
12977 5163 6375 6475 
12978 3359 6347 6427 
12979 4706 4600 6392 
12980 5273 6405 6468 
12981 5157 5442 6502 
12982 6377 3400 6428 
12983 3411 6352 6463 
12984 6352 6344 6463 
12985 5289 6380 6493 
12986 76 77 6393 
12987 6419 6102 6462 
12988 5262 5263 6401 
12989 5799 6381 6411 
12990 5137 6341 6412 
12991 5281 5279 6411 
12992 5140 5986 6395 
12993 4960 6348 6501 
12994 6360 5789 6405 
12995 6069 4448 6396 
12996 6367 5171 6480 
12997 148 149 6397 
12998 5301 5302 6398 
12999 4483 4486 6399 
13000 3412 6358 6459 
13001 3353 5247 6423 
13002 6339 5143 6400 
13003 5166 5175 6499 
13004 3372 69 6407 
13005 108 109 6402 
13006 146 147 6403 
13007 4604 4724 6404 
13008 5175 6369 6407 
13009 6353 3372 6409 
13010 5789 4618 6405 
13011 4669 4671 6406 
13012 3417 6055 6429 
13013 6413 5464 6446 
13014 6414 4963 6445 
13015 5253 6417 6443 
13016 3382 6416 6444 
13017 3407 6418 6442 
13018 3379 85 6408 
13019 5248 6453 6484 
13020 5254 6391 6453 
13021 6380 5926 6493 
13022 6431 3383 6465 
13023 3414 6388 6483 
13024 3428 5799 6411 
13025 3423 5462 6412 
13026 3376 123 6413 
13027 6414 3362 6415 
13028 5253 3362 6414 
13029 3362 133 6415 
13030 5136 5174 6416 
13031 4824 4962 6417 
13032 5463 5464 6418 
13033 4967 6102 6419 
13034 170 171 6420 
13035 162 163 6421 
13036 5414 5145 6422 
13037 4974 5200 6423 
13038 5170 4968 6424 
13039 4970 4972 6425 
13040 3426 6395 6489 
13041 6389 5063 6427 
13042 5063 5565 6427 
13043 5271 5273 6468 
13044 5193 6353 6409 
13045 6372 5287 6500 
13046 3400 166 6428 
13047 5401 5402 6486 
13048 5138 5139 6429 
13049 3418 5964 6449 
13050 5034 5634 6430 
13051 5664 5151 6431 
13052 71 3408 6432 
13053 6358 5806 6459 
13054 5399 6384 6471 
13055 6435 3376 6446 
13056 4962 6433 6443 
13057 6434 4964 6436 
13058 6439 4965 6440 
13059 4965 5480 6440 
13060 6436 5571 6439 
13061 5571 4965 6439 
13062 4964 5571 6436 
13063 6433 5527 6434 
13064 5527 4964 6434 
13065 5596 6174 6435 
13066 4962 5527 6433 
13067 6435 6174 6441 
13068 5366 5365 6438 
13069 6174 5366 6441 
13070 5365 5367 6437 
13071 5366 6438 6441 
13072 5365 6437 6438 
13073 5255 6434 6436 
13074 3352 5255 6436 
13075 5255 3395 6434 
13076 3395 5251 6433 
13077 3395 6433 6434 
13078 5773 6439 6440 
13079 3352 6436 6439 
13080 3407 5773 6440 
13081 5773 3352 6439 
13082 6029 3376 6435 
13083 6029 6435 6441 
13084 3405 6029 6441 
13085 3421 6108 6437 
13086 6108 3405 6438 
13087 6438 3405 6441 
13088 6437 6108 6438 
13089 6405 4618 6468 
13090 5154 6425 6506 
13091 6424 5152 6505 
13092 5596 6435 6446 
13093 6433 5251 6443 
13094 124 125 6442 
13095 5251 5252 6443 
13096 134 135 6444 
13097 4596 4598 6445 
13098 4961 5596 6446 
13099 137 138 6447 
13100 4632 4479 6448 
13101 5142 6356 6449 
13102 3422 6400 6492 
13103 5188 6335 6450 
13104 6350 3411 6463 
13105 5305 5165 6457 
13106 5144 5850 6451 
13107 181 182 6452 
13108 3399 5254 6453 
13109 6369 3372 6407 
13110 3364 61 6454 
13111 5600 4470 6455 
13112 5360 3360 6456 
13113 6430 5634 6485 
13114 6365 5193 6409 
13115 5165 5164 6457 
13116 3392 5305 6457 
13117 6361 5289 6493 
13118 4622 4624 6458 
13119 5806 5805 6459 
13120 51 52 6460 
13121 6356 3418 6449 
13122 4956 6390 6469 
13123 5209 6350 6463 
13124 65 66 6461 
13125 6406 5374 6467 
13126 6344 5209 6463 
13127 3427 6057 6464 
13128 5353 3354 6466 
13129 5374 3371 6467 
13130 5144 6451 6498 
13131 6455 4470 6503 
13132 4618 5717 6468 
13133 5330 5329 6469 
13134 5360 6456 6502 
13135 6404 5190 6504 
13136 6370 5161 6495 
13137 5159 6371 6494 
13138 5148 5149 6470 
13139 3357 5297 6504 
13140 6345 5166 6499 
13141 5149 6421 6470 
13142 6368 5155 6477 
13143 5183 6367 6476 
13144 3367 6063 6471 
13145 6102 5150 6478 
13146 83 84 6472 
13147 3408 6345 6499 
13148 5147 5204 6473 
13149 4686 4688 6474 
13150 6214 5141 6475 
13151 5291 5292 6476 
13152 5968 3409 6477 
13153 17 18 6479 
13154 5171 5170 6480 
13155 115 116 6481 
13156 139 140 6482 
13157 3382 136 6497 
13158 5186 6326 6483 
13159 5135 5020 6484 
13160 5634 5031 6485 
13161 3389 82 6496 
13162 3385 28 6492 
13163 3388 190 6490 
13164 3386 100 6491 
13165 3384 154 6488 
13166 3387 64 6489 
13167 3381 46 6487 
13168 5926 4957 6493 
13169 5191 5144 6498 
13170 6388 5186 6483 
13171 3424 5331 6500 
13172 3369 5235 6501 
13173 5931 5360 6502 
13174 4470 5919 6503 
13175 3358 5290 6506 
13176 6056 3355 6505 
13177 5175 6432 6499 
13178 5402 6381 6486 
13179 6375 3370 6475 
13180 4957 6361 6493 
13181 3421 6437 6465 
13182 6437 5367 6465 
13183 6384 3367 6471 
13184 3376 6413 6446 
13185 5253 6414 6445 
13186 6416 5174 6444 
13187 6417 4962 6443 
13188 6418 5464 6442 
13189 3365 6370 6495 
13190 6371 3373 6494 
13191 6367 5291 6476 
13192 3409 6368 6477 
13193 6400 3385 6492 
13194 6453 5135 6484 
13195 3355 6424 6505 
13196 6425 3358 6506 
13197 6390 5330 6469 
13198 3373 6373 6494 
13199 6374 3365 6495 
13200 6381 3416 6486 
13201 6410 3389 6496 
13202 6426 3382 6497 
13203 5297 6404 6504 
13204 3419 6410 6496 
13205 3425 6426 6497 
13206 6462 6102 6478 
13207 3390 6462 6478 
13208 6432 3408 6499 
$EndElements
