$MeshFormat
4.1 0 8
$EndMeshFormat
$Entities
4 4 1 0
1 -0.6 -0.2 0 0 
2 -0.58 -0.2 0 0 
3 -0.58 -0.18 0 0 
4 -0.6 -0.18 0 0 
1 -0.6000000999999999 -0.2000001 -1e-07 -0.5799999 -0.1999999 1e-07 0 2 1 -2 
2 -0.5800000999999999 -0.2000001 -1e-07 -0.5799999 -0.1799999 1e-07 0 2 2 -3 
3 -0.6000000999999999 -0.1800001 -1e-07 -0.5799999 -0.1799999 1e-07 0 2 3 -4 
4 -0.6000000999999999 -0.2000001 -1e-07 -0.5999999 -0.1799999 1e-07 0 2 4 -1 
1 -0.6000000999999999 -0.2000001 -1e-07 -0.5799999 -0.1799999 1e-07 0 4 1 2 3 4 
$EndEntities
$Nodes
9 1600 1 1600
0 1 0 1
1
-0.6 -0.2 0
0 2 0 1
2
-0.58 -0.2 0
0 3 0 1
3
-0.58 -0.18 0
0 4 0 1
4
-0.6 -0.18 0
1 1 0 38
5
6
7
8
9
10
11
12
13
14
15
16
17
18
19
20
21
22
23
24
25
26
27
28
29
30
31
32
33
34
35
36
37
38
39
40
41
42
-0.5994871794871794 -0.2 0
-0.5989743589743589 -0.2 0
-0.5984615384615385 -0.2 0
-0.597948717948718 -0.2 0
-0.5974358974358974 -0.2 0
-0.5969230769230769 -0.2 0
-0.5964102564102564 -0.2 0
-0.5958974358974358 -0.2 0
-0.5953846153846154 -0.2 0
-0.5948717948717949 -0.2 0
-0.5943589743589743 -0.2 0
-0.5938461538461538 -0.2 0
-0.5933333333333333 -0.2 0
-0.5928205128205128 -0.2 0
-0.5923076923076923 -0.2 0
-0.5917948717948718 -0.2 0
-0.5912820512820512 -0.2 0
-0.5907692307692307 -0.2 0
-0.5902564102564102 -0.2 0
-0.5897435897435898 -0.2 0
-0.5892307692307692 -0.2 0
-0.5887179487179487 -0.2 0
-0.5882051282051282 -0.2 0
-0.5876923076923076 -0.2 0
-0.5871794871794871 -0.2 0
-0.5866666666666667 -0.2 0
-0.5861538461538461 -0.2 0
-0.5856410256410256 -0.2 0
-0.5851282051282051 -0.2 0
-0.5846153846153845 -0.2 0
-0.5841025641025641 -0.2 0
-0.5835897435897436 -0.2 0
-0.583076923076923 -0.2 0
-0.5825641025641025 -0.2 0
-0.582051282051282 -0.2 0
-0.5815384615384614 -0.2 0
-0.581025641025641 -0.2 0
-0.5805128205128205 -0.2 0
1 2 0 38
43
44
45
46
47
48
49
50
51
52
53
54
55
56
57
58
59
60
61
62
63
64
65
66
67
68
69
70
71
72
73
74
75
76
77
78
79
80
-0.58 -0.1994871794871795 0
-0.58 -0.198974358974359 0
-0.58 -0.1984615384615385 0
-0.58 -0.197948717948718 0
-0.58 -0.1974358974358975 0
-0.58 -0.196923076923077 0
-0.58 -0.1964102564102564 0
-0.58 -0.1958974358974359 0
-0.58 -0.1953846153846154 0
-0.58 -0.1948717948717949 0
-0.58 -0.1943589743589744 0
-0.58 -0.1938461538461539 0
-0.58 -0.1933333333333334 0
-0.58 -0.1928205128205128 0
-0.58 -0.1923076923076923 0
-0.58 -0.1917948717948718 0
-0.58 -0.1912820512820513 0
-0.58 -0.1907692307692308 0
-0.58 -0.1902564102564103 0
-0.58 -0.1897435897435898 0
-0.58 -0.1892307692307693 0
-0.58 -0.1887179487179487 0
-0.58 -0.1882051282051282 0
-0.58 -0.1876923076923077 0
-0.58 -0.1871794871794872 0
-0.58 -0.1866666666666667 0
-0.58 -0.1861538461538462 0
-0.58 -0.1856410256410257 0
-0.58 -0.1851282051282052 0
-0.58 -0.1846153846153846 0
-0.58 -0.1841025641025641 0
-0.58 -0.1835897435897436 0
-0.58 -0.1830769230769231 0
-0.58 -0.1825641025641026 0
-0.58 -0.1820512820512821 0
-0.58 -0.1815384615384616 0
-0.58 -0.1810256410256411 0
-0.58 -0.1805128205128205 0
1 3 0 38
81
82
83
84
85
86
87
88
89
90
91
92
93
94
95
96
97
98
99
100
101
102
103
104
105
106
107
108
109
110
111
112
113
114
115
116
117
118
-0.5805128205128205 -0.18 0
-0.581025641025641 -0.18 0
-0.5815384615384614 -0.18 0
-0.582051282051282 -0.18 0
-0.5825641025641025 -0.18 0
-0.583076923076923 -0.18 0
-0.5835897435897436 -0.18 0
-0.5841025641025641 -0.18 0
-0.5846153846153845 -0.18 0
-0.5851282051282051 -0.18 0
-0.5856410256410256 -0.18 0
-0.5861538461538461 -0.18 0
-0.5866666666666667 -0.18 0
-0.5871794871794871 -0.18 0
-0.5876923076923076 -0.18 0
-0.5882051282051282 -0.18 0
-0.5887179487179487 -0.18 0
-0.5892307692307692 -0.18 0
-0.5897435897435898 -0.18 0
-0.5902564102564102 -0.18 0
-0.5907692307692307 -0.18 0
-0.5912820512820512 -0.18 0
-0.5917948717948718 -0.18 0
-0.5923076923076923 -0.18 0
-0.5928205128205128 -0.18 0
-0.5933333333333333 -0.18 0
-0.5938461538461538 -0.18 0
-0.5943589743589743 -0.18 0
-0.5948717948717949 -0.18 0
-0.5953846153846154 -0.18 0
-0.5958974358974358 -0.18 0
-0.5964102564102564 -0.18 0
-0.5969230769230769 -0.18 0
-0.5974358974358974 -0.18 0
-0.597948717948718 -0.18 0
-0.5984615384615385 -0.18 0
-0.5989743589743589 -0.18 0
-0.5994871794871794 -0.18 0
1 4 0 38
119
120
121
122
123
124
125
126
127
128
129
130
131
132
133
134
135
136
137
138
139
140
141
142
143
144
145
146
147
148
149
150
151
152
153
154
155
156
-0.6 -0.1805128205128205 0
-0.6 -0.181025641025641 0
-0.6 -0.1815384615384616 0
-0.6 -0.1820512820512821 0
-0.6 -0.1825641025641026 0
-0.6 -0.1830769230769231 0
-0.6 -0.1835897435897436 0
-0.6 -0.1841025641025641 0
-0.6 -0.1846153846153846 0
-0.6 -0.1851282051282051 0
-0.6 -0.1856410256410257 0
-0.6 -0.1861538461538462 0
-0.6 -0.1866666666666667 0
-0.6 -0.1871794871794872 0
-0.6 -0.1876923076923077 0
-0.6 -0.1882051282051282 0
-0.6 -0.1887179487179487 0
-0.6 -0.1892307692307693 0
-0.6 -0.1897435897435898 0
-0.6 -0.1902564102564103 0
-0.6 -0.1907692307692308 0
-0.6 -0.1912820512820513 0
-0.6 -0.1917948717948718 0
-0.6 -0.1923076923076923 0
-0.6 -0.1928205128205128 0
-0.6 -0.1933333333333334 0
-0.6 -0.1938461538461539 0
-0.6 -0.1943589743589744 0
-0.6 -0.1948717948717949 0
-0.6 -0.1953846153846154 0
-0.6 -0.1958974358974359 0
-0.6 -0.1964102564102564 0
-0.6 -0.1969230769230769 0
-0.6 -0.1974358974358975 0
-0.6 -0.197948717948718 0
-0.6 -0.1984615384615385 0
-0.6 -0.198974358974359 0
-0.6 -0.1994871794871795 0
2 1 0 1444
157
158
159
160
161
162
163
164
165
166
167
168
169
170
171
172
173
174
175
176
177
178
179
180
181
182
183
184
185
186
187
188
189
190
191
192
193
194
195
196
197
198
199
200
201
202
203
204
205
206
207
208
209
210
211
212
213
214
215
216
217
218
219
220
221
222
223
224
225
226
227
228
229
230
231
232
233
234
235
236
237
238
239
240
241
242
243
244
245
246
247
248
249
250
251
252
253
254
255
256
257
258
259
260
261
262
263
264
265
266
267
268
269
270
271
272
273
274
275
276
277
278
279
280
281
282
283
284
285
286
287
288
289
290
291
292
293
294
295
296
297
298
299
300
301
302
303
304
305
306
307
308
309
310
311
312
313
314
315
316
317
318
319
320
321
322
323
324
325
326
327
328
329
330
331
332
333
334
335
336
337
338
339
340
341
342
343
344
345
346
347
348
349
350
351
352
353
354
355
356
357
358
359
360
361
362
363
364
365
366
367
368
369
370
371
372
373
374
375
376
377
378
379
380
381
382
383
384
385
386
387
388
389
390
391
392
393
394
395
396
397
398
399
400
401
402
403
404
405
406
407
408
409
410
411
412
413
414
415
416
417
418
419
420
421
422
423
424
425
426
427
428
429
430
431
432
433
434
435
436
437
438
439
440
441
442
443
444
445
446
447
448
449
450
451
452
453
454
455
456
457
458
459
460
461
462
463
464
465
466
467
468
469
470
471
472
473
474
475
476
477
478
479
480
481
482
483
484
485
486
487
488
489
490
491
492
493
494
495
496
497
498
499
500
501
502
503
504
505
506
507
508
509
510
511
512
513
514
515
516
517
518
519
520
521
522
523
524
525
526
527
528
529
530
531
532
533
534
535
536
537
538
539
540
541
542
543
544
545
546
547
548
549
550
551
552
553
554
555
556
557
558
559
560
561
562
563
564
565
566
567
568
569
570
571
572
573
574
575
576
577
578
579
580
581
582
583
584
585
586
587
588
589
590
591
592
593
594
595
596
597
598
599
600
601
602
603
604
605
606
607
608
609
610
611
612
613
614
615
616
617
618
619
620
621
622
623
624
625
626
627
628
629
630
631
632
633
634
635
636
637
638
639
640
641
642
643
644
645
646
647
648
649
650
651
652
653
654
655
656
657
658
659
660
661
662
663
664
665
666
667
668
669
670
671
672
673
674
675
676
677
678
679
680
681
682
683
684
685
686
687
688
689
690
691
692
693
694
695
696
697
698
699
700
701
702
703
704
705
706
707
708
709
710
711
712
713
714
715
716
717
718
719
720
721
722
723
724
725
726
727
728
729
730
731
732
733
734
735
736
737
738
739
740
741
742
743
744
745
746
747
748
749
750
751
752
753
754
755
756
757
758
759
760
761
762
763
764
765
766
767
768
769
770
771
772
773
774
775
776
777
778
779
780
781
782
783
784
785
786
787
788
789
790
791
792
793
794
795
796
797
798
799
800
801
802
803
804
805
806
807
808
809
810
811
812
813
814
815
816
817
818
819
820
821
822
823
824
825
826
827
828
829
830
831
832
833
834
835
836
837
838
839
840
841
842
843
844
845
846
847
848
849
850
851
852
853
854
855
856
857
858
859
860
861
862
863
864
865
866
867
868
869
870
871
872
873
874
875
876
877
878
879
880
881
882
883
884
885
886
887
888
889
890
891
892
893
894
895
896
897
898
899
900
901
902
903
904
905
906
907
908
909
910
911
912
913
914
915
916
917
918
919
920
921
922
923
924
925
926
927
928
929
930
931
932
933
934
935
936
937
938
939
940
941
942
943
944
945
946
947
948
949
950
951
952
953
954
955
956
957
958
959
960
961
962
963
964
965
966
967
968
969
970
971
972
973
974
975
976
977
978
979
980
981
982
983
984
985
986
987
988
989
990
991
992
993
994
995
996
997
998
999
1000
1001
1002
1003
1004
1005
1006
1007
1008
1009
1010
1011
1012
1013
1014
1015
1016
1017
1018
1019
1020
1021
1022
1023
1024
1025
1026
1027
1028
1029
1030
1031
1032
1033
1034
1035
1036
1037
1038
1039
1040
1041
1042
1043
1044
1045
1046
1047
1048
1049
1050
1051
1052
1053
1054
1055
1056
1057
1058
1059
1060
1061
1062
1063
1064
1065
1066
1067
1068
1069
1070
1071
1072
1073
1074
1075
1076
1077
1078
1079
1080
1081
1082
1083
1084
1085
1086
1087
1088
1089
1090
1091
1092
1093
1094
1095
1096
1097
1098
1099
1100
1101
1102
1103
1104
1105
1106
1107
1108
1109
1110
1111
1112
1113
1114
1115
1116
1117
1118
1119
1120
1121
1122
1123
1124
1125
1126
1127
1128
1129
1130
1131
1132
1133
1134
1135
1136
1137
1138
1139
1140
1141
1142
1143
1144
1145
1146
1147
1148
1149
1150
1151
1152
1153
1154
1155
1156
1157
1158
1159
1160
1161
1162
1163
1164
1165
1166
1167
1168
1169
1170
1171
1172
1173
1174
1175
1176
1177
1178
1179
1180
1181
1182
1183
1184
1185
1186
1187
1188
1189
1190
1191
1192
1193
1194
1195
1196
1197
1198
1199
1200
1201
1202
1203
1204
1205
1206
1207
1208
1209
1210
1211
1212
1213
1214
1215
1216
1217
1218
1219
1220
1221
1222
1223
1224
1225
1226
1227
1228
1229
1230
1231
1232
1233
1234
1235
1236
1237
1238
1239
1240
1241
1242
1243
1244
1245
1246
1247
1248
1249
1250
1251
1252
1253
1254
1255
1256
1257
1258
1259
1260
1261
1262
1263
1264
1265
1266
1267
1268
1269
1270
1271
1272
1273
1274
1275
1276
1277
1278
1279
1280
1281
1282
1283
1284
1285
1286
1287
1288
1289
1290
1291
1292
1293
1294
1295
1296
1297
1298
1299
1300
1301
1302
1303
1304
1305
1306
1307
1308
1309
1310
1311
1312
1313
1314
1315
1316
1317
1318
1319
1320
1321
1322
1323
1324
1325
1326
1327
1328
1329
1330
1331
1332
1333
1334
1335
1336
1337
1338
1339
1340
1341
1342
1343
1344
1345
1346
1347
1348
1349
1350
1351
1352
1353
1354
1355
1356
1357
1358
1359
1360
1361
1362
1363
1364
1365
1366
1367
1368
1369
1370
1371
1372
1373
1374
1375
1376
1377
1378
1379
1380
1381
1382
1383
1384
1385
1386
1387
1388
1389
1390
1391
1392
1393
1394
1395
1396
1397
1398
1399
1400
1401
1402
1403
1404
1405
1406
1407
1408
1409
1410
1411
1412
1413
1414
1415
1416
1417
1418
1419
1420
1421
1422
1423
1424
1425
1426
1427
1428
1429
1430
1431
1432
1433
1434
1435
1436
1437
1438
1439
1440
1441
1442
1443
1444
1445
1446
1447
1448
1449
1450
1451
1452
1453
1454
1455
1456
1457
1458
1459
1460
1461
1462
1463
1464
1465
1466
1467
1468
1469
1470
1471
1472
1473
1474
1475
1476
1477
1478
1479
1480
1481
1482
1483
1484
1485
1486
1487
1488
1489
1490
1491
1492
1493
1494
1495
1496
1497
1498
1499
1500
1501
1502
1503
1504
1505
1506
1507
1508
1509
1510
1511
1512
1513
1514
1515
1516
1517
1518
1519
1520
1521
1522
1523
1524
1525
1526
1527
1528
1529
1530
1531
1532
1533
1534
1535
1536
1537
1538
1539
1540
1541
1542
1543
1544
1545
1546
1547
1548
1549
1550
1551
1552
1553
1554
1555
1556
1557
1558
1559
1560
1561
1562
1563
1564
1565
1566
1567
1568
1569
1570
1571
1572
1573
1574
1575
1576
1577
1578
1579
1580
1581
1582
1583
1584
1585
1586
1587
1588
1589
1590
1591
1592
1593
1594
1595
1596
1597
1598
1599
1600
-0.5994871794871794 -0.1994871794871795 0
-0.5994871794871794 -0.198974358974359 0
-0.5994871794871794 -0.1984615384615385 0
-0.5994871794871794 -0.197948717948718 0
-0.5994871794871794 -0.1974358974358975 0
-0.5994871794871794 -0.196923076923077 0
-0.5994871794871794 -0.1964102564102564 0
-0.5994871794871794 -0.1958974358974359 0
-0.5994871794871794 -0.1953846153846154 0
-0.5994871794871794 -0.1948717948717949 0
-0.5994871794871794 -0.1943589743589744 0
-0.5994871794871794 -0.1938461538461539 0
-0.5994871794871794 -0.1933333333333334 0
-0.5994871794871794 -0.1928205128205128 0
-0.5994871794871794 -0.1923076923076923 0
-0.5994871794871794 -0.1917948717948718 0
-0.5994871794871794 -0.1912820512820513 0
-0.5994871794871794 -0.1907692307692308 0
-0.5994871794871794 -0.1902564102564103 0
-0.5994871794871794 -0.1897435897435898 0
-0.5994871794871794 -0.1892307692307693 0
-0.5994871794871794 -0.1887179487179487 0
-0.5994871794871794 -0.1882051282051282 0
-0.5994871794871794 -0.1876923076923077 0
-0.5994871794871794 -0.1871794871794872 0
-0.5994871794871794 -0.1866666666666667 0
-0.5994871794871794 -0.1861538461538462 0
-0.5994871794871794 -0.1856410256410257 0
-0.5994871794871794 -0.1851282051282052 0
-0.5994871794871794 -0.1846153846153846 0
-0.5994871794871794 -0.1841025641025641 0
-0.5994871794871794 -0.1835897435897436 0
-0.5994871794871794 -0.1830769230769231 0
-0.5994871794871794 -0.1825641025641026 0
-0.5994871794871794 -0.1820512820512821 0
-0.5994871794871794 -0.1815384615384616 0
-0.5994871794871794 -0.1810256410256411 0
-0.5994871794871794 -0.1805128205128205 0
-0.5989743589743589 -0.1994871794871795 0
-0.5989743589743589 -0.198974358974359 0
-0.5989743589743589 -0.1984615384615385 0
-0.5989743589743589 -0.197948717948718 0
-0.5989743589743589 -0.1974358974358975 0
-0.5989743589743589 -0.196923076923077 0
-0.5989743589743589 -0.1964102564102564 0
-0.5989743589743589 -0.1958974358974359 0
-0.5989743589743589 -0.1953846153846154 0
-0.5989743589743589 -0.1948717948717949 0
-0.5989743589743589 -0.1943589743589744 0
-0.5989743589743589 -0.1938461538461539 0
-0.5989743589743589 -0.1933333333333334 0
-0.5989743589743589 -0.1928205128205128 0
-0.5989743589743589 -0.1923076923076923 0
-0.5989743589743589 -0.1917948717948718 0
-0.5989743589743589 -0.1912820512820513 0
-0.5989743589743589 -0.1907692307692308 0
-0.5989743589743589 -0.1902564102564103 0
-0.5989743589743589 -0.1897435897435898 0
-0.5989743589743589 -0.1892307692307693 0
-0.5989743589743589 -0.1887179487179487 0
-0.5989743589743589 -0.1882051282051282 0
-0.5989743589743589 -0.1876923076923077 0
-0.5989743589743589 -0.1871794871794872 0
-0.5989743589743589 -0.1866666666666667 0
-0.5989743589743589 -0.1861538461538462 0
-0.5989743589743589 -0.1856410256410257 0
-0.5989743589743589 -0.1851282051282051 0
-0.5989743589743589 -0.1846153846153846 0
-0.5989743589743589 -0.1841025641025641 0
-0.5989743589743589 -0.1835897435897436 0
-0.5989743589743589 -0.1830769230769231 0
-0.5989743589743589 -0.1825641025641026 0
-0.5989743589743589 -0.1820512820512821 0
-0.5989743589743589 -0.1815384615384616 0
-0.5989743589743589 -0.1810256410256411 0
-0.5989743589743589 -0.1805128205128205 0
-0.5984615384615385 -0.1994871794871795 0
-0.5984615384615385 -0.198974358974359 0
-0.5984615384615385 -0.1984615384615385 0
-0.5984615384615385 -0.197948717948718 0
-0.5984615384615385 -0.1974358974358975 0
-0.5984615384615385 -0.196923076923077 0
-0.5984615384615385 -0.1964102564102564 0
-0.5984615384615385 -0.1958974358974359 0
-0.5984615384615385 -0.1953846153846154 0
-0.5984615384615385 -0.1948717948717949 0
-0.5984615384615385 -0.1943589743589744 0
-0.5984615384615385 -0.1938461538461539 0
-0.5984615384615385 -0.1933333333333334 0
-0.5984615384615384 -0.1928205128205128 0
-0.5984615384615385 -0.1923076923076923 0
-0.5984615384615385 -0.1917948717948718 0
-0.5984615384615385 -0.1912820512820513 0
-0.5984615384615385 -0.1907692307692308 0
-0.5984615384615385 -0.1902564102564103 0
-0.5984615384615385 -0.1897435897435898 0
-0.5984615384615385 -0.1892307692307693 0
-0.5984615384615385 -0.1887179487179487 0
-0.5984615384615385 -0.1882051282051282 0
-0.5984615384615385 -0.1876923076923077 0
-0.5984615384615385 -0.1871794871794872 0
-0.5984615384615385 -0.1866666666666667 0
-0.5984615384615385 -0.1861538461538462 0
-0.5984615384615385 -0.1856410256410257 0
-0.5984615384615385 -0.1851282051282051 0
-0.5984615384615385 -0.1846153846153846 0
-0.5984615384615385 -0.1841025641025641 0
-0.5984615384615385 -0.1835897435897436 0
-0.5984615384615385 -0.1830769230769231 0
-0.5984615384615385 -0.1825641025641026 0
-0.5984615384615385 -0.1820512820512821 0
-0.5984615384615385 -0.1815384615384616 0
-0.5984615384615385 -0.1810256410256411 0
-0.5984615384615385 -0.1805128205128205 0
-0.597948717948718 -0.1994871794871795 0
-0.597948717948718 -0.198974358974359 0
-0.597948717948718 -0.1984615384615385 0
-0.597948717948718 -0.197948717948718 0
-0.597948717948718 -0.1974358974358975 0
-0.597948717948718 -0.1969230769230769 0
-0.597948717948718 -0.1964102564102564 0
-0.597948717948718 -0.1958974358974359 0
-0.597948717948718 -0.1953846153846154 0
-0.597948717948718 -0.1948717948717949 0
-0.597948717948718 -0.1943589743589744 0
-0.597948717948718 -0.1938461538461539 0
-0.597948717948718 -0.1933333333333334 0
-0.597948717948718 -0.1928205128205128 0
-0.597948717948718 -0.1923076923076923 0
-0.597948717948718 -0.1917948717948718 0
-0.597948717948718 -0.1912820512820513 0
-0.597948717948718 -0.1907692307692308 0
-0.597948717948718 -0.1902564102564103 0
-0.597948717948718 -0.1897435897435898 0
-0.597948717948718 -0.1892307692307693 0
-0.597948717948718 -0.1887179487179487 0
-0.597948717948718 -0.1882051282051282 0
-0.597948717948718 -0.1876923076923077 0
-0.597948717948718 -0.1871794871794872 0
-0.597948717948718 -0.1866666666666667 0
-0.597948717948718 -0.1861538461538462 0
-0.597948717948718 -0.1856410256410257 0
-0.597948717948718 -0.1851282051282052 0
-0.597948717948718 -0.1846153846153846 0
-0.597948717948718 -0.1841025641025641 0
-0.597948717948718 -0.1835897435897436 0
-0.597948717948718 -0.1830769230769231 0
-0.597948717948718 -0.1825641025641026 0
-0.597948717948718 -0.1820512820512821 0
-0.597948717948718 -0.1815384615384616 0
-0.597948717948718 -0.1810256410256411 0
-0.597948717948718 -0.1805128205128205 0
-0.5974358974358974 -0.1994871794871795 0
-0.5974358974358974 -0.198974358974359 0
-0.5974358974358974 -0.1984615384615385 0
-0.5974358974358974 -0.197948717948718 0
-0.5974358974358974 -0.1974358974358975 0
-0.5974358974358974 -0.196923076923077 0
-0.5974358974358974 -0.1964102564102564 0
-0.5974358974358974 -0.1958974358974359 0
-0.5974358974358974 -0.1953846153846154 0
-0.5974358974358974 -0.1948717948717949 0
-0.5974358974358974 -0.1943589743589744 0
-0.5974358974358974 -0.1938461538461539 0
-0.5974358974358974 -0.1933333333333334 0
-0.5974358974358974 -0.1928205128205128 0
-0.5974358974358974 -0.1923076923076923 0
-0.5974358974358974 -0.1917948717948718 0
-0.5974358974358974 -0.1912820512820513 0
-0.5974358974358974 -0.1907692307692308 0
-0.5974358974358974 -0.1902564102564103 0
-0.5974358974358974 -0.1897435897435898 0
-0.5974358974358974 -0.1892307692307692 0
-0.5974358974358974 -0.1887179487179487 0
-0.5974358974358974 -0.1882051282051282 0
-0.5974358974358974 -0.1876923076923077 0
-0.5974358974358974 -0.1871794871794872 0
-0.5974358974358974 -0.1866666666666667 0
-0.5974358974358974 -0.1861538461538462 0
-0.5974358974358974 -0.1856410256410257 0
-0.5974358974358974 -0.1851282051282051 0
-0.5974358974358974 -0.1846153846153846 0
-0.5974358974358974 -0.1841025641025641 0
-0.5974358974358974 -0.1835897435897436 0
-0.5974358974358974 -0.1830769230769231 0
-0.5974358974358974 -0.1825641025641026 0
-0.5974358974358974 -0.1820512820512821 0
-0.5974358974358974 -0.1815384615384616 0
-0.5974358974358974 -0.1810256410256411 0
-0.5974358974358974 -0.1805128205128205 0
-0.5969230769230769 -0.1994871794871795 0
-0.5969230769230769 -0.198974358974359 0
-0.5969230769230769 -0.1984615384615385 0
-0.5969230769230769 -0.197948717948718 0
-0.5969230769230769 -0.1974358974358975 0
-0.5969230769230769 -0.196923076923077 0
-0.5969230769230769 -0.1964102564102564 0
-0.5969230769230769 -0.1958974358974359 0
-0.5969230769230769 -0.1953846153846154 0
-0.5969230769230769 -0.1948717948717949 0
-0.5969230769230769 -0.1943589743589744 0
-0.5969230769230769 -0.1938461538461539 0
-0.5969230769230769 -0.1933333333333334 0
-0.5969230769230769 -0.1928205128205128 0
-0.5969230769230769 -0.1923076923076923 0
-0.5969230769230769 -0.1917948717948718 0
-0.5969230769230769 -0.1912820512820513 0
-0.5969230769230769 -0.1907692307692308 0
-0.5969230769230769 -0.1902564102564103 0
-0.5969230769230769 -0.1897435897435898 0
-0.5969230769230769 -0.1892307692307693 0
-0.5969230769230769 -0.1887179487179487 0
-0.5969230769230769 -0.1882051282051282 0
-0.5969230769230769 -0.1876923076923077 0
-0.5969230769230769 -0.1871794871794872 0
-0.5969230769230769 -0.1866666666666667 0
-0.5969230769230769 -0.1861538461538462 0
-0.5969230769230769 -0.1856410256410257 0
-0.5969230769230769 -0.1851282051282052 0
-0.5969230769230769 -0.1846153846153846 0
-0.5969230769230769 -0.1841025641025641 0
-0.5969230769230769 -0.1835897435897436 0
-0.5969230769230769 -0.1830769230769231 0
-0.5969230769230769 -0.1825641025641026 0
-0.5969230769230769 -0.1820512820512821 0
-0.5969230769230769 -0.1815384615384616 0
-0.5969230769230769 -0.1810256410256411 0
-0.5969230769230769 -0.1805128205128205 0
-0.5964102564102564 -0.1994871794871795 0
-0.5964102564102564 -0.198974358974359 0
-0.5964102564102564 -0.1984615384615385 0
-0.5964102564102564 -0.197948717948718 0
-0.5964102564102564 -0.1974358974358975 0
-0.5964102564102564 -0.196923076923077 0
-0.5964102564102564 -0.1964102564102564 0
-0.5964102564102564 -0.1958974358974359 0
-0.5964102564102564 -0.1953846153846154 0
-0.5964102564102564 -0.1948717948717949 0
-0.5964102564102564 -0.1943589743589744 0
-0.5964102564102564 -0.1938461538461539 0
-0.5964102564102564 -0.1933333333333334 0
-0.5964102564102564 -0.1928205128205128 0
-0.5964102564102564 -0.1923076923076923 0
-0.5964102564102564 -0.1917948717948718 0
-0.5964102564102564 -0.1912820512820513 0
-0.5964102564102564 -0.1907692307692308 0
-0.5964102564102564 -0.1902564102564103 0
-0.5964102564102564 -0.1897435897435898 0
-0.5964102564102564 -0.1892307692307693 0
-0.5964102564102564 -0.1887179487179487 0
-0.5964102564102564 -0.1882051282051282 0
-0.5964102564102564 -0.1876923076923077 0
-0.5964102564102564 -0.1871794871794872 0
-0.5964102564102564 -0.1866666666666667 0
-0.5964102564102564 -0.1861538461538462 0
-0.5964102564102564 -0.1856410256410257 0
-0.5964102564102564 -0.1851282051282051 0
-0.5964102564102564 -0.1846153846153846 0
-0.5964102564102564 -0.1841025641025641 0
-0.5964102564102564 -0.1835897435897436 0
-0.5964102564102564 -0.1830769230769231 0
-0.5964102564102564 -0.1825641025641026 0
-0.5964102564102564 -0.1820512820512821 0
-0.5964102564102564 -0.1815384615384616 0
-0.5964102564102564 -0.1810256410256411 0
-0.5964102564102564 -0.1805128205128205 0
-0.5958974358974358 -0.1994871794871795 0
-0.5958974358974358 -0.198974358974359 0
-0.5958974358974358 -0.1984615384615385 0
-0.5958974358974358 -0.197948717948718 0
-0.5958974358974358 -0.1974358974358975 0
-0.5958974358974358 -0.1969230769230769 0
-0.5958974358974358 -0.1964102564102564 0
-0.5958974358974358 -0.1958974358974359 0
-0.5958974358974358 -0.1953846153846154 0
-0.5958974358974358 -0.1948717948717949 0
-0.5958974358974358 -0.1943589743589744 0
-0.5958974358974358 -0.1938461538461539 0
-0.5958974358974358 -0.1933333333333334 0
-0.5958974358974358 -0.1928205128205128 0
-0.5958974358974358 -0.1923076923076923 0
-0.5958974358974358 -0.1917948717948718 0
-0.5958974358974358 -0.1912820512820513 0
-0.5958974358974358 -0.1907692307692308 0
-0.5958974358974358 -0.1902564102564103 0
-0.5958974358974358 -0.1897435897435898 0
-0.5958974358974358 -0.1892307692307693 0
-0.5958974358974358 -0.1887179487179487 0
-0.5958974358974358 -0.1882051282051282 0
-0.5958974358974358 -0.1876923076923077 0
-0.5958974358974358 -0.1871794871794872 0
-0.5958974358974358 -0.1866666666666667 0
-0.5958974358974358 -0.1861538461538462 0
-0.5958974358974358 -0.1856410256410257 0
-0.5958974358974358 -0.1851282051282051 0
-0.5958974358974358 -0.1846153846153846 0
-0.5958974358974358 -0.1841025641025641 0
-0.5958974358974358 -0.1835897435897436 0
-0.5958974358974358 -0.1830769230769231 0
-0.5958974358974358 -0.1825641025641026 0
-0.5958974358974358 -0.1820512820512821 0
-0.5958974358974358 -0.1815384615384616 0
-0.5958974358974358 -0.1810256410256411 0
-0.5958974358974358 -0.1805128205128205 0
-0.5953846153846154 -0.1994871794871795 0
-0.5953846153846154 -0.198974358974359 0
-0.5953846153846154 -0.1984615384615385 0
-0.5953846153846154 -0.197948717948718 0
-0.5953846153846154 -0.1974358974358975 0
-0.5953846153846154 -0.196923076923077 0
-0.5953846153846154 -0.1964102564102564 0
-0.5953846153846154 -0.1958974358974359 0
-0.5953846153846154 -0.1953846153846154 0
-0.5953846153846154 -0.1948717948717949 0
-0.5953846153846154 -0.1943589743589744 0
-0.5953846153846154 -0.1938461538461539 0
-0.5953846153846154 -0.1933333333333334 0
-0.5953846153846154 -0.1928205128205128 0
-0.5953846153846154 -0.1923076923076923 0
-0.5953846153846154 -0.1917948717948718 0
-0.5953846153846154 -0.1912820512820513 0
-0.5953846153846154 -0.1907692307692308 0
-0.5953846153846154 -0.1902564102564103 0
-0.5953846153846154 -0.1897435897435898 0
-0.5953846153846154 -0.1892307692307693 0
-0.5953846153846154 -0.1887179487179487 0
-0.5953846153846154 -0.1882051282051282 0
-0.5953846153846154 -0.1876923076923077 0
-0.5953846153846154 -0.1871794871794872 0
-0.5953846153846154 -0.1866666666666667 0
-0.5953846153846154 -0.1861538461538462 0
-0.5953846153846154 -0.1856410256410257 0
-0.5953846153846154 -0.1851282051282052 0
-0.5953846153846154 -0.1846153846153846 0
-0.5953846153846154 -0.1841025641025641 0
-0.5953846153846154 -0.1835897435897436 0
-0.5953846153846154 -0.1830769230769231 0
-0.5953846153846154 -0.1825641025641026 0
-0.5953846153846154 -0.1820512820512821 0
-0.5953846153846154 -0.1815384615384616 0
-0.5953846153846154 -0.1810256410256411 0
-0.5953846153846154 -0.1805128205128205 0
-0.5948717948717949 -0.1994871794871795 0
-0.5948717948717949 -0.198974358974359 0
-0.5948717948717949 -0.1984615384615385 0
-0.5948717948717949 -0.197948717948718 0
-0.5948717948717949 -0.1974358974358975 0
-0.5948717948717949 -0.1969230769230769 0
-0.5948717948717949 -0.1964102564102564 0
-0.5948717948717949 -0.1958974358974359 0
-0.5948717948717949 -0.1953846153846154 0
-0.5948717948717949 -0.1948717948717949 0
-0.5948717948717949 -0.1943589743589744 0
-0.5948717948717949 -0.1938461538461539 0
-0.5948717948717949 -0.1933333333333334 0
-0.5948717948717949 -0.1928205128205128 0
-0.5948717948717949 -0.1923076923076923 0
-0.5948717948717949 -0.1917948717948718 0
-0.5948717948717949 -0.1912820512820513 0
-0.5948717948717949 -0.1907692307692308 0
-0.5948717948717949 -0.1902564102564103 0
-0.5948717948717949 -0.1897435897435898 0
-0.5948717948717949 -0.1892307692307693 0
-0.5948717948717949 -0.1887179487179487 0
-0.5948717948717949 -0.1882051282051282 0
-0.5948717948717949 -0.1876923076923077 0
-0.5948717948717949 -0.1871794871794872 0
-0.5948717948717949 -0.1866666666666667 0
-0.5948717948717949 -0.1861538461538462 0
-0.5948717948717949 -0.1856410256410257 0
-0.5948717948717949 -0.1851282051282051 0
-0.5948717948717949 -0.1846153846153846 0
-0.5948717948717949 -0.1841025641025641 0
-0.5948717948717949 -0.1835897435897436 0
-0.5948717948717949 -0.1830769230769231 0
-0.5948717948717949 -0.1825641025641026 0
-0.5948717948717949 -0.1820512820512821 0
-0.5948717948717949 -0.1815384615384616 0
-0.5948717948717949 -0.1810256410256411 0
-0.5948717948717949 -0.1805128205128205 0
-0.5943589743589743 -0.1994871794871795 0
-0.5943589743589743 -0.198974358974359 0
-0.5943589743589743 -0.1984615384615385 0
-0.5943589743589743 -0.197948717948718 0
-0.5943589743589743 -0.1974358974358975 0
-0.5943589743589743 -0.1969230769230769 0
-0.5943589743589743 -0.1964102564102564 0
-0.5943589743589743 -0.1958974358974359 0
-0.5943589743589743 -0.1953846153846154 0
-0.5943589743589743 -0.1948717948717949 0
-0.5943589743589743 -0.1943589743589744 0
-0.5943589743589743 -0.1938461538461539 0
-0.5943589743589743 -0.1933333333333334 0
-0.5943589743589743 -0.1928205128205128 0
-0.5943589743589743 -0.1923076923076923 0
-0.5943589743589743 -0.1917948717948718 0
-0.5943589743589743 -0.1912820512820513 0
-0.5943589743589743 -0.1907692307692308 0
-0.5943589743589743 -0.1902564102564103 0
-0.5943589743589743 -0.1897435897435898 0
-0.5943589743589743 -0.1892307692307693 0
-0.5943589743589743 -0.1887179487179487 0
-0.5943589743589743 -0.1882051282051282 0
-0.5943589743589743 -0.1876923076923077 0
-0.5943589743589743 -0.1871794871794872 0
-0.5943589743589743 -0.1866666666666667 0
-0.5943589743589743 -0.1861538461538462 0
-0.5943589743589743 -0.1856410256410257 0
-0.5943589743589743 -0.1851282051282052 0
-0.5943589743589743 -0.1846153846153846 0
-0.5943589743589743 -0.1841025641025641 0
-0.5943589743589743 -0.1835897435897436 0
-0.5943589743589743 -0.1830769230769231 0
-0.5943589743589743 -0.1825641025641026 0
-0.5943589743589743 -0.1820512820512821 0
-0.5943589743589743 -0.1815384615384616 0
-0.5943589743589743 -0.1810256410256411 0
-0.5943589743589743 -0.1805128205128205 0
-0.5938461538461538 -0.1994871794871795 0
-0.5938461538461538 -0.198974358974359 0
-0.5938461538461538 -0.1984615384615385 0
-0.5938461538461538 -0.197948717948718 0
-0.5938461538461538 -0.1974358974358975 0
-0.5938461538461538 -0.196923076923077 0
-0.5938461538461538 -0.1964102564102564 0
-0.5938461538461538 -0.1958974358974359 0
-0.5938461538461538 -0.1953846153846154 0
-0.5938461538461538 -0.1948717948717949 0
-0.5938461538461538 -0.1943589743589744 0
-0.5938461538461538 -0.1938461538461539 0
-0.5938461538461538 -0.1933333333333334 0
-0.5938461538461538 -0.1928205128205128 0
-0.5938461538461538 -0.1923076923076923 0
-0.5938461538461538 -0.1917948717948718 0
-0.5938461538461538 -0.1912820512820513 0
-0.5938461538461538 -0.1907692307692308 0
-0.5938461538461538 -0.1902564102564103 0
-0.5938461538461538 -0.1897435897435898 0
-0.5938461538461538 -0.1892307692307693 0
-0.5938461538461538 -0.1887179487179487 0
-0.5938461538461538 -0.1882051282051282 0
-0.5938461538461538 -0.1876923076923077 0
-0.5938461538461538 -0.1871794871794872 0
-0.5938461538461538 -0.1866666666666667 0
-0.5938461538461538 -0.1861538461538462 0
-0.5938461538461538 -0.1856410256410257 0
-0.5938461538461538 -0.1851282051282052 0
-0.5938461538461538 -0.1846153846153846 0
-0.5938461538461538 -0.1841025641025641 0
-0.5938461538461538 -0.1835897435897436 0
-0.5938461538461538 -0.1830769230769231 0
-0.5938461538461538 -0.1825641025641026 0
-0.5938461538461538 -0.1820512820512821 0
-0.5938461538461538 -0.1815384615384616 0
-0.5938461538461538 -0.1810256410256411 0
-0.5938461538461538 -0.1805128205128205 0
-0.5933333333333333 -0.1994871794871795 0
-0.5933333333333333 -0.198974358974359 0
-0.5933333333333333 -0.1984615384615385 0
-0.5933333333333333 -0.197948717948718 0
-0.5933333333333333 -0.1974358974358975 0
-0.5933333333333333 -0.196923076923077 0
-0.5933333333333333 -0.1964102564102564 0
-0.5933333333333333 -0.1958974358974359 0
-0.5933333333333333 -0.1953846153846154 0
-0.5933333333333333 -0.1948717948717949 0
-0.5933333333333333 -0.1943589743589744 0
-0.5933333333333333 -0.1938461538461539 0
-0.5933333333333333 -0.1933333333333334 0
-0.5933333333333333 -0.1928205128205128 0
-0.5933333333333333 -0.1923076923076923 0
-0.5933333333333333 -0.1917948717948718 0
-0.5933333333333333 -0.1912820512820513 0
-0.5933333333333333 -0.1907692307692308 0
-0.5933333333333333 -0.1902564102564103 0
-0.5933333333333333 -0.1897435897435898 0
-0.5933333333333333 -0.1892307692307693 0
-0.5933333333333333 -0.1887179487179487 0
-0.5933333333333333 -0.1882051282051282 0
-0.5933333333333333 -0.1876923076923077 0
-0.5933333333333333 -0.1871794871794872 0
-0.5933333333333333 -0.1866666666666667 0
-0.5933333333333333 -0.1861538461538462 0
-0.5933333333333333 -0.1856410256410257 0
-0.5933333333333333 -0.1851282051282052 0
-0.5933333333333333 -0.1846153846153846 0
-0.5933333333333333 -0.1841025641025641 0
-0.5933333333333333 -0.1835897435897436 0
-0.5933333333333333 -0.1830769230769231 0
-0.5933333333333333 -0.1825641025641026 0
-0.5933333333333333 -0.1820512820512821 0
-0.5933333333333333 -0.1815384615384616 0
-0.5933333333333333 -0.1810256410256411 0
-0.5933333333333333 -0.1805128205128205 0
-0.5928205128205128 -0.1994871794871795 0
-0.5928205128205128 -0.198974358974359 0
-0.5928205128205128 -0.1984615384615385 0
-0.5928205128205128 -0.197948717948718 0
-0.5928205128205128 -0.1974358974358975 0
-0.5928205128205128 -0.196923076923077 0
-0.5928205128205128 -0.1964102564102564 0
-0.5928205128205128 -0.1958974358974359 0
-0.5928205128205128 -0.1953846153846154 0
-0.5928205128205128 -0.1948717948717949 0
-0.5928205128205128 -0.1943589743589744 0
-0.5928205128205128 -0.1938461538461539 0
-0.5928205128205128 -0.1933333333333334 0
-0.5928205128205128 -0.1928205128205128 0
-0.5928205128205128 -0.1923076923076923 0
-0.5928205128205128 -0.1917948717948718 0
-0.5928205128205128 -0.1912820512820513 0
-0.5928205128205128 -0.1907692307692308 0
-0.5928205128205128 -0.1902564102564103 0
-0.5928205128205128 -0.1897435897435898 0
-0.5928205128205128 -0.1892307692307693 0
-0.5928205128205128 -0.1887179487179487 0
-0.5928205128205128 -0.1882051282051282 0
-0.5928205128205128 -0.1876923076923077 0
-0.5928205128205128 -0.1871794871794872 0
-0.5928205128205128 -0.1866666666666667 0
-0.5928205128205128 -0.1861538461538462 0
-0.5928205128205127 -0.1856410256410257 0
-0.5928205128205127 -0.1851282051282052 0
-0.5928205128205127 -0.1846153846153846 0
-0.5928205128205127 -0.1841025641025641 0
-0.5928205128205127 -0.1835897435897436 0
-0.5928205128205128 -0.1830769230769231 0
-0.5928205128205128 -0.1825641025641026 0
-0.5928205128205128 -0.1820512820512821 0
-0.5928205128205127 -0.1815384615384616 0
-0.5928205128205127 -0.1810256410256411 0
-0.5928205128205127 -0.1805128205128205 0
-0.5923076923076923 -0.1994871794871795 0
-0.5923076923076923 -0.198974358974359 0
-0.5923076923076923 -0.1984615384615385 0
-0.5923076923076923 -0.197948717948718 0
-0.5923076923076923 -0.1974358974358975 0
-0.5923076923076923 -0.196923076923077 0
-0.5923076923076923 -0.1964102564102564 0
-0.5923076923076923 -0.1958974358974359 0
-0.5923076923076923 -0.1953846153846154 0
-0.5923076923076923 -0.1948717948717949 0
-0.5923076923076923 -0.1943589743589744 0
-0.5923076923076923 -0.1938461538461539 0
-0.5923076923076923 -0.1933333333333334 0
-0.5923076923076923 -0.1928205128205128 0
-0.5923076923076923 -0.1923076923076923 0
-0.5923076923076923 -0.1917948717948718 0
-0.5923076923076923 -0.1912820512820513 0
-0.5923076923076923 -0.1907692307692308 0
-0.5923076923076923 -0.1902564102564103 0
-0.5923076923076923 -0.1897435897435898 0
-0.5923076923076923 -0.1892307692307693 0
-0.5923076923076923 -0.1887179487179487 0
-0.5923076923076923 -0.1882051282051282 0
-0.5923076923076923 -0.1876923076923077 0
-0.5923076923076923 -0.1871794871794872 0
-0.5923076923076923 -0.1866666666666667 0
-0.5923076923076923 -0.1861538461538462 0
-0.5923076923076923 -0.1856410256410257 0
-0.5923076923076923 -0.1851282051282052 0
-0.5923076923076923 -0.1846153846153846 0
-0.5923076923076923 -0.1841025641025641 0
-0.5923076923076923 -0.1835897435897436 0
-0.5923076923076923 -0.1830769230769231 0
-0.5923076923076923 -0.1825641025641026 0
-0.5923076923076923 -0.1820512820512821 0
-0.5923076923076923 -0.1815384615384616 0
-0.5923076923076923 -0.1810256410256411 0
-0.5923076923076923 -0.1805128205128205 0
-0.5917948717948718 -0.1994871794871795 0
-0.5917948717948718 -0.198974358974359 0
-0.5917948717948718 -0.1984615384615385 0
-0.5917948717948718 -0.197948717948718 0
-0.5917948717948718 -0.1974358974358975 0
-0.5917948717948718 -0.196923076923077 0
-0.5917948717948718 -0.1964102564102564 0
-0.5917948717948718 -0.1958974358974359 0
-0.5917948717948718 -0.1953846153846154 0
-0.5917948717948718 -0.1948717948717949 0
-0.5917948717948718 -0.1943589743589744 0
-0.5917948717948718 -0.1938461538461539 0
-0.5917948717948718 -0.1933333333333334 0
-0.5917948717948718 -0.1928205128205128 0
-0.5917948717948718 -0.1923076923076923 0
-0.5917948717948718 -0.1917948717948718 0
-0.5917948717948718 -0.1912820512820513 0
-0.5917948717948718 -0.1907692307692308 0
-0.5917948717948718 -0.1902564102564103 0
-0.5917948717948718 -0.1897435897435898 0
-0.5917948717948718 -0.1892307692307693 0
-0.5917948717948718 -0.1887179487179487 0
-0.5917948717948718 -0.1882051282051282 0
-0.5917948717948718 -0.1876923076923077 0
-0.5917948717948718 -0.1871794871794872 0
-0.5917948717948718 -0.1866666666666667 0
-0.5917948717948718 -0.1861538461538462 0
-0.5917948717948718 -0.1856410256410257 0
-0.5917948717948718 -0.1851282051282052 0
-0.5917948717948718 -0.1846153846153846 0
-0.5917948717948718 -0.1841025641025641 0
-0.5917948717948718 -0.1835897435897436 0
-0.5917948717948718 -0.1830769230769231 0
-0.5917948717948718 -0.1825641025641026 0
-0.5917948717948718 -0.1820512820512821 0
-0.5917948717948718 -0.1815384615384616 0
-0.5917948717948718 -0.1810256410256411 0
-0.5917948717948718 -0.1805128205128205 0
-0.5912820512820512 -0.1994871794871795 0
-0.5912820512820512 -0.198974358974359 0
-0.5912820512820512 -0.1984615384615385 0
-0.5912820512820512 -0.197948717948718 0
-0.5912820512820512 -0.1974358974358975 0
-0.5912820512820512 -0.196923076923077 0
-0.5912820512820512 -0.1964102564102564 0
-0.5912820512820512 -0.1958974358974359 0
-0.5912820512820512 -0.1953846153846154 0
-0.5912820512820512 -0.1948717948717949 0
-0.5912820512820512 -0.1943589743589744 0
-0.5912820512820512 -0.1938461538461539 0
-0.5912820512820512 -0.1933333333333334 0
-0.5912820512820512 -0.1928205128205128 0
-0.5912820512820512 -0.1923076923076923 0
-0.5912820512820512 -0.1917948717948718 0
-0.5912820512820512 -0.1912820512820513 0
-0.5912820512820512 -0.1907692307692308 0
-0.5912820512820512 -0.1902564102564103 0
-0.5912820512820512 -0.1897435897435898 0
-0.5912820512820512 -0.1892307692307693 0
-0.5912820512820512 -0.1887179487179487 0
-0.5912820512820512 -0.1882051282051282 0
-0.5912820512820512 -0.1876923076923077 0
-0.5912820512820512 -0.1871794871794872 0
-0.5912820512820512 -0.1866666666666667 0
-0.5912820512820512 -0.1861538461538462 0
-0.5912820512820512 -0.1856410256410257 0
-0.5912820512820512 -0.1851282051282052 0
-0.5912820512820512 -0.1846153846153846 0
-0.5912820512820512 -0.1841025641025641 0
-0.5912820512820512 -0.1835897435897436 0
-0.5912820512820512 -0.1830769230769231 0
-0.5912820512820512 -0.1825641025641026 0
-0.5912820512820512 -0.1820512820512821 0
-0.5912820512820512 -0.1815384615384616 0
-0.5912820512820512 -0.1810256410256411 0
-0.5912820512820512 -0.1805128205128205 0
-0.5907692307692307 -0.1994871794871795 0
-0.5907692307692307 -0.198974358974359 0
-0.5907692307692307 -0.1984615384615385 0
-0.5907692307692307 -0.197948717948718 0
-0.5907692307692307 -0.1974358974358975 0
-0.5907692307692307 -0.196923076923077 0
-0.5907692307692307 -0.1964102564102564 0
-0.5907692307692307 -0.1958974358974359 0
-0.5907692307692307 -0.1953846153846154 0
-0.5907692307692307 -0.1948717948717949 0
-0.5907692307692307 -0.1943589743589744 0
-0.5907692307692307 -0.1938461538461539 0
-0.5907692307692307 -0.1933333333333334 0
-0.5907692307692307 -0.1928205128205128 0
-0.5907692307692307 -0.1923076923076923 0
-0.5907692307692307 -0.1917948717948718 0
-0.5907692307692307 -0.1912820512820513 0
-0.5907692307692307 -0.1907692307692308 0
-0.5907692307692307 -0.1902564102564103 0
-0.5907692307692307 -0.1897435897435898 0
-0.5907692307692307 -0.1892307692307693 0
-0.5907692307692307 -0.1887179487179487 0
-0.5907692307692307 -0.1882051282051282 0
-0.5907692307692307 -0.1876923076923077 0
-0.5907692307692307 -0.1871794871794872 0
-0.5907692307692307 -0.1866666666666667 0
-0.5907692307692307 -0.1861538461538462 0
-0.5907692307692307 -0.1856410256410257 0
-0.5907692307692307 -0.1851282051282052 0
-0.5907692307692307 -0.1846153846153846 0
-0.5907692307692307 -0.1841025641025641 0
-0.5907692307692307 -0.1835897435897436 0
-0.5907692307692307 -0.1830769230769231 0
-0.5907692307692307 -0.1825641025641026 0
-0.5907692307692307 -0.1820512820512821 0
-0.5907692307692307 -0.1815384615384616 0
-0.5907692307692307 -0.1810256410256411 0
-0.5907692307692307 -0.1805128205128205 0
-0.5902564102564102 -0.1994871794871795 0
-0.5902564102564102 -0.198974358974359 0
-0.5902564102564102 -0.1984615384615385 0
-0.5902564102564102 -0.197948717948718 0
-0.5902564102564102 -0.1974358974358975 0
-0.5902564102564102 -0.196923076923077 0
-0.5902564102564102 -0.1964102564102564 0
-0.5902564102564102 -0.1958974358974359 0
-0.5902564102564102 -0.1953846153846154 0
-0.5902564102564102 -0.1948717948717949 0
-0.5902564102564102 -0.1943589743589744 0
-0.5902564102564102 -0.1938461538461539 0
-0.5902564102564102 -0.1933333333333334 0
-0.5902564102564102 -0.1928205128205128 0
-0.5902564102564102 -0.1923076923076923 0
-0.5902564102564102 -0.1917948717948718 0
-0.5902564102564102 -0.1912820512820513 0
-0.5902564102564102 -0.1907692307692308 0
-0.5902564102564102 -0.1902564102564103 0
-0.5902564102564102 -0.1897435897435898 0
-0.5902564102564102 -0.1892307692307693 0
-0.5902564102564102 -0.1887179487179487 0
-0.5902564102564102 -0.1882051282051282 0
-0.5902564102564102 -0.1876923076923077 0
-0.5902564102564102 -0.1871794871794872 0
-0.5902564102564102 -0.1866666666666667 0
-0.5902564102564102 -0.1861538461538462 0
-0.5902564102564102 -0.1856410256410257 0
-0.5902564102564102 -0.1851282051282052 0
-0.5902564102564102 -0.1846153846153846 0
-0.5902564102564102 -0.1841025641025641 0
-0.5902564102564102 -0.1835897435897436 0
-0.5902564102564102 -0.1830769230769231 0
-0.5902564102564102 -0.1825641025641026 0
-0.5902564102564102 -0.1820512820512821 0
-0.5902564102564102 -0.1815384615384616 0
-0.5902564102564102 -0.1810256410256411 0
-0.5902564102564102 -0.1805128205128205 0
-0.5897435897435898 -0.1994871794871795 0
-0.5897435897435898 -0.198974358974359 0
-0.5897435897435898 -0.1984615384615385 0
-0.5897435897435898 -0.197948717948718 0
-0.5897435897435898 -0.1974358974358975 0
-0.5897435897435898 -0.196923076923077 0
-0.5897435897435898 -0.1964102564102564 0
-0.5897435897435898 -0.1958974358974359 0
-0.5897435897435898 -0.1953846153846154 0
-0.5897435897435898 -0.1948717948717949 0
-0.5897435897435898 -0.1943589743589744 0
-0.5897435897435898 -0.1938461538461539 0
-0.5897435897435898 -0.1933333333333334 0
-0.5897435897435898 -0.1928205128205128 0
-0.5897435897435898 -0.1923076923076923 0
-0.5897435897435898 -0.1917948717948718 0
-0.5897435897435898 -0.1912820512820513 0
-0.5897435897435898 -0.1907692307692308 0
-0.5897435897435898 -0.1902564102564103 0
-0.5897435897435898 -0.1897435897435898 0
-0.5897435897435898 -0.1892307692307693 0
-0.5897435897435898 -0.1887179487179487 0
-0.5897435897435898 -0.1882051282051282 0
-0.5897435897435898 -0.1876923076923077 0
-0.5897435897435898 -0.1871794871794872 0
-0.5897435897435898 -0.1866666666666667 0
-0.5897435897435898 -0.1861538461538462 0
-0.5897435897435898 -0.1856410256410257 0
-0.5897435897435898 -0.1851282051282052 0
-0.5897435897435898 -0.1846153846153846 0
-0.5897435897435898 -0.1841025641025641 0
-0.5897435897435898 -0.1835897435897436 0
-0.5897435897435898 -0.1830769230769231 0
-0.5897435897435898 -0.1825641025641026 0
-0.5897435897435898 -0.1820512820512821 0
-0.5897435897435898 -0.1815384615384616 0
-0.5897435897435898 -0.1810256410256411 0
-0.5897435897435898 -0.1805128205128205 0
-0.5892307692307692 -0.1994871794871795 0
-0.5892307692307692 -0.198974358974359 0
-0.5892307692307692 -0.1984615384615385 0
-0.5892307692307692 -0.197948717948718 0
-0.5892307692307692 -0.1974358974358975 0
-0.5892307692307692 -0.1969230769230769 0
-0.5892307692307692 -0.1964102564102564 0
-0.5892307692307692 -0.1958974358974359 0
-0.5892307692307692 -0.1953846153846154 0
-0.5892307692307692 -0.1948717948717949 0
-0.5892307692307692 -0.1943589743589744 0
-0.5892307692307692 -0.1938461538461539 0
-0.5892307692307692 -0.1933333333333334 0
-0.5892307692307692 -0.1928205128205128 0
-0.5892307692307692 -0.1923076923076923 0
-0.5892307692307692 -0.1917948717948718 0
-0.5892307692307692 -0.1912820512820513 0
-0.5892307692307692 -0.1907692307692308 0
-0.5892307692307692 -0.1902564102564103 0
-0.5892307692307692 -0.1897435897435898 0
-0.5892307692307692 -0.1892307692307693 0
-0.5892307692307692 -0.1887179487179487 0
-0.5892307692307692 -0.1882051282051282 0
-0.5892307692307692 -0.1876923076923077 0
-0.5892307692307692 -0.1871794871794872 0
-0.5892307692307692 -0.1866666666666667 0
-0.5892307692307692 -0.1861538461538462 0
-0.5892307692307692 -0.1856410256410257 0
-0.5892307692307692 -0.1851282051282052 0
-0.5892307692307692 -0.1846153846153846 0
-0.5892307692307692 -0.1841025641025641 0
-0.5892307692307692 -0.1835897435897436 0
-0.5892307692307692 -0.1830769230769231 0
-0.5892307692307692 -0.1825641025641026 0
-0.5892307692307692 -0.1820512820512821 0
-0.5892307692307692 -0.1815384615384616 0
-0.5892307692307692 -0.1810256410256411 0
-0.5892307692307692 -0.1805128205128205 0
-0.5887179487179487 -0.1994871794871795 0
-0.5887179487179487 -0.198974358974359 0
-0.5887179487179487 -0.1984615384615385 0
-0.5887179487179487 -0.197948717948718 0
-0.5887179487179487 -0.1974358974358975 0
-0.5887179487179487 -0.196923076923077 0
-0.5887179487179487 -0.1964102564102564 0
-0.5887179487179487 -0.1958974358974359 0
-0.5887179487179487 -0.1953846153846154 0
-0.5887179487179487 -0.1948717948717949 0
-0.5887179487179487 -0.1943589743589744 0
-0.5887179487179487 -0.1938461538461539 0
-0.5887179487179487 -0.1933333333333334 0
-0.5887179487179487 -0.1928205128205128 0
-0.5887179487179487 -0.1923076923076923 0
-0.5887179487179487 -0.1917948717948718 0
-0.5887179487179487 -0.1912820512820513 0
-0.5887179487179487 -0.1907692307692308 0
-0.5887179487179487 -0.1902564102564103 0
-0.5887179487179487 -0.1897435897435898 0
-0.5887179487179487 -0.1892307692307693 0
-0.5887179487179487 -0.1887179487179487 0
-0.5887179487179487 -0.1882051282051282 0
-0.5887179487179487 -0.1876923076923077 0
-0.5887179487179487 -0.1871794871794872 0
-0.5887179487179487 -0.1866666666666667 0
-0.5887179487179487 -0.1861538461538462 0
-0.5887179487179487 -0.1856410256410257 0
-0.5887179487179487 -0.1851282051282052 0
-0.5887179487179487 -0.1846153846153846 0
-0.5887179487179487 -0.1841025641025641 0
-0.5887179487179487 -0.1835897435897436 0
-0.5887179487179487 -0.1830769230769231 0
-0.5887179487179487 -0.1825641025641026 0
-0.5887179487179487 -0.1820512820512821 0
-0.5887179487179487 -0.1815384615384616 0
-0.5887179487179487 -0.1810256410256411 0
-0.5887179487179487 -0.1805128205128205 0
-0.5882051282051282 -0.1994871794871795 0
-0.5882051282051282 -0.198974358974359 0
-0.5882051282051282 -0.1984615384615385 0
-0.5882051282051282 -0.197948717948718 0
-0.5882051282051282 -0.1974358974358975 0
-0.5882051282051282 -0.1969230769230769 0
-0.5882051282051282 -0.1964102564102564 0
-0.5882051282051282 -0.1958974358974359 0
-0.5882051282051282 -0.1953846153846154 0
-0.5882051282051282 -0.1948717948717949 0
-0.5882051282051282 -0.1943589743589744 0
-0.5882051282051282 -0.1938461538461539 0
-0.5882051282051282 -0.1933333333333334 0
-0.5882051282051282 -0.1928205128205128 0
-0.5882051282051282 -0.1923076923076923 0
-0.5882051282051282 -0.1917948717948718 0
-0.5882051282051282 -0.1912820512820513 0
-0.5882051282051282 -0.1907692307692308 0
-0.5882051282051282 -0.1902564102564103 0
-0.5882051282051282 -0.1897435897435898 0
-0.5882051282051282 -0.1892307692307693 0
-0.5882051282051282 -0.1887179487179487 0
-0.5882051282051282 -0.1882051282051282 0
-0.5882051282051282 -0.1876923076923077 0
-0.5882051282051282 -0.1871794871794872 0
-0.5882051282051282 -0.1866666666666667 0
-0.5882051282051282 -0.1861538461538462 0
-0.5882051282051282 -0.1856410256410257 0
-0.5882051282051282 -0.1851282051282052 0
-0.5882051282051282 -0.1846153846153846 0
-0.5882051282051282 -0.1841025641025641 0
-0.5882051282051282 -0.1835897435897436 0
-0.5882051282051282 -0.1830769230769231 0
-0.5882051282051282 -0.1825641025641026 0
-0.5882051282051282 -0.1820512820512821 0
-0.5882051282051282 -0.1815384615384616 0
-0.5882051282051282 -0.1810256410256411 0
-0.5882051282051282 -0.1805128205128205 0
-0.5876923076923076 -0.1994871794871795 0
-0.5876923076923076 -0.198974358974359 0
-0.5876923076923076 -0.1984615384615385 0
-0.5876923076923076 -0.197948717948718 0
-0.5876923076923076 -0.1974358974358975 0
-0.5876923076923076 -0.1969230769230769 0
-0.5876923076923076 -0.1964102564102564 0
-0.5876923076923076 -0.1958974358974359 0
-0.5876923076923076 -0.1953846153846154 0
-0.5876923076923076 -0.1948717948717949 0
-0.5876923076923076 -0.1943589743589744 0
-0.5876923076923076 -0.1938461538461539 0
-0.5876923076923076 -0.1933333333333334 0
-0.5876923076923076 -0.1928205128205128 0
-0.5876923076923076 -0.1923076923076923 0
-0.5876923076923076 -0.1917948717948718 0
-0.5876923076923076 -0.1912820512820513 0
-0.5876923076923076 -0.1907692307692308 0
-0.5876923076923076 -0.1902564102564103 0
-0.5876923076923076 -0.1897435897435898 0
-0.5876923076923076 -0.1892307692307693 0
-0.5876923076923076 -0.1887179487179487 0
-0.5876923076923076 -0.1882051282051282 0
-0.5876923076923076 -0.1876923076923077 0
-0.5876923076923076 -0.1871794871794872 0
-0.5876923076923076 -0.1866666666666667 0
-0.5876923076923076 -0.1861538461538462 0
-0.5876923076923076 -0.1856410256410257 0
-0.5876923076923076 -0.1851282051282052 0
-0.5876923076923076 -0.1846153846153846 0
-0.5876923076923076 -0.1841025641025641 0
-0.5876923076923076 -0.1835897435897436 0
-0.5876923076923076 -0.1830769230769231 0
-0.5876923076923076 -0.1825641025641026 0
-0.5876923076923076 -0.1820512820512821 0
-0.5876923076923076 -0.1815384615384616 0
-0.5876923076923076 -0.1810256410256411 0
-0.5876923076923076 -0.1805128205128205 0
-0.5871794871794872 -0.1994871794871795 0
-0.5871794871794872 -0.198974358974359 0
-0.5871794871794871 -0.1984615384615385 0
-0.5871794871794872 -0.197948717948718 0
-0.5871794871794872 -0.1974358974358975 0
-0.5871794871794871 -0.196923076923077 0
-0.5871794871794872 -0.1964102564102564 0
-0.5871794871794871 -0.1958974358974359 0
-0.5871794871794872 -0.1953846153846154 0
-0.5871794871794871 -0.1948717948717949 0
-0.5871794871794871 -0.1943589743589744 0
-0.5871794871794871 -0.1938461538461539 0
-0.5871794871794871 -0.1933333333333334 0
-0.5871794871794871 -0.1928205128205128 0
-0.5871794871794871 -0.1923076923076923 0
-0.5871794871794871 -0.1917948717948718 0
-0.5871794871794871 -0.1912820512820513 0
-0.5871794871794871 -0.1907692307692308 0
-0.5871794871794871 -0.1902564102564103 0
-0.5871794871794872 -0.1897435897435898 0
-0.5871794871794871 -0.1892307692307693 0
-0.5871794871794871 -0.1887179487179487 0
-0.5871794871794871 -0.1882051282051282 0
-0.5871794871794871 -0.1876923076923077 0
-0.5871794871794871 -0.1871794871794872 0
-0.5871794871794871 -0.1866666666666667 0
-0.5871794871794871 -0.1861538461538462 0
-0.5871794871794871 -0.1856410256410257 0
-0.5871794871794871 -0.1851282051282052 0
-0.5871794871794871 -0.1846153846153846 0
-0.5871794871794871 -0.1841025641025641 0
-0.5871794871794871 -0.1835897435897436 0
-0.5871794871794871 -0.1830769230769231 0
-0.5871794871794871 -0.1825641025641026 0
-0.5871794871794871 -0.1820512820512821 0
-0.5871794871794871 -0.1815384615384616 0
-0.5871794871794871 -0.1810256410256411 0
-0.5871794871794871 -0.1805128205128205 0
-0.5866666666666667 -0.1994871794871795 0
-0.5866666666666667 -0.198974358974359 0
-0.5866666666666667 -0.1984615384615385 0
-0.5866666666666667 -0.197948717948718 0
-0.5866666666666667 -0.1974358974358975 0
-0.5866666666666667 -0.196923076923077 0
-0.5866666666666667 -0.1964102564102564 0
-0.5866666666666667 -0.1958974358974359 0
-0.5866666666666667 -0.1953846153846154 0
-0.5866666666666667 -0.1948717948717949 0
-0.5866666666666667 -0.1943589743589744 0
-0.5866666666666667 -0.1938461538461539 0
-0.5866666666666667 -0.1933333333333334 0
-0.5866666666666667 -0.1928205128205128 0
-0.5866666666666667 -0.1923076923076923 0
-0.5866666666666667 -0.1917948717948718 0
-0.5866666666666667 -0.1912820512820513 0
-0.5866666666666667 -0.1907692307692308 0
-0.5866666666666667 -0.1902564102564103 0
-0.5866666666666667 -0.1897435897435898 0
-0.5866666666666667 -0.1892307692307693 0
-0.5866666666666667 -0.1887179487179487 0
-0.5866666666666667 -0.1882051282051282 0
-0.5866666666666667 -0.1876923076923077 0
-0.5866666666666667 -0.1871794871794872 0
-0.5866666666666667 -0.1866666666666667 0
-0.5866666666666667 -0.1861538461538462 0
-0.5866666666666667 -0.1856410256410257 0
-0.5866666666666667 -0.1851282051282052 0
-0.5866666666666667 -0.1846153846153846 0
-0.5866666666666667 -0.1841025641025641 0
-0.5866666666666667 -0.1835897435897436 0
-0.5866666666666667 -0.1830769230769231 0
-0.5866666666666667 -0.1825641025641026 0
-0.5866666666666667 -0.1820512820512821 0
-0.5866666666666667 -0.1815384615384616 0
-0.5866666666666667 -0.1810256410256411 0
-0.5866666666666667 -0.1805128205128205 0
-0.5861538461538461 -0.1994871794871795 0
-0.5861538461538461 -0.198974358974359 0
-0.5861538461538461 -0.1984615384615385 0
-0.5861538461538461 -0.197948717948718 0
-0.5861538461538461 -0.1974358974358975 0
-0.5861538461538461 -0.196923076923077 0
-0.5861538461538461 -0.1964102564102564 0
-0.5861538461538461 -0.1958974358974359 0
-0.5861538461538461 -0.1953846153846154 0
-0.5861538461538461 -0.1948717948717949 0
-0.5861538461538461 -0.1943589743589744 0
-0.5861538461538461 -0.1938461538461539 0
-0.5861538461538461 -0.1933333333333334 0
-0.5861538461538461 -0.1928205128205128 0
-0.5861538461538461 -0.1923076923076923 0
-0.5861538461538461 -0.1917948717948718 0
-0.5861538461538461 -0.1912820512820513 0
-0.5861538461538461 -0.1907692307692308 0
-0.5861538461538461 -0.1902564102564103 0
-0.5861538461538461 -0.1897435897435898 0
-0.5861538461538461 -0.1892307692307693 0
-0.5861538461538461 -0.1887179487179487 0
-0.5861538461538461 -0.1882051282051282 0
-0.5861538461538461 -0.1876923076923077 0
-0.5861538461538461 -0.1871794871794872 0
-0.5861538461538461 -0.1866666666666667 0
-0.5861538461538461 -0.1861538461538462 0
-0.5861538461538461 -0.1856410256410257 0
-0.5861538461538461 -0.1851282051282052 0
-0.5861538461538461 -0.1846153846153846 0
-0.5861538461538461 -0.1841025641025641 0
-0.5861538461538461 -0.1835897435897436 0
-0.5861538461538461 -0.1830769230769231 0
-0.5861538461538461 -0.1825641025641026 0
-0.5861538461538461 -0.1820512820512821 0
-0.5861538461538461 -0.1815384615384616 0
-0.5861538461538461 -0.1810256410256411 0
-0.5861538461538461 -0.1805128205128205 0
-0.5856410256410256 -0.1994871794871795 0
-0.5856410256410256 -0.198974358974359 0
-0.5856410256410256 -0.1984615384615385 0
-0.5856410256410256 -0.197948717948718 0
-0.5856410256410256 -0.1974358974358975 0
-0.5856410256410256 -0.196923076923077 0
-0.5856410256410256 -0.1964102564102564 0
-0.5856410256410256 -0.1958974358974359 0
-0.5856410256410256 -0.1953846153846154 0
-0.5856410256410256 -0.1948717948717949 0
-0.5856410256410256 -0.1943589743589744 0
-0.5856410256410256 -0.1938461538461539 0
-0.5856410256410256 -0.1933333333333334 0
-0.5856410256410256 -0.1928205128205128 0
-0.5856410256410256 -0.1923076923076923 0
-0.5856410256410256 -0.1917948717948718 0
-0.5856410256410256 -0.1912820512820513 0
-0.5856410256410256 -0.1907692307692308 0
-0.5856410256410256 -0.1902564102564103 0
-0.5856410256410256 -0.1897435897435898 0
-0.5856410256410256 -0.1892307692307693 0
-0.5856410256410256 -0.1887179487179487 0
-0.5856410256410256 -0.1882051282051282 0
-0.5856410256410256 -0.1876923076923077 0
-0.5856410256410256 -0.1871794871794872 0
-0.5856410256410256 -0.1866666666666667 0
-0.5856410256410256 -0.1861538461538462 0
-0.5856410256410256 -0.1856410256410257 0
-0.5856410256410256 -0.1851282051282052 0
-0.5856410256410256 -0.1846153846153846 0
-0.5856410256410256 -0.1841025641025641 0
-0.5856410256410256 -0.1835897435897436 0
-0.5856410256410256 -0.1830769230769231 0
-0.5856410256410256 -0.1825641025641026 0
-0.5856410256410256 -0.1820512820512821 0
-0.5856410256410256 -0.1815384615384616 0
-0.5856410256410256 -0.1810256410256411 0
-0.5856410256410256 -0.1805128205128205 0
-0.5851282051282051 -0.1994871794871795 0
-0.5851282051282051 -0.198974358974359 0
-0.5851282051282051 -0.1984615384615385 0
-0.5851282051282051 -0.197948717948718 0
-0.5851282051282051 -0.1974358974358975 0
-0.5851282051282051 -0.196923076923077 0
-0.5851282051282051 -0.1964102564102564 0
-0.5851282051282051 -0.1958974358974359 0
-0.5851282051282051 -0.1953846153846154 0
-0.5851282051282051 -0.1948717948717949 0
-0.5851282051282051 -0.1943589743589744 0
-0.5851282051282051 -0.1938461538461539 0
-0.5851282051282051 -0.1933333333333334 0
-0.5851282051282051 -0.1928205128205128 0
-0.5851282051282051 -0.1923076923076923 0
-0.5851282051282051 -0.1917948717948718 0
-0.5851282051282051 -0.1912820512820513 0
-0.5851282051282051 -0.1907692307692308 0
-0.5851282051282051 -0.1902564102564103 0
-0.5851282051282051 -0.1897435897435898 0
-0.5851282051282051 -0.1892307692307693 0
-0.5851282051282051 -0.1887179487179487 0
-0.5851282051282051 -0.1882051282051282 0
-0.5851282051282051 -0.1876923076923077 0
-0.5851282051282051 -0.1871794871794872 0
-0.5851282051282051 -0.1866666666666667 0
-0.5851282051282051 -0.1861538461538462 0
-0.5851282051282051 -0.1856410256410257 0
-0.5851282051282051 -0.1851282051282052 0
-0.5851282051282051 -0.1846153846153846 0
-0.5851282051282051 -0.1841025641025641 0
-0.5851282051282051 -0.1835897435897436 0
-0.5851282051282051 -0.1830769230769231 0
-0.5851282051282051 -0.1825641025641026 0
-0.5851282051282051 -0.1820512820512821 0
-0.5851282051282051 -0.1815384615384616 0
-0.5851282051282051 -0.1810256410256411 0
-0.5851282051282051 -0.1805128205128205 0
-0.5846153846153845 -0.1994871794871795 0
-0.5846153846153845 -0.198974358974359 0
-0.5846153846153845 -0.1984615384615385 0
-0.5846153846153845 -0.197948717948718 0
-0.5846153846153845 -0.1974358974358975 0
-0.5846153846153845 -0.196923076923077 0
-0.5846153846153845 -0.1964102564102564 0
-0.5846153846153845 -0.1958974358974359 0
-0.5846153846153845 -0.1953846153846154 0
-0.5846153846153845 -0.1948717948717949 0
-0.5846153846153845 -0.1943589743589744 0
-0.5846153846153845 -0.1938461538461539 0
-0.5846153846153845 -0.1933333333333334 0
-0.5846153846153845 -0.1928205128205128 0
-0.5846153846153845 -0.1923076923076923 0
-0.5846153846153845 -0.1917948717948718 0
-0.5846153846153845 -0.1912820512820513 0
-0.5846153846153845 -0.1907692307692308 0
-0.5846153846153845 -0.1902564102564103 0
-0.5846153846153845 -0.1897435897435898 0
-0.5846153846153845 -0.1892307692307693 0
-0.5846153846153845 -0.1887179487179487 0
-0.5846153846153845 -0.1882051282051282 0
-0.5846153846153845 -0.1876923076923077 0
-0.5846153846153845 -0.1871794871794872 0
-0.5846153846153845 -0.1866666666666667 0
-0.5846153846153845 -0.1861538461538462 0
-0.5846153846153845 -0.1856410256410257 0
-0.5846153846153845 -0.1851282051282052 0
-0.5846153846153845 -0.1846153846153846 0
-0.5846153846153845 -0.1841025641025641 0
-0.5846153846153845 -0.1835897435897436 0
-0.5846153846153845 -0.1830769230769231 0
-0.5846153846153845 -0.1825641025641026 0
-0.5846153846153845 -0.1820512820512821 0
-0.5846153846153845 -0.1815384615384616 0
-0.5846153846153845 -0.1810256410256411 0
-0.5846153846153845 -0.1805128205128205 0
-0.5841025641025641 -0.1994871794871795 0
-0.5841025641025641 -0.198974358974359 0
-0.5841025641025641 -0.1984615384615385 0
-0.5841025641025641 -0.197948717948718 0
-0.5841025641025641 -0.1974358974358975 0
-0.5841025641025641 -0.196923076923077 0
-0.5841025641025641 -0.1964102564102564 0
-0.5841025641025641 -0.1958974358974359 0
-0.5841025641025641 -0.1953846153846154 0
-0.5841025641025641 -0.1948717948717949 0
-0.5841025641025641 -0.1943589743589744 0
-0.5841025641025641 -0.1938461538461539 0
-0.5841025641025641 -0.1933333333333334 0
-0.5841025641025641 -0.1928205128205128 0
-0.5841025641025641 -0.1923076923076923 0
-0.5841025641025641 -0.1917948717948718 0
-0.5841025641025641 -0.1912820512820513 0
-0.5841025641025641 -0.1907692307692308 0
-0.5841025641025641 -0.1902564102564103 0
-0.5841025641025641 -0.1897435897435898 0
-0.5841025641025641 -0.1892307692307693 0
-0.5841025641025641 -0.1887179487179487 0
-0.5841025641025641 -0.1882051282051282 0
-0.5841025641025641 -0.1876923076923077 0
-0.5841025641025641 -0.1871794871794872 0
-0.5841025641025641 -0.1866666666666667 0
-0.5841025641025641 -0.1861538461538462 0
-0.5841025641025641 -0.1856410256410257 0
-0.5841025641025641 -0.1851282051282052 0
-0.5841025641025641 -0.1846153846153846 0
-0.5841025641025641 -0.1841025641025641 0
-0.5841025641025641 -0.1835897435897436 0
-0.5841025641025641 -0.1830769230769231 0
-0.5841025641025641 -0.1825641025641026 0
-0.5841025641025641 -0.1820512820512821 0
-0.5841025641025641 -0.1815384615384616 0
-0.5841025641025641 -0.1810256410256411 0
-0.5841025641025641 -0.1805128205128205 0
-0.5835897435897436 -0.1994871794871795 0
-0.5835897435897436 -0.198974358974359 0
-0.5835897435897436 -0.1984615384615385 0
-0.5835897435897436 -0.197948717948718 0
-0.5835897435897436 -0.1974358974358975 0
-0.5835897435897436 -0.196923076923077 0
-0.5835897435897436 -0.1964102564102564 0
-0.5835897435897436 -0.1958974358974359 0
-0.5835897435897436 -0.1953846153846154 0
-0.5835897435897436 -0.1948717948717949 0
-0.5835897435897436 -0.1943589743589744 0
-0.5835897435897436 -0.1938461538461539 0
-0.5835897435897436 -0.1933333333333334 0
-0.5835897435897436 -0.1928205128205128 0
-0.5835897435897436 -0.1923076923076923 0
-0.5835897435897436 -0.1917948717948718 0
-0.5835897435897436 -0.1912820512820513 0
-0.5835897435897436 -0.1907692307692308 0
-0.5835897435897436 -0.1902564102564103 0
-0.5835897435897436 -0.1897435897435898 0
-0.5835897435897436 -0.1892307692307693 0
-0.5835897435897436 -0.1887179487179487 0
-0.5835897435897436 -0.1882051282051282 0
-0.5835897435897436 -0.1876923076923077 0
-0.5835897435897436 -0.1871794871794872 0
-0.5835897435897436 -0.1866666666666667 0
-0.5835897435897436 -0.1861538461538462 0
-0.5835897435897436 -0.1856410256410257 0
-0.5835897435897436 -0.1851282051282052 0
-0.5835897435897436 -0.1846153846153846 0
-0.5835897435897436 -0.1841025641025641 0
-0.5835897435897436 -0.1835897435897436 0
-0.5835897435897436 -0.1830769230769231 0
-0.5835897435897436 -0.1825641025641026 0
-0.5835897435897436 -0.1820512820512821 0
-0.5835897435897436 -0.1815384615384616 0
-0.5835897435897436 -0.1810256410256411 0
-0.5835897435897436 -0.1805128205128205 0
-0.583076923076923 -0.1994871794871795 0
-0.583076923076923 -0.198974358974359 0
-0.583076923076923 -0.1984615384615385 0
-0.583076923076923 -0.197948717948718 0
-0.583076923076923 -0.1974358974358975 0
-0.583076923076923 -0.196923076923077 0
-0.583076923076923 -0.1964102564102564 0
-0.583076923076923 -0.1958974358974359 0
-0.583076923076923 -0.1953846153846154 0
-0.583076923076923 -0.1948717948717949 0
-0.583076923076923 -0.1943589743589744 0
-0.583076923076923 -0.1938461538461539 0
-0.583076923076923 -0.1933333333333334 0
-0.583076923076923 -0.1928205128205128 0
-0.583076923076923 -0.1923076923076923 0
-0.583076923076923 -0.1917948717948718 0
-0.583076923076923 -0.1912820512820513 0
-0.583076923076923 -0.1907692307692308 0
-0.583076923076923 -0.1902564102564103 0
-0.583076923076923 -0.1897435897435898 0
-0.583076923076923 -0.1892307692307693 0
-0.583076923076923 -0.1887179487179487 0
-0.583076923076923 -0.1882051282051282 0
-0.583076923076923 -0.1876923076923077 0
-0.583076923076923 -0.1871794871794872 0
-0.583076923076923 -0.1866666666666667 0
-0.583076923076923 -0.1861538461538462 0
-0.583076923076923 -0.1856410256410257 0
-0.583076923076923 -0.1851282051282052 0
-0.583076923076923 -0.1846153846153846 0
-0.583076923076923 -0.1841025641025641 0
-0.583076923076923 -0.1835897435897436 0
-0.583076923076923 -0.1830769230769231 0
-0.583076923076923 -0.1825641025641026 0
-0.583076923076923 -0.1820512820512821 0
-0.583076923076923 -0.1815384615384616 0
-0.583076923076923 -0.1810256410256411 0
-0.583076923076923 -0.1805128205128205 0
-0.5825641025641025 -0.1994871794871795 0
-0.5825641025641025 -0.198974358974359 0
-0.5825641025641025 -0.1984615384615385 0
-0.5825641025641025 -0.197948717948718 0
-0.5825641025641025 -0.1974358974358975 0
-0.5825641025641025 -0.196923076923077 0
-0.5825641025641025 -0.1964102564102564 0
-0.5825641025641025 -0.1958974358974359 0
-0.5825641025641025 -0.1953846153846154 0
-0.5825641025641025 -0.1948717948717949 0
-0.5825641025641025 -0.1943589743589744 0
-0.5825641025641025 -0.1938461538461539 0
-0.5825641025641025 -0.1933333333333334 0
-0.5825641025641025 -0.1928205128205128 0
-0.5825641025641025 -0.1923076923076923 0
-0.5825641025641025 -0.1917948717948718 0
-0.5825641025641025 -0.1912820512820513 0
-0.5825641025641025 -0.1907692307692308 0
-0.5825641025641025 -0.1902564102564103 0
-0.5825641025641025 -0.1897435897435898 0
-0.5825641025641025 -0.1892307692307693 0
-0.5825641025641025 -0.1887179487179487 0
-0.5825641025641025 -0.1882051282051282 0
-0.5825641025641025 -0.1876923076923077 0
-0.5825641025641025 -0.1871794871794872 0
-0.5825641025641025 -0.1866666666666667 0
-0.5825641025641025 -0.1861538461538462 0
-0.5825641025641025 -0.1856410256410257 0
-0.5825641025641025 -0.1851282051282052 0
-0.5825641025641025 -0.1846153846153846 0
-0.5825641025641025 -0.1841025641025641 0
-0.5825641025641025 -0.1835897435897436 0
-0.5825641025641025 -0.1830769230769231 0
-0.5825641025641025 -0.1825641025641026 0
-0.5825641025641025 -0.1820512820512821 0
-0.5825641025641025 -0.1815384615384616 0
-0.5825641025641025 -0.1810256410256411 0
-0.5825641025641025 -0.1805128205128205 0
-0.582051282051282 -0.1994871794871795 0
-0.582051282051282 -0.198974358974359 0
-0.582051282051282 -0.1984615384615385 0
-0.582051282051282 -0.197948717948718 0
-0.582051282051282 -0.1974358974358975 0
-0.582051282051282 -0.196923076923077 0
-0.582051282051282 -0.1964102564102564 0
-0.582051282051282 -0.1958974358974359 0
-0.582051282051282 -0.1953846153846154 0
-0.582051282051282 -0.1948717948717949 0
-0.582051282051282 -0.1943589743589744 0
-0.582051282051282 -0.1938461538461539 0
-0.582051282051282 -0.1933333333333334 0
-0.582051282051282 -0.1928205128205128 0
-0.582051282051282 -0.1923076923076923 0
-0.582051282051282 -0.1917948717948718 0
-0.582051282051282 -0.1912820512820513 0
-0.582051282051282 -0.1907692307692308 0
-0.582051282051282 -0.1902564102564103 0
-0.582051282051282 -0.1897435897435898 0
-0.582051282051282 -0.1892307692307693 0
-0.582051282051282 -0.1887179487179487 0
-0.582051282051282 -0.1882051282051282 0
-0.582051282051282 -0.1876923076923077 0
-0.582051282051282 -0.1871794871794872 0
-0.582051282051282 -0.1866666666666667 0
-0.582051282051282 -0.1861538461538462 0
-0.582051282051282 -0.1856410256410257 0
-0.582051282051282 -0.1851282051282052 0
-0.582051282051282 -0.1846153846153846 0
-0.582051282051282 -0.1841025641025641 0
-0.582051282051282 -0.1835897435897436 0
-0.582051282051282 -0.1830769230769231 0
-0.582051282051282 -0.1825641025641026 0
-0.582051282051282 -0.1820512820512821 0
-0.582051282051282 -0.1815384615384616 0
-0.582051282051282 -0.1810256410256411 0
-0.582051282051282 -0.1805128205128205 0
-0.5815384615384614 -0.1994871794871795 0
-0.5815384615384614 -0.198974358974359 0
-0.5815384615384614 -0.1984615384615385 0
-0.5815384615384614 -0.197948717948718 0
-0.5815384615384614 -0.1974358974358975 0
-0.5815384615384614 -0.196923076923077 0
-0.5815384615384614 -0.1964102564102564 0
-0.5815384615384614 -0.1958974358974359 0
-0.5815384615384614 -0.1953846153846154 0
-0.5815384615384614 -0.1948717948717949 0
-0.5815384615384614 -0.1943589743589744 0
-0.5815384615384614 -0.1938461538461539 0
-0.5815384615384614 -0.1933333333333334 0
-0.5815384615384614 -0.1928205128205128 0
-0.5815384615384614 -0.1923076923076923 0
-0.5815384615384614 -0.1917948717948718 0
-0.5815384615384614 -0.1912820512820513 0
-0.5815384615384614 -0.1907692307692308 0
-0.5815384615384614 -0.1902564102564103 0
-0.5815384615384614 -0.1897435897435898 0
-0.5815384615384614 -0.1892307692307693 0
-0.5815384615384614 -0.1887179487179487 0
-0.5815384615384614 -0.1882051282051282 0
-0.5815384615384614 -0.1876923076923077 0
-0.5815384615384614 -0.1871794871794872 0
-0.5815384615384614 -0.1866666666666667 0
-0.5815384615384614 -0.1861538461538462 0
-0.5815384615384614 -0.1856410256410257 0
-0.5815384615384614 -0.1851282051282052 0
-0.5815384615384614 -0.1846153846153846 0
-0.5815384615384614 -0.1841025641025641 0
-0.5815384615384614 -0.1835897435897436 0
-0.5815384615384614 -0.1830769230769231 0
-0.5815384615384614 -0.1825641025641026 0
-0.5815384615384614 -0.1820512820512821 0
-0.5815384615384614 -0.1815384615384616 0
-0.5815384615384614 -0.1810256410256411 0
-0.5815384615384614 -0.1805128205128205 0
-0.581025641025641 -0.1994871794871795 0
-0.581025641025641 -0.198974358974359 0
-0.581025641025641 -0.1984615384615385 0
-0.581025641025641 -0.197948717948718 0
-0.581025641025641 -0.1974358974358975 0
-0.581025641025641 -0.196923076923077 0
-0.581025641025641 -0.1964102564102564 0
-0.581025641025641 -0.1958974358974359 0
-0.581025641025641 -0.1953846153846154 0
-0.581025641025641 -0.1948717948717949 0
-0.581025641025641 -0.1943589743589744 0
-0.581025641025641 -0.1938461538461539 0
-0.581025641025641 -0.1933333333333334 0
-0.581025641025641 -0.1928205128205128 0
-0.581025641025641 -0.1923076923076923 0
-0.581025641025641 -0.1917948717948718 0
-0.581025641025641 -0.1912820512820513 0
-0.581025641025641 -0.1907692307692308 0
-0.581025641025641 -0.1902564102564103 0
-0.581025641025641 -0.1897435897435898 0
-0.581025641025641 -0.1892307692307693 0
-0.581025641025641 -0.1887179487179487 0
-0.581025641025641 -0.1882051282051282 0
-0.581025641025641 -0.1876923076923077 0
-0.581025641025641 -0.1871794871794872 0
-0.581025641025641 -0.1866666666666667 0
-0.581025641025641 -0.1861538461538462 0
-0.581025641025641 -0.1856410256410257 0
-0.581025641025641 -0.1851282051282052 0
-0.581025641025641 -0.1846153846153846 0
-0.581025641025641 -0.1841025641025641 0
-0.581025641025641 -0.1835897435897436 0
-0.581025641025641 -0.1830769230769231 0
-0.581025641025641 -0.1825641025641026 0
-0.581025641025641 -0.1820512820512821 0
-0.581025641025641 -0.1815384615384616 0
-0.581025641025641 -0.1810256410256411 0
-0.581025641025641 -0.1805128205128205 0
-0.5805128205128205 -0.1994871794871795 0
-0.5805128205128205 -0.198974358974359 0
-0.5805128205128205 -0.1984615384615385 0
-0.5805128205128205 -0.197948717948718 0
-0.5805128205128205 -0.1974358974358975 0
-0.5805128205128205 -0.196923076923077 0
-0.5805128205128205 -0.1964102564102564 0
-0.5805128205128205 -0.1958974358974359 0
-0.5805128205128205 -0.1953846153846154 0
-0.5805128205128205 -0.1948717948717949 0
-0.5805128205128205 -0.1943589743589744 0
-0.5805128205128205 -0.1938461538461539 0
-0.5805128205128205 -0.1933333333333334 0
-0.5805128205128205 -0.1928205128205128 0
-0.5805128205128205 -0.1923076923076923 0
-0.5805128205128205 -0.1917948717948718 0
-0.5805128205128205 -0.1912820512820513 0
-0.5805128205128205 -0.1907692307692308 0
-0.5805128205128205 -0.1902564102564103 0
-0.5805128205128205 -0.1897435897435898 0
-0.5805128205128205 -0.1892307692307693 0
-0.5805128205128205 -0.1887179487179487 0
-0.5805128205128205 -0.1882051282051282 0
-0.5805128205128205 -0.1876923076923077 0
-0.5805128205128205 -0.1871794871794872 0
-0.5805128205128205 -0.1866666666666667 0
-0.5805128205128205 -0.1861538461538462 0
-0.5805128205128205 -0.1856410256410257 0
-0.5805128205128205 -0.1851282051282052 0
-0.5805128205128205 -0.1846153846153846 0
-0.5805128205128205 -0.1841025641025641 0
-0.5805128205128205 -0.1835897435897436 0
-0.5805128205128205 -0.1830769230769231 0
-0.5805128205128205 -0.1825641025641026 0
-0.5805128205128205 -0.1820512820512821 0
-0.5805128205128205 -0.1815384615384616 0
-0.5805128205128205 -0.1810256410256411 0
-0.5805128205128205 -0.1805128205128205 0
$EndNodes
$Elements
9 3202 1 3202
0 1 15 1
1 1 
0 2 15 1
2 2 
0 3 15 1
3 3 
0 4 15 1
4 4 
1 1 1 39
5 1 5 
6 5 6 
7 6 7 
8 7 8 
9 8 9 
10 9 10 
11 10 11 
12 11 12 
13 12 13 
14 13 14 
15 14 15 
16 15 16 
17 16 17 
18 17 18 
19 18 19 
20 19 20 
21 20 21 
22 21 22 
23 22 23 
24 23 24 
25 24 25 
26 25 26 
27 26 27 
28 27 28 
29 28 29 
30 29 30 
31 30 31 
32 31 32 
33 32 33 
34 33 34 
35 34 35 
36 35 36 
37 36 37 
38 37 38 
39 38 39 
40 39 40 
41 40 41 
42 41 42 
43 42 2 
1 2 1 39
44 2 43 
45 43 44 
46 44 45 
47 45 46 
48 46 47 
49 47 48 
50 48 49 
51 49 50 
52 50 51 
53 51 52 
54 52 53 
55 53 54 
56 54 55 
57 55 56 
58 56 57 
59 57 58 
60 58 59 
61 59 60 
62 60 61 
63 61 62 
64 62 63 
65 63 64 
66 64 65 
67 65 66 
68 66 67 
69 67 68 
70 68 69 
71 69 70 
72 70 71 
73 71 72 
74 72 73 
75 73 74 
76 74 75 
77 75 76 
78 76 77 
79 77 78 
80 78 79 
81 79 80 
82 80 3 
1 3 1 39
83 3 81 
84 81 82 
85 82 83 
86 83 84 
87 84 85 
88 85 86 
89 86 87 
90 87 88 
91 88 89 
92 89 90 
93 90 91 
94 91 92 
95 92 93 
96 93 94 
97 94 95 
98 95 96 
99 96 97 
100 97 98 
101 98 99 
102 99 100 
103 100 101 
104 101 102 
105 102 103 
106 103 104 
107 104 105 
108 105 106 
109 106 107 
110 107 108 
111 108 109 
112 109 110 
113 110 111 
114 111 112 
115 112 113 
116 113 114 
117 114 115 
118 115 116 
119 116 117 
120 117 118 
121 118 4 
1 4 1 39
122 4 119 
123 119 120 
124 120 121 
125 121 122 
126 122 123 
127 123 124 
128 124 125 
129 125 126 
130 126 127 
131 127 128 
132 128 129 
133 129 130 
134 130 131 
135 131 132 
136 132 133 
137 133 134 
138 134 135 
139 135 136 
140 136 137 
141 137 138 
142 138 139 
143 139 140 
144 140 141 
145 141 142 
146 142 143 
147 143 144 
148 144 145 
149 145 146 
150 146 147 
151 147 148 
152 148 149 
153 149 150 
154 150 151 
155 151 152 
156 152 153 
157 153 154 
158 154 155 
159 155 156 
160 156 1 
2 1 2 3042
161 1 5 156 
162 156 5 157 
163 156 157 155 
164 155 157 158 
165 155 158 154 
166 154 158 159 
167 154 159 153 
168 153 159 160 
169 153 160 152 
170 152 160 161 
171 152 161 151 
172 151 161 162 
173 151 162 150 
174 150 162 163 
175 150 163 149 
176 149 163 164 
177 149 164 148 
178 148 164 165 
179 148 165 147 
180 147 165 166 
181 147 166 146 
182 146 166 167 
183 146 167 145 
184 145 167 168 
185 145 168 144 
186 144 168 169 
187 144 169 143 
188 143 169 170 
189 143 170 142 
190 142 170 171 
191 142 171 141 
192 141 171 172 
193 141 172 140 
194 140 172 173 
195 140 173 139 
196 139 173 174 
197 139 174 138 
198 138 174 175 
199 138 175 137 
200 137 175 176 
201 137 176 136 
202 136 176 177 
203 136 177 135 
204 135 177 178 
205 135 178 134 
206 134 178 179 
207 134 179 133 
208 133 179 180 
209 133 180 132 
210 132 180 181 
211 132 181 131 
212 131 181 182 
213 131 182 130 
214 130 182 183 
215 130 183 129 
216 129 183 184 
217 129 184 128 
218 128 184 185 
219 128 185 127 
220 127 185 186 
221 127 186 126 
222 126 186 187 
223 126 187 125 
224 125 187 188 
225 125 188 124 
226 124 188 189 
227 124 189 123 
228 123 189 190 
229 123 190 122 
230 122 190 191 
231 122 191 121 
232 121 191 192 
233 121 192 120 
234 120 192 193 
235 120 193 119 
236 119 193 194 
237 119 194 4 
238 4 194 118 
239 5 6 157 
240 157 6 195 
241 157 195 158 
242 158 195 196 
243 158 196 159 
244 159 196 197 
245 159 197 160 
246 160 197 198 
247 160 198 161 
248 161 198 199 
249 161 199 162 
250 162 199 200 
251 162 200 163 
252 163 200 201 
253 163 201 164 
254 164 201 202 
255 164 202 165 
256 165 202 203 
257 165 203 166 
258 166 203 204 
259 166 204 167 
260 167 204 205 
261 167 205 168 
262 168 205 206 
263 168 206 169 
264 169 206 207 
265 169 207 170 
266 170 207 208 
267 170 208 171 
268 171 208 209 
269 171 209 172 
270 172 209 210 
271 172 210 173 
272 173 210 211 
273 173 211 174 
274 174 211 212 
275 174 212 175 
276 175 212 213 
277 175 213 176 
278 176 213 214 
279 176 214 177 
280 177 214 215 
281 177 215 178 
282 178 215 216 
283 178 216 179 
284 179 216 217 
285 179 217 180 
286 180 217 218 
287 180 218 181 
288 181 218 219 
289 181 219 182 
290 182 219 220 
291 182 220 183 
292 183 220 221 
293 183 221 184 
294 184 221 222 
295 184 222 185 
296 185 222 223 
297 185 223 186 
298 186 223 224 
299 186 224 187 
300 187 224 225 
301 187 225 188 
302 188 225 226 
303 188 226 189 
304 189 226 227 
305 189 227 190 
306 190 227 228 
307 190 228 191 
308 191 228 229 
309 191 229 192 
310 192 229 230 
311 192 230 193 
312 193 230 231 
313 193 231 194 
314 194 231 232 
315 194 232 118 
316 118 232 117 
317 6 7 195 
318 195 7 233 
319 195 233 196 
320 196 233 234 
321 196 234 197 
322 197 234 235 
323 197 235 198 
324 198 235 236 
325 198 236 199 
326 199 236 237 
327 199 237 200 
328 200 237 238 
329 200 238 201 
330 201 238 239 
331 201 239 202 
332 202 239 240 
333 202 240 203 
334 203 240 241 
335 203 241 204 
336 204 241 242 
337 204 242 205 
338 205 242 243 
339 205 243 206 
340 206 243 244 
341 206 244 207 
342 207 244 245 
343 207 245 208 
344 208 245 246 
345 208 246 209 
346 209 246 247 
347 209 247 210 
348 210 247 248 
349 210 248 211 
350 211 248 249 
351 211 249 212 
352 212 249 250 
353 212 250 213 
354 213 250 251 
355 213 251 214 
356 214 251 252 
357 214 252 215 
358 215 252 253 
359 215 253 216 
360 216 253 254 
361 216 254 217 
362 217 254 255 
363 217 255 218 
364 218 255 256 
365 218 256 219 
366 219 256 257 
367 219 257 220 
368 220 257 258 
369 220 258 221 
370 221 258 259 
371 221 259 222 
372 222 259 260 
373 222 260 223 
374 223 260 261 
375 223 261 224 
376 224 261 262 
377 224 262 225 
378 225 262 263 
379 225 263 226 
380 226 263 264 
381 226 264 227 
382 227 264 265 
383 227 265 228 
384 228 265 266 
385 228 266 229 
386 229 266 267 
387 229 267 230 
388 230 267 268 
389 230 268 231 
390 231 268 269 
391 231 269 232 
392 232 269 270 
393 232 270 117 
394 117 270 116 
395 7 8 233 
396 233 8 271 
397 233 271 234 
398 234 271 272 
399 234 272 235 
400 235 272 273 
401 235 273 236 
402 236 273 274 
403 236 274 237 
404 237 274 275 
405 237 275 238 
406 238 275 276 
407 238 276 239 
408 239 276 277 
409 239 277 240 
410 240 277 278 
411 240 278 241 
412 241 278 279 
413 241 279 242 
414 242 279 280 
415 242 280 243 
416 243 280 281 
417 243 281 244 
418 244 281 282 
419 244 282 245 
420 245 282 283 
421 245 283 246 
422 246 283 284 
423 246 284 247 
424 247 284 285 
425 247 285 248 
426 248 285 286 
427 248 286 249 
428 249 286 287 
429 249 287 250 
430 250 287 288 
431 250 288 251 
432 251 288 289 
433 251 289 252 
434 252 289 290 
435 252 290 253 
436 253 290 291 
437 253 291 254 
438 254 291 292 
439 254 292 255 
440 255 292 293 
441 255 293 256 
442 256 293 294 
443 256 294 257 
444 257 294 295 
445 257 295 258 
446 258 295 296 
447 258 296 259 
448 259 296 297 
449 259 297 260 
450 260 297 298 
451 260 298 261 
452 261 298 299 
453 261 299 262 
454 262 299 300 
455 262 300 263 
456 263 300 301 
457 263 301 264 
458 264 301 302 
459 264 302 265 
460 265 302 303 
461 265 303 266 
462 266 303 304 
463 266 304 267 
464 267 304 305 
465 267 305 268 
466 268 305 306 
467 268 306 269 
468 269 306 307 
469 269 307 270 
470 270 307 308 
471 270 308 116 
472 116 308 115 
473 8 9 271 
474 271 9 309 
475 271 309 272 
476 272 309 310 
477 272 310 273 
478 273 310 311 
479 273 311 274 
480 274 311 312 
481 274 312 275 
482 275 312 313 
483 275 313 276 
484 276 313 314 
485 276 314 277 
486 277 314 315 
487 277 315 278 
488 278 315 316 
489 278 316 279 
490 279 316 317 
491 279 317 280 
492 280 317 318 
493 280 318 281 
494 281 318 319 
495 281 319 282 
496 282 319 320 
497 282 320 283 
498 283 320 321 
499 283 321 284 
500 284 321 322 
501 284 322 285 
502 285 322 323 
503 285 323 286 
504 286 323 324 
505 286 324 287 
506 287 324 325 
507 287 325 288 
508 288 325 326 
509 288 326 289 
510 289 326 327 
511 289 327 290 
512 290 327 328 
513 290 328 291 
514 291 328 329 
515 291 329 292 
516 292 329 330 
517 292 330 293 
518 293 330 331 
519 293 331 294 
520 294 331 332 
521 294 332 295 
522 295 332 333 
523 295 333 296 
524 296 333 334 
525 296 334 297 
526 297 334 335 
527 297 335 298 
528 298 335 336 
529 298 336 299 
530 299 336 337 
531 299 337 300 
532 300 337 338 
533 300 338 301 
534 301 338 339 
535 301 339 302 
536 302 339 340 
537 302 340 303 
538 303 340 341 
539 303 341 304 
540 304 341 342 
541 304 342 305 
542 305 342 343 
543 305 343 306 
544 306 343 344 
545 306 344 307 
546 307 344 345 
547 307 345 308 
548 308 345 346 
549 308 346 115 
550 115 346 114 
551 9 10 309 
552 309 10 347 
553 309 347 310 
554 310 347 348 
555 310 348 311 
556 311 348 349 
557 311 349 312 
558 312 349 350 
559 312 350 313 
560 313 350 351 
561 313 351 314 
562 314 351 352 
563 314 352 315 
564 315 352 353 
565 315 353 316 
566 316 353 354 
567 316 354 317 
568 317 354 355 
569 317 355 318 
570 318 355 356 
571 318 356 319 
572 319 356 357 
573 319 357 320 
574 320 357 358 
575 320 358 321 
576 321 358 359 
577 321 359 322 
578 322 359 360 
579 322 360 323 
580 323 360 361 
581 323 361 324 
582 324 361 362 
583 324 362 325 
584 325 362 363 
585 325 363 326 
586 326 363 364 
587 326 364 327 
588 327 364 365 
589 327 365 328 
590 328 365 366 
591 328 366 329 
592 329 366 367 
593 329 367 330 
594 330 367 368 
595 330 368 331 
596 331 368 369 
597 331 369 332 
598 332 369 370 
599 332 370 333 
600 333 370 371 
601 333 371 334 
602 334 371 372 
603 334 372 335 
604 335 372 373 
605 335 373 336 
606 336 373 374 
607 336 374 337 
608 337 374 375 
609 337 375 338 
610 338 375 376 
611 338 376 339 
612 339 376 377 
613 339 377 340 
614 340 377 378 
615 340 378 341 
616 341 378 379 
617 341 379 342 
618 342 379 380 
619 342 380 343 
620 343 380 381 
621 343 381 344 
622 344 381 382 
623 344 382 345 
624 345 382 383 
625 345 383 346 
626 346 383 384 
627 346 384 114 
628 114 384 113 
629 10 11 347 
630 347 11 385 
631 347 385 348 
632 348 385 386 
633 348 386 349 
634 349 386 387 
635 349 387 350 
636 350 387 388 
637 350 388 351 
638 351 388 389 
639 351 389 352 
640 352 389 390 
641 352 390 353 
642 353 390 391 
643 353 391 354 
644 354 391 392 
645 354 392 355 
646 355 392 393 
647 355 393 356 
648 356 393 394 
649 356 394 357 
650 357 394 395 
651 357 395 358 
652 358 395 396 
653 358 396 359 
654 359 396 397 
655 359 397 360 
656 360 397 398 
657 360 398 361 
658 361 398 399 
659 361 399 362 
660 362 399 400 
661 362 400 363 
662 363 400 401 
663 363 401 364 
664 364 401 402 
665 364 402 365 
666 365 402 403 
667 365 403 366 
668 366 403 404 
669 366 404 367 
670 367 404 405 
671 367 405 368 
672 368 405 406 
673 368 406 369 
674 369 406 407 
675 369 407 370 
676 370 407 408 
677 370 408 371 
678 371 408 409 
679 371 409 372 
680 372 409 410 
681 372 410 373 
682 373 410 411 
683 373 411 374 
684 374 411 412 
685 374 412 375 
686 375 412 413 
687 375 413 376 
688 376 413 414 
689 376 414 377 
690 377 414 415 
691 377 415 378 
692 378 415 416 
693 378 416 379 
694 379 416 417 
695 379 417 380 
696 380 417 418 
697 380 418 381 
698 381 418 419 
699 381 419 382 
700 382 419 420 
701 382 420 383 
702 383 420 421 
703 383 421 384 
704 384 421 422 
705 384 422 113 
706 113 422 112 
707 11 12 385 
708 385 12 423 
709 385 423 386 
710 386 423 424 
711 386 424 387 
712 387 424 425 
713 387 425 388 
714 388 425 426 
715 388 426 389 
716 389 426 427 
717 389 427 390 
718 390 427 428 
719 390 428 391 
720 391 428 429 
721 391 429 392 
722 392 429 430 
723 392 430 393 
724 393 430 431 
725 393 431 394 
726 394 431 432 
727 394 432 395 
728 395 432 433 
729 395 433 396 
730 396 433 434 
731 396 434 397 
732 397 434 435 
733 397 435 398 
734 398 435 436 
735 398 436 399 
736 399 436 437 
737 399 437 400 
738 400 437 438 
739 400 438 401 
740 401 438 439 
741 401 439 402 
742 402 439 440 
743 402 440 403 
744 403 440 441 
745 403 441 404 
746 404 441 442 
747 404 442 405 
748 405 442 443 
749 405 443 406 
750 406 443 444 
751 406 444 407 
752 407 444 445 
753 407 445 408 
754 408 445 446 
755 408 446 409 
756 409 446 447 
757 409 447 410 
758 410 447 448 
759 410 448 411 
760 411 448 449 
761 411 449 412 
762 412 449 450 
763 412 450 413 
764 413 450 451 
765 413 451 414 
766 414 451 452 
767 414 452 415 
768 415 452 453 
769 415 453 416 
770 416 453 454 
771 416 454 417 
772 417 454 455 
773 417 455 418 
774 418 455 456 
775 418 456 419 
776 419 456 457 
777 419 457 420 
778 420 457 458 
779 420 458 421 
780 421 458 459 
781 421 459 422 
782 422 459 460 
783 422 460 112 
784 112 460 111 
785 12 13 423 
786 423 13 461 
787 423 461 424 
788 424 461 462 
789 424 462 425 
790 425 462 463 
791 425 463 426 
792 426 463 464 
793 426 464 427 
794 427 464 465 
795 427 465 428 
796 428 465 466 
797 428 466 429 
798 429 466 467 
799 429 467 430 
800 430 467 468 
801 430 468 431 
802 431 468 469 
803 431 469 432 
804 432 469 470 
805 432 470 433 
806 433 470 471 
807 433 471 434 
808 434 471 472 
809 434 472 435 
810 435 472 473 
811 435 473 436 
812 436 473 474 
813 436 474 437 
814 437 474 475 
815 437 475 438 
816 438 475 476 
817 438 476 439 
818 439 476 477 
819 439 477 440 
820 440 477 478 
821 440 478 441 
822 441 478 479 
823 441 479 442 
824 442 479 480 
825 442 480 443 
826 443 480 481 
827 443 481 444 
828 444 481 482 
829 444 482 445 
830 445 482 483 
831 445 483 446 
832 446 483 484 
833 446 484 447 
834 447 484 485 
835 447 485 448 
836 448 485 486 
837 448 486 449 
838 449 486 487 
839 449 487 450 
840 450 487 488 
841 450 488 451 
842 451 488 489 
843 451 489 452 
844 452 489 490 
845 452 490 453 
846 453 490 491 
847 453 491 454 
848 454 491 492 
849 454 492 455 
850 455 492 493 
851 455 493 456 
852 456 493 494 
853 456 494 457 
854 457 494 495 
855 457 495 458 
856 458 495 496 
857 458 496 459 
858 459 496 497 
859 459 497 460 
860 460 497 498 
861 460 498 111 
862 111 498 110 
863 13 14 461 
864 461 14 499 
865 461 499 462 
866 462 499 500 
867 462 500 463 
868 463 500 501 
869 463 501 464 
870 464 501 502 
871 464 502 465 
872 465 502 503 
873 465 503 466 
874 466 503 504 
875 466 504 467 
876 467 504 505 
877 467 505 468 
878 468 505 506 
879 468 506 469 
880 469 506 507 
881 469 507 470 
882 470 507 508 
883 470 508 471 
884 471 508 509 
885 471 509 472 
886 472 509 510 
887 472 510 473 
888 473 510 511 
889 473 511 474 
890 474 511 512 
891 474 512 475 
892 475 512 513 
893 475 513 476 
894 476 513 514 
895 476 514 477 
896 477 514 515 
897 477 515 478 
898 478 515 516 
899 478 516 479 
900 479 516 517 
901 479 517 480 
902 480 517 518 
903 480 518 481 
904 481 518 519 
905 481 519 482 
906 482 519 520 
907 482 520 483 
908 483 520 521 
909 483 521 484 
910 484 521 522 
911 484 522 485 
912 485 522 523 
913 485 523 486 
914 486 523 524 
915 486 524 487 
916 487 524 525 
917 487 525 488 
918 488 525 526 
919 488 526 489 
920 489 526 527 
921 489 527 490 
922 490 527 528 
923 490 528 491 
924 491 528 529 
925 491 529 492 
926 492 529 530 
927 492 530 493 
928 493 530 531 
929 493 531 494 
930 494 531 532 
931 494 532 495 
932 495 532 533 
933 495 533 496 
934 496 533 534 
935 496 534 497 
936 497 534 535 
937 497 535 498 
938 498 535 536 
939 498 536 110 
940 110 536 109 
941 14 15 499 
942 499 15 537 
943 499 537 500 
944 500 537 538 
945 500 538 501 
946 501 538 539 
947 501 539 502 
948 502 539 540 
949 502 540 503 
950 503 540 541 
951 503 541 504 
952 504 541 542 
953 504 542 505 
954 505 542 543 
955 505 543 506 
956 506 543 544 
957 506 544 507 
958 507 544 545 
959 507 545 508 
960 508 545 546 
961 508 546 509 
962 509 546 547 
963 509 547 510 
964 510 547 548 
965 510 548 511 
966 511 548 549 
967 511 549 512 
968 512 549 550 
969 512 550 513 
970 513 550 551 
971 513 551 514 
972 514 551 552 
973 514 552 515 
974 515 552 553 
975 515 553 516 
976 516 553 554 
977 516 554 517 
978 517 554 555 
979 517 555 518 
980 518 555 556 
981 518 556 519 
982 519 556 557 
983 519 557 520 
984 520 557 558 
985 520 558 521 
986 521 558 559 
987 521 559 522 
988 522 559 560 
989 522 560 523 
990 523 560 561 
991 523 561 524 
992 524 561 562 
993 524 562 525 
994 525 562 563 
995 525 563 526 
996 526 563 564 
997 526 564 527 
998 527 564 565 
999 527 565 528 
1000 528 565 566 
1001 528 566 529 
1002 529 566 567 
1003 529 567 530 
1004 530 567 568 
1005 530 568 531 
1006 531 568 569 
1007 531 569 532 
1008 532 569 570 
1009 532 570 533 
1010 533 570 571 
1011 533 571 534 
1012 534 571 572 
1013 534 572 535 
1014 535 572 573 
1015 535 573 536 
1016 536 573 574 
1017 536 574 109 
1018 109 574 108 
1019 15 16 537 
1020 537 16 575 
1021 537 575 538 
1022 538 575 576 
1023 538 576 539 
1024 539 576 577 
1025 539 577 540 
1026 540 577 578 
1027 540 578 541 
1028 541 578 579 
1029 541 579 542 
1030 542 579 580 
1031 542 580 543 
1032 543 580 581 
1033 543 581 544 
1034 544 581 582 
1035 544 582 545 
1036 545 582 583 
1037 545 583 546 
1038 546 583 584 
1039 546 584 547 
1040 547 584 585 
1041 547 585 548 
1042 548 585 586 
1043 548 586 549 
1044 549 586 587 
1045 549 587 550 
1046 550 587 588 
1047 550 588 551 
1048 551 588 589 
1049 551 589 552 
1050 552 589 590 
1051 552 590 553 
1052 553 590 591 
1053 553 591 554 
1054 554 591 592 
1055 554 592 555 
1056 555 592 593 
1057 555 593 556 
1058 556 593 594 
1059 556 594 557 
1060 557 594 595 
1061 557 595 558 
1062 558 595 596 
1063 558 596 559 
1064 559 596 597 
1065 559 597 560 
1066 560 597 598 
1067 560 598 561 
1068 561 598 599 
1069 561 599 562 
1070 562 599 600 
1071 562 600 563 
1072 563 600 601 
1073 563 601 564 
1074 564 601 602 
1075 564 602 565 
1076 565 602 603 
1077 565 603 566 
1078 566 603 604 
1079 566 604 567 
1080 567 604 605 
1081 567 605 568 
1082 568 605 606 
1083 568 606 569 
1084 569 606 607 
1085 569 607 570 
1086 570 607 608 
1087 570 608 571 
1088 571 608 609 
1089 571 609 572 
1090 572 609 610 
1091 572 610 573 
1092 573 610 611 
1093 573 611 574 
1094 574 611 612 
1095 574 612 108 
1096 108 612 107 
1097 16 17 575 
1098 575 17 613 
1099 575 613 576 
1100 576 613 614 
1101 576 614 577 
1102 577 614 615 
1103 577 615 578 
1104 578 615 616 
1105 578 616 579 
1106 579 616 617 
1107 579 617 580 
1108 580 617 618 
1109 580 618 581 
1110 581 618 619 
1111 581 619 582 
1112 582 619 620 
1113 582 620 583 
1114 583 620 621 
1115 583 621 584 
1116 584 621 622 
1117 584 622 585 
1118 585 622 623 
1119 585 623 586 
1120 586 623 624 
1121 586 624 587 
1122 587 624 625 
1123 587 625 588 
1124 588 625 626 
1125 588 626 589 
1126 589 626 627 
1127 589 627 590 
1128 590 627 628 
1129 590 628 591 
1130 591 628 629 
1131 591 629 592 
1132 592 629 630 
1133 592 630 593 
1134 593 630 631 
1135 593 631 594 
1136 594 631 632 
1137 594 632 595 
1138 595 632 633 
1139 595 633 596 
1140 596 633 634 
1141 596 634 597 
1142 597 634 635 
1143 597 635 598 
1144 598 635 636 
1145 598 636 599 
1146 599 636 637 
1147 599 637 600 
1148 600 637 638 
1149 600 638 601 
1150 601 638 639 
1151 601 639 602 
1152 602 639 640 
1153 602 640 603 
1154 603 640 641 
1155 603 641 604 
1156 604 641 642 
1157 604 642 605 
1158 605 642 643 
1159 605 643 606 
1160 606 643 644 
1161 606 644 607 
1162 607 644 645 
1163 607 645 608 
1164 608 645 646 
1165 608 646 609 
1166 609 646 647 
1167 609 647 610 
1168 610 647 648 
1169 610 648 611 
1170 611 648 649 
1171 611 649 612 
1172 612 649 650 
1173 612 650 107 
1174 107 650 106 
1175 17 18 613 
1176 613 18 651 
1177 613 651 614 
1178 614 651 652 
1179 614 652 615 
1180 615 652 653 
1181 615 653 616 
1182 616 653 654 
1183 616 654 617 
1184 617 654 655 
1185 617 655 618 
1186 618 655 656 
1187 618 656 619 
1188 619 656 657 
1189 619 657 620 
1190 620 657 658 
1191 620 658 621 
1192 621 658 659 
1193 621 659 622 
1194 622 659 660 
1195 622 660 623 
1196 623 660 661 
1197 623 661 624 
1198 624 661 662 
1199 624 662 625 
1200 625 662 663 
1201 625 663 626 
1202 626 663 664 
1203 626 664 627 
1204 627 664 665 
1205 627 665 628 
1206 628 665 666 
1207 628 666 629 
1208 629 666 667 
1209 629 667 630 
1210 630 667 668 
1211 630 668 631 
1212 631 668 669 
1213 631 669 632 
1214 632 669 670 
1215 632 670 633 
1216 633 670 671 
1217 633 671 634 
1218 634 671 672 
1219 634 672 635 
1220 635 672 673 
1221 635 673 636 
1222 636 673 674 
1223 636 674 637 
1224 637 674 675 
1225 637 675 638 
1226 638 675 676 
1227 638 676 639 
1228 639 676 677 
1229 639 677 640 
1230 640 677 678 
1231 640 678 641 
1232 641 678 679 
1233 641 679 642 
1234 642 679 680 
1235 642 680 643 
1236 643 680 681 
1237 643 681 644 
1238 644 681 682 
1239 644 682 645 
1240 645 682 683 
1241 645 683 646 
1242 646 683 684 
1243 646 684 647 
1244 647 684 685 
1245 647 685 648 
1246 648 685 686 
1247 648 686 649 
1248 649 686 687 
1249 649 687 650 
1250 650 687 688 
1251 650 688 106 
1252 106 688 105 
1253 18 19 651 
1254 651 19 689 
1255 651 689 652 
1256 652 689 690 
1257 652 690 653 
1258 653 690 691 
1259 653 691 654 
1260 654 691 692 
1261 654 692 655 
1262 655 692 693 
1263 655 693 656 
1264 656 693 694 
1265 656 694 657 
1266 657 694 695 
1267 657 695 658 
1268 658 695 696 
1269 658 696 659 
1270 659 696 697 
1271 659 697 660 
1272 660 697 698 
1273 660 698 661 
1274 661 698 699 
1275 661 699 662 
1276 662 699 700 
1277 662 700 663 
1278 663 700 701 
1279 663 701 664 
1280 664 701 702 
1281 664 702 665 
1282 665 702 703 
1283 665 703 666 
1284 666 703 704 
1285 666 704 667 
1286 667 704 705 
1287 667 705 668 
1288 668 705 706 
1289 668 706 669 
1290 669 706 707 
1291 669 707 670 
1292 670 707 708 
1293 670 708 671 
1294 671 708 709 
1295 671 709 672 
1296 672 709 710 
1297 672 710 673 
1298 673 710 711 
1299 673 711 674 
1300 674 711 712 
1301 674 712 675 
1302 675 712 713 
1303 675 713 676 
1304 676 713 714 
1305 676 714 677 
1306 677 714 715 
1307 677 715 678 
1308 678 715 716 
1309 678 716 679 
1310 679 716 717 
1311 679 717 680 
1312 680 717 718 
1313 680 718 681 
1314 681 718 719 
1315 681 719 682 
1316 682 719 720 
1317 682 720 683 
1318 683 720 721 
1319 683 721 684 
1320 684 721 722 
1321 684 722 685 
1322 685 722 723 
1323 685 723 686 
1324 686 723 724 
1325 686 724 687 
1326 687 724 725 
1327 687 725 688 
1328 688 725 726 
1329 688 726 105 
1330 105 726 104 
1331 19 20 689 
1332 689 20 727 
1333 689 727 690 
1334 690 727 728 
1335 690 728 691 
1336 691 728 729 
1337 691 729 692 
1338 692 729 730 
1339 692 730 693 
1340 693 730 731 
1341 693 731 694 
1342 694 731 732 
1343 694 732 695 
1344 695 732 733 
1345 695 733 696 
1346 696 733 734 
1347 696 734 697 
1348 697 734 735 
1349 697 735 698 
1350 698 735 736 
1351 698 736 699 
1352 699 736 737 
1353 699 737 700 
1354 700 737 738 
1355 700 738 701 
1356 701 738 739 
1357 701 739 702 
1358 702 739 740 
1359 702 740 703 
1360 703 740 741 
1361 703 741 704 
1362 704 741 742 
1363 704 742 705 
1364 705 742 743 
1365 705 743 706 
1366 706 743 744 
1367 706 744 707 
1368 707 744 745 
1369 707 745 708 
1370 708 745 746 
1371 708 746 709 
1372 709 746 747 
1373 709 747 710 
1374 710 747 748 
1375 710 748 711 
1376 711 748 749 
1377 711 749 712 
1378 712 749 750 
1379 712 750 713 
1380 713 750 751 
1381 713 751 714 
1382 714 751 752 
1383 714 752 715 
1384 715 752 753 
1385 715 753 716 
1386 716 753 754 
1387 716 754 717 
1388 717 754 755 
1389 717 755 718 
1390 718 755 756 
1391 718 756 719 
1392 719 756 757 
1393 719 757 720 
1394 720 757 758 
1395 720 758 721 
1396 721 758 759 
1397 721 759 722 
1398 722 759 760 
1399 722 760 723 
1400 723 760 761 
1401 723 761 724 
1402 724 761 762 
1403 724 762 725 
1404 725 762 763 
1405 725 763 726 
1406 726 763 764 
1407 726 764 104 
1408 104 764 103 
1409 20 21 727 
1410 727 21 765 
1411 727 765 728 
1412 728 765 766 
1413 728 766 729 
1414 729 766 767 
1415 729 767 730 
1416 730 767 768 
1417 730 768 731 
1418 731 768 769 
1419 731 769 732 
1420 732 769 770 
1421 732 770 733 
1422 733 770 771 
1423 733 771 734 
1424 734 771 772 
1425 734 772 735 
1426 735 772 773 
1427 735 773 736 
1428 736 773 774 
1429 736 774 737 
1430 737 774 775 
1431 737 775 738 
1432 738 775 776 
1433 738 776 739 
1434 739 776 777 
1435 739 777 740 
1436 740 777 778 
1437 740 778 741 
1438 741 778 779 
1439 741 779 742 
1440 742 779 780 
1441 742 780 743 
1442 743 780 781 
1443 743 781 744 
1444 744 781 782 
1445 744 782 745 
1446 745 782 783 
1447 745 783 746 
1448 746 783 784 
1449 746 784 747 
1450 747 784 785 
1451 747 785 748 
1452 748 785 786 
1453 748 786 749 
1454 749 786 787 
1455 749 787 750 
1456 750 787 788 
1457 750 788 751 
1458 751 788 789 
1459 751 789 752 
1460 752 789 790 
1461 752 790 753 
1462 753 790 791 
1463 753 791 754 
1464 754 791 792 
1465 754 792 755 
1466 755 792 793 
1467 755 793 756 
1468 756 793 794 
1469 756 794 757 
1470 757 794 795 
1471 757 795 758 
1472 758 795 796 
1473 758 796 759 
1474 759 796 797 
1475 759 797 760 
1476 760 797 798 
1477 760 798 761 
1478 761 798 799 
1479 761 799 762 
1480 762 799 800 
1481 762 800 763 
1482 763 800 801 
1483 763 801 764 
1484 764 801 802 
1485 764 802 103 
1486 103 802 102 
1487 21 22 765 
1488 765 22 803 
1489 765 803 766 
1490 766 803 804 
1491 766 804 767 
1492 767 804 805 
1493 767 805 768 
1494 768 805 806 
1495 768 806 769 
1496 769 806 807 
1497 769 807 770 
1498 770 807 808 
1499 770 808 771 
1500 771 808 809 
1501 771 809 772 
1502 772 809 810 
1503 772 810 773 
1504 773 810 811 
1505 773 811 774 
1506 774 811 812 
1507 774 812 775 
1508 775 812 813 
1509 775 813 776 
1510 776 813 814 
1511 776 814 777 
1512 777 814 815 
1513 777 815 778 
1514 778 815 816 
1515 778 816 779 
1516 779 816 817 
1517 779 817 780 
1518 780 817 818 
1519 780 818 781 
1520 781 818 819 
1521 781 819 782 
1522 782 819 820 
1523 782 820 783 
1524 783 820 821 
1525 783 821 784 
1526 784 821 822 
1527 784 822 785 
1528 785 822 823 
1529 785 823 786 
1530 786 823 824 
1531 786 824 787 
1532 787 824 825 
1533 787 825 788 
1534 788 825 826 
1535 788 826 789 
1536 789 826 827 
1537 789 827 790 
1538 790 827 828 
1539 790 828 791 
1540 791 828 829 
1541 791 829 792 
1542 792 829 830 
1543 792 830 793 
1544 793 830 831 
1545 793 831 794 
1546 794 831 832 
1547 794 832 795 
1548 795 832 833 
1549 795 833 796 
1550 796 833 834 
1551 796 834 797 
1552 797 834 835 
1553 797 835 798 
1554 798 835 836 
1555 798 836 799 
1556 799 836 837 
1557 799 837 800 
1558 800 837 838 
1559 800 838 801 
1560 801 838 839 
1561 801 839 802 
1562 802 839 840 
1563 802 840 102 
1564 102 840 101 
1565 22 23 803 
1566 803 23 841 
1567 803 841 804 
1568 804 841 842 
1569 804 842 805 
1570 805 842 843 
1571 805 843 806 
1572 806 843 844 
1573 806 844 807 
1574 807 844 845 
1575 807 845 808 
1576 808 845 846 
1577 808 846 809 
1578 809 846 847 
1579 809 847 810 
1580 810 847 848 
1581 810 848 811 
1582 811 848 849 
1583 811 849 812 
1584 812 849 850 
1585 812 850 813 
1586 813 850 851 
1587 813 851 814 
1588 814 851 852 
1589 814 852 815 
1590 815 852 853 
1591 815 853 816 
1592 816 853 854 
1593 816 854 817 
1594 817 854 855 
1595 817 855 818 
1596 818 855 856 
1597 818 856 819 
1598 819 856 857 
1599 819 857 820 
1600 820 857 858 
1601 820 858 821 
1602 821 858 859 
1603 821 859 822 
1604 822 859 860 
1605 822 860 823 
1606 823 860 861 
1607 823 861 824 
1608 824 861 862 
1609 824 862 825 
1610 825 862 863 
1611 825 863 826 
1612 826 863 864 
1613 826 864 827 
1614 827 864 865 
1615 827 865 828 
1616 828 865 866 
1617 828 866 829 
1618 829 866 867 
1619 829 867 830 
1620 830 867 868 
1621 830 868 831 
1622 831 868 869 
1623 831 869 832 
1624 832 869 870 
1625 832 870 833 
1626 833 870 871 
1627 833 871 834 
1628 834 871 872 
1629 834 872 835 
1630 835 872 873 
1631 835 873 836 
1632 836 873 874 
1633 836 874 837 
1634 837 874 875 
1635 837 875 838 
1636 838 875 876 
1637 838 876 839 
1638 839 876 877 
1639 839 877 840 
1640 840 877 878 
1641 840 878 101 
1642 101 878 100 
1643 23 24 841 
1644 841 24 879 
1645 841 879 842 
1646 842 879 880 
1647 842 880 843 
1648 843 880 881 
1649 843 881 844 
1650 844 881 882 
1651 844 882 845 
1652 845 882 883 
1653 845 883 846 
1654 846 883 884 
1655 846 884 847 
1656 847 884 885 
1657 847 885 848 
1658 848 885 886 
1659 848 886 849 
1660 849 886 887 
1661 849 887 850 
1662 850 887 888 
1663 850 888 851 
1664 851 888 889 
1665 851 889 852 
1666 852 889 890 
1667 852 890 853 
1668 853 890 891 
1669 853 891 854 
1670 854 891 892 
1671 854 892 855 
1672 855 892 893 
1673 855 893 856 
1674 856 893 894 
1675 856 894 857 
1676 857 894 895 
1677 857 895 858 
1678 858 895 896 
1679 858 896 859 
1680 859 896 897 
1681 859 897 860 
1682 860 897 898 
1683 860 898 861 
1684 861 898 899 
1685 861 899 862 
1686 862 899 900 
1687 862 900 863 
1688 863 900 901 
1689 863 901 864 
1690 864 901 902 
1691 864 902 865 
1692 865 902 903 
1693 865 903 866 
1694 866 903 904 
1695 866 904 867 
1696 867 904 905 
1697 867 905 868 
1698 868 905 906 
1699 868 906 869 
1700 869 906 907 
1701 869 907 870 
1702 870 907 908 
1703 870 908 871 
1704 871 908 909 
1705 871 909 872 
1706 872 909 910 
1707 872 910 873 
1708 873 910 911 
1709 873 911 874 
1710 874 911 912 
1711 874 912 875 
1712 875 912 913 
1713 875 913 876 
1714 876 913 914 
1715 876 914 877 
1716 877 914 915 
1717 877 915 878 
1718 878 915 916 
1719 878 916 100 
1720 100 916 99 
1721 24 25 879 
1722 879 25 917 
1723 879 917 880 
1724 880 917 918 
1725 880 918 881 
1726 881 918 919 
1727 881 919 882 
1728 882 919 920 
1729 882 920 883 
1730 883 920 921 
1731 883 921 884 
1732 884 921 922 
1733 884 922 885 
1734 885 922 923 
1735 885 923 886 
1736 886 923 924 
1737 886 924 887 
1738 887 924 925 
1739 887 925 888 
1740 888 925 926 
1741 888 926 889 
1742 889 926 927 
1743 889 927 890 
1744 890 927 928 
1745 890 928 891 
1746 891 928 929 
1747 891 929 892 
1748 892 929 930 
1749 892 930 893 
1750 893 930 931 
1751 893 931 894 
1752 894 931 932 
1753 894 932 895 
1754 895 932 933 
1755 895 933 896 
1756 896 933 934 
1757 896 934 897 
1758 897 934 935 
1759 897 935 898 
1760 898 935 936 
1761 898 936 899 
1762 899 936 937 
1763 899 937 900 
1764 900 937 938 
1765 900 938 901 
1766 901 938 939 
1767 901 939 902 
1768 902 939 940 
1769 902 940 903 
1770 903 940 941 
1771 903 941 904 
1772 904 941 942 
1773 904 942 905 
1774 905 942 943 
1775 905 943 906 
1776 906 943 944 
1777 906 944 907 
1778 907 944 945 
1779 907 945 908 
1780 908 945 946 
1781 908 946 909 
1782 909 946 947 
1783 909 947 910 
1784 910 947 948 
1785 910 948 911 
1786 911 948 949 
1787 911 949 912 
1788 912 949 950 
1789 912 950 913 
1790 913 950 951 
1791 913 951 914 
1792 914 951 952 
1793 914 952 915 
1794 915 952 953 
1795 915 953 916 
1796 916 953 954 
1797 916 954 99 
1798 99 954 98 
1799 25 26 917 
1800 917 26 955 
1801 917 955 918 
1802 918 955 956 
1803 918 956 919 
1804 919 956 957 
1805 919 957 920 
1806 920 957 958 
1807 920 958 921 
1808 921 958 959 
1809 921 959 922 
1810 922 959 960 
1811 922 960 923 
1812 923 960 961 
1813 923 961 924 
1814 924 961 962 
1815 924 962 925 
1816 925 962 963 
1817 925 963 926 
1818 926 963 964 
1819 926 964 927 
1820 927 964 965 
1821 927 965 928 
1822 928 965 966 
1823 928 966 929 
1824 929 966 967 
1825 929 967 930 
1826 930 967 968 
1827 930 968 931 
1828 931 968 969 
1829 931 969 932 
1830 932 969 970 
1831 932 970 933 
1832 933 970 971 
1833 933 971 934 
1834 934 971 972 
1835 934 972 935 
1836 935 972 973 
1837 935 973 936 
1838 936 973 974 
1839 936 974 937 
1840 937 974 975 
1841 937 975 938 
1842 938 975 976 
1843 938 976 939 
1844 939 976 977 
1845 939 977 940 
1846 940 977 978 
1847 940 978 941 
1848 941 978 979 
1849 941 979 942 
1850 942 979 980 
1851 942 980 943 
1852 943 980 981 
1853 943 981 944 
1854 944 981 982 
1855 944 982 945 
1856 945 982 983 
1857 945 983 946 
1858 946 983 984 
1859 946 984 947 
1860 947 984 985 
1861 947 985 948 
1862 948 985 986 
1863 948 986 949 
1864 949 986 987 
1865 949 987 950 
1866 950 987 988 
1867 950 988 951 
1868 951 988 989 
1869 951 989 952 
1870 952 989 990 
1871 952 990 953 
1872 953 990 991 
1873 953 991 954 
1874 954 991 992 
1875 954 992 98 
1876 98 992 97 
1877 26 27 955 
1878 955 27 993 
1879 955 993 956 
1880 956 993 994 
1881 956 994 957 
1882 957 994 995 
1883 957 995 958 
1884 958 995 996 
1885 958 996 959 
1886 959 996 997 
1887 959 997 960 
1888 960 997 998 
1889 960 998 961 
1890 961 998 999 
1891 961 999 962 
1892 962 999 1000 
1893 962 1000 963 
1894 963 1000 1001 
1895 963 1001 964 
1896 964 1001 1002 
1897 964 1002 965 
1898 965 1002 1003 
1899 965 1003 966 
1900 966 1003 1004 
1901 966 1004 967 
1902 967 1004 1005 
1903 967 1005 968 
1904 968 1005 1006 
1905 968 1006 969 
1906 969 1006 1007 
1907 969 1007 970 
1908 970 1007 1008 
1909 970 1008 971 
1910 971 1008 1009 
1911 971 1009 972 
1912 972 1009 1010 
1913 972 1010 973 
1914 973 1010 1011 
1915 973 1011 974 
1916 974 1011 1012 
1917 974 1012 975 
1918 975 1012 1013 
1919 975 1013 976 
1920 976 1013 1014 
1921 976 1014 977 
1922 977 1014 1015 
1923 977 1015 978 
1924 978 1015 1016 
1925 978 1016 979 
1926 979 1016 1017 
1927 979 1017 980 
1928 980 1017 1018 
1929 980 1018 981 
1930 981 1018 1019 
1931 981 1019 982 
1932 982 1019 1020 
1933 982 1020 983 
1934 983 1020 1021 
1935 983 1021 984 
1936 984 1021 1022 
1937 984 1022 985 
1938 985 1022 1023 
1939 985 1023 986 
1940 986 1023 1024 
1941 986 1024 987 
1942 987 1024 1025 
1943 987 1025 988 
1944 988 1025 1026 
1945 988 1026 989 
1946 989 1026 1027 
1947 989 1027 990 
1948 990 1027 1028 
1949 990 1028 991 
1950 991 1028 1029 
1951 991 1029 992 
1952 992 1029 1030 
1953 992 1030 97 
1954 97 1030 96 
1955 27 28 993 
1956 993 28 1031 
1957 993 1031 994 
1958 994 1031 1032 
1959 994 1032 995 
1960 995 1032 1033 
1961 995 1033 996 
1962 996 1033 1034 
1963 996 1034 997 
1964 997 1034 1035 
1965 997 1035 998 
1966 998 1035 1036 
1967 998 1036 999 
1968 999 1036 1037 
1969 999 1037 1000 
1970 1000 1037 1038 
1971 1000 1038 1001 
1972 1001 1038 1039 
1973 1001 1039 1002 
1974 1002 1039 1040 
1975 1002 1040 1003 
1976 1003 1040 1041 
1977 1003 1041 1004 
1978 1004 1041 1042 
1979 1004 1042 1005 
1980 1005 1042 1043 
1981 1005 1043 1006 
1982 1006 1043 1044 
1983 1006 1044 1007 
1984 1007 1044 1045 
1985 1007 1045 1008 
1986 1008 1045 1046 
1987 1008 1046 1009 
1988 1009 1046 1047 
1989 1009 1047 1010 
1990 1010 1047 1048 
1991 1010 1048 1011 
1992 1011 1048 1049 
1993 1011 1049 1012 
1994 1012 1049 1050 
1995 1012 1050 1013 
1996 1013 1050 1051 
1997 1013 1051 1014 
1998 1014 1051 1052 
1999 1014 1052 1015 
2000 1015 1052 1053 
2001 1015 1053 1016 
2002 1016 1053 1054 
2003 1016 1054 1017 
2004 1017 1054 1055 
2005 1017 1055 1018 
2006 1018 1055 1056 
2007 1018 1056 1019 
2008 1019 1056 1057 
2009 1019 1057 1020 
2010 1020 1057 1058 
2011 1020 1058 1021 
2012 1021 1058 1059 
2013 1021 1059 1022 
2014 1022 1059 1060 
2015 1022 1060 1023 
2016 1023 1060 1061 
2017 1023 1061 1024 
2018 1024 1061 1062 
2019 1024 1062 1025 
2020 1025 1062 1063 
2021 1025 1063 1026 
2022 1026 1063 1064 
2023 1026 1064 1027 
2024 1027 1064 1065 
2025 1027 1065 1028 
2026 1028 1065 1066 
2027 1028 1066 1029 
2028 1029 1066 1067 
2029 1029 1067 1030 
2030 1030 1067 1068 
2031 1030 1068 96 
2032 96 1068 95 
2033 28 29 1031 
2034 1031 29 1069 
2035 1031 1069 1032 
2036 1032 1069 1070 
2037 1032 1070 1033 
2038 1033 1070 1071 
2039 1033 1071 1034 
2040 1034 1071 1072 
2041 1034 1072 1035 
2042 1035 1072 1073 
2043 1035 1073 1036 
2044 1036 1073 1074 
2045 1036 1074 1037 
2046 1037 1074 1075 
2047 1037 1075 1038 
2048 1038 1075 1076 
2049 1038 1076 1039 
2050 1039 1076 1077 
2051 1039 1077 1040 
2052 1040 1077 1078 
2053 1040 1078 1041 
2054 1041 1078 1079 
2055 1041 1079 1042 
2056 1042 1079 1080 
2057 1042 1080 1043 
2058 1043 1080 1081 
2059 1043 1081 1044 
2060 1044 1081 1082 
2061 1044 1082 1045 
2062 1045 1082 1083 
2063 1045 1083 1046 
2064 1046 1083 1084 
2065 1046 1084 1047 
2066 1047 1084 1085 
2067 1047 1085 1048 
2068 1048 1085 1086 
2069 1048 1086 1049 
2070 1049 1086 1087 
2071 1049 1087 1050 
2072 1050 1087 1088 
2073 1050 1088 1051 
2074 1051 1088 1089 
2075 1051 1089 1052 
2076 1052 1089 1090 
2077 1052 1090 1053 
2078 1053 1090 1091 
2079 1053 1091 1054 
2080 1054 1091 1092 
2081 1054 1092 1055 
2082 1055 1092 1093 
2083 1055 1093 1056 
2084 1056 1093 1094 
2085 1056 1094 1057 
2086 1057 1094 1095 
2087 1057 1095 1058 
2088 1058 1095 1096 
2089 1058 1096 1059 
2090 1059 1096 1097 
2091 1059 1097 1060 
2092 1060 1097 1098 
2093 1060 1098 1061 
2094 1061 1098 1099 
2095 1061 1099 1062 
2096 1062 1099 1100 
2097 1062 1100 1063 
2098 1063 1100 1101 
2099 1063 1101 1064 
2100 1064 1101 1102 
2101 1064 1102 1065 
2102 1065 1102 1103 
2103 1065 1103 1066 
2104 1066 1103 1104 
2105 1066 1104 1067 
2106 1067 1104 1105 
2107 1067 1105 1068 
2108 1068 1105 1106 
2109 1068 1106 95 
2110 95 1106 94 
2111 29 30 1069 
2112 1069 30 1107 
2113 1069 1107 1070 
2114 1070 1107 1108 
2115 1070 1108 1071 
2116 1071 1108 1109 
2117 1071 1109 1072 
2118 1072 1109 1110 
2119 1072 1110 1073 
2120 1073 1110 1111 
2121 1073 1111 1074 
2122 1074 1111 1112 
2123 1074 1112 1075 
2124 1075 1112 1113 
2125 1075 1113 1076 
2126 1076 1113 1114 
2127 1076 1114 1077 
2128 1077 1114 1115 
2129 1077 1115 1078 
2130 1078 1115 1116 
2131 1078 1116 1079 
2132 1079 1116 1117 
2133 1079 1117 1080 
2134 1080 1117 1118 
2135 1080 1118 1081 
2136 1081 1118 1119 
2137 1081 1119 1082 
2138 1082 1119 1120 
2139 1082 1120 1083 
2140 1083 1120 1121 
2141 1083 1121 1084 
2142 1084 1121 1122 
2143 1084 1122 1085 
2144 1085 1122 1123 
2145 1085 1123 1086 
2146 1086 1123 1124 
2147 1086 1124 1087 
2148 1087 1124 1125 
2149 1087 1125 1088 
2150 1088 1125 1126 
2151 1088 1126 1089 
2152 1089 1126 1127 
2153 1089 1127 1090 
2154 1090 1127 1128 
2155 1090 1128 1091 
2156 1091 1128 1129 
2157 1091 1129 1092 
2158 1092 1129 1130 
2159 1092 1130 1093 
2160 1093 1130 1131 
2161 1093 1131 1094 
2162 1094 1131 1132 
2163 1094 1132 1095 
2164 1095 1132 1133 
2165 1095 1133 1096 
2166 1096 1133 1134 
2167 1096 1134 1097 
2168 1097 1134 1135 
2169 1097 1135 1098 
2170 1098 1135 1136 
2171 1098 1136 1099 
2172 1099 1136 1137 
2173 1099 1137 1100 
2174 1100 1137 1138 
2175 1100 1138 1101 
2176 1101 1138 1139 
2177 1101 1139 1102 
2178 1102 1139 1140 
2179 1102 1140 1103 
2180 1103 1140 1141 
2181 1103 1141 1104 
2182 1104 1141 1142 
2183 1104 1142 1105 
2184 1105 1142 1143 
2185 1105 1143 1106 
2186 1106 1143 1144 
2187 1106 1144 94 
2188 94 1144 93 
2189 30 31 1107 
2190 1107 31 1145 
2191 1107 1145 1108 
2192 1108 1145 1146 
2193 1108 1146 1109 
2194 1109 1146 1147 
2195 1109 1147 1110 
2196 1110 1147 1148 
2197 1110 1148 1111 
2198 1111 1148 1149 
2199 1111 1149 1112 
2200 1112 1149 1150 
2201 1112 1150 1113 
2202 1113 1150 1151 
2203 1113 1151 1114 
2204 1114 1151 1152 
2205 1114 1152 1115 
2206 1115 1152 1153 
2207 1115 1153 1116 
2208 1116 1153 1154 
2209 1116 1154 1117 
2210 1117 1154 1155 
2211 1117 1155 1118 
2212 1118 1155 1156 
2213 1118 1156 1119 
2214 1119 1156 1157 
2215 1119 1157 1120 
2216 1120 1157 1158 
2217 1120 1158 1121 
2218 1121 1158 1159 
2219 1121 1159 1122 
2220 1122 1159 1160 
2221 1122 1160 1123 
2222 1123 1160 1161 
2223 1123 1161 1124 
2224 1124 1161 1162 
2225 1124 1162 1125 
2226 1125 1162 1163 
2227 1125 1163 1126 
2228 1126 1163 1164 
2229 1126 1164 1127 
2230 1127 1164 1165 
2231 1127 1165 1128 
2232 1128 1165 1166 
2233 1128 1166 1129 
2234 1129 1166 1167 
2235 1129 1167 1130 
2236 1130 1167 1168 
2237 1130 1168 1131 
2238 1131 1168 1169 
2239 1131 1169 1132 
2240 1132 1169 1170 
2241 1132 1170 1133 
2242 1133 1170 1171 
2243 1133 1171 1134 
2244 1134 1171 1172 
2245 1134 1172 1135 
2246 1135 1172 1173 
2247 1135 1173 1136 
2248 1136 1173 1174 
2249 1136 1174 1137 
2250 1137 1174 1175 
2251 1137 1175 1138 
2252 1138 1175 1176 
2253 1138 1176 1139 
2254 1139 1176 1177 
2255 1139 1177 1140 
2256 1140 1177 1178 
2257 1140 1178 1141 
2258 1141 1178 1179 
2259 1141 1179 1142 
2260 1142 1179 1180 
2261 1142 1180 1143 
2262 1143 1180 1181 
2263 1143 1181 1144 
2264 1144 1181 1182 
2265 1144 1182 93 
2266 93 1182 92 
2267 31 32 1145 
2268 1145 32 1183 
2269 1145 1183 1146 
2270 1146 1183 1184 
2271 1146 1184 1147 
2272 1147 1184 1185 
2273 1147 1185 1148 
2274 1148 1185 1186 
2275 1148 1186 1149 
2276 1149 1186 1187 
2277 1149 1187 1150 
2278 1150 1187 1188 
2279 1150 1188 1151 
2280 1151 1188 1189 
2281 1151 1189 1152 
2282 1152 1189 1190 
2283 1152 1190 1153 
2284 1153 1190 1191 
2285 1153 1191 1154 
2286 1154 1191 1192 
2287 1154 1192 1155 
2288 1155 1192 1193 
2289 1155 1193 1156 
2290 1156 1193 1194 
2291 1156 1194 1157 
2292 1157 1194 1195 
2293 1157 1195 1158 
2294 1158 1195 1196 
2295 1158 1196 1159 
2296 1159 1196 1197 
2297 1159 1197 1160 
2298 1160 1197 1198 
2299 1160 1198 1161 
2300 1161 1198 1199 
2301 1161 1199 1162 
2302 1162 1199 1200 
2303 1162 1200 1163 
2304 1163 1200 1201 
2305 1163 1201 1164 
2306 1164 1201 1202 
2307 1164 1202 1165 
2308 1165 1202 1203 
2309 1165 1203 1166 
2310 1166 1203 1204 
2311 1166 1204 1167 
2312 1167 1204 1205 
2313 1167 1205 1168 
2314 1168 1205 1206 
2315 1168 1206 1169 
2316 1169 1206 1207 
2317 1169 1207 1170 
2318 1170 1207 1208 
2319 1170 1208 1171 
2320 1171 1208 1209 
2321 1171 1209 1172 
2322 1172 1209 1210 
2323 1172 1210 1173 
2324 1173 1210 1211 
2325 1173 1211 1174 
2326 1174 1211 1212 
2327 1174 1212 1175 
2328 1175 1212 1213 
2329 1175 1213 1176 
2330 1176 1213 1214 
2331 1176 1214 1177 
2332 1177 1214 1215 
2333 1177 1215 1178 
2334 1178 1215 1216 
2335 1178 1216 1179 
2336 1179 1216 1217 
2337 1179 1217 1180 
2338 1180 1217 1218 
2339 1180 1218 1181 
2340 1181 1218 1219 
2341 1181 1219 1182 
2342 1182 1219 1220 
2343 1182 1220 92 
2344 92 1220 91 
2345 32 33 1183 
2346 1183 33 1221 
2347 1183 1221 1184 
2348 1184 1221 1222 
2349 1184 1222 1185 
2350 1185 1222 1223 
2351 1185 1223 1186 
2352 1186 1223 1224 
2353 1186 1224 1187 
2354 1187 1224 1225 
2355 1187 1225 1188 
2356 1188 1225 1226 
2357 1188 1226 1189 
2358 1189 1226 1227 
2359 1189 1227 1190 
2360 1190 1227 1228 
2361 1190 1228 1191 
2362 1191 1228 1229 
2363 1191 1229 1192 
2364 1192 1229 1230 
2365 1192 1230 1193 
2366 1193 1230 1231 
2367 1193 1231 1194 
2368 1194 1231 1232 
2369 1194 1232 1195 
2370 1195 1232 1233 
2371 1195 1233 1196 
2372 1196 1233 1234 
2373 1196 1234 1197 
2374 1197 1234 1235 
2375 1197 1235 1198 
2376 1198 1235 1236 
2377 1198 1236 1199 
2378 1199 1236 1237 
2379 1199 1237 1200 
2380 1200 1237 1238 
2381 1200 1238 1201 
2382 1201 1238 1239 
2383 1201 1239 1202 
2384 1202 1239 1240 
2385 1202 1240 1203 
2386 1203 1240 1241 
2387 1203 1241 1204 
2388 1204 1241 1242 
2389 1204 1242 1205 
2390 1205 1242 1243 
2391 1205 1243 1206 
2392 1206 1243 1244 
2393 1206 1244 1207 
2394 1207 1244 1245 
2395 1207 1245 1208 
2396 1208 1245 1246 
2397 1208 1246 1209 
2398 1209 1246 1247 
2399 1209 1247 1210 
2400 1210 1247 1248 
2401 1210 1248 1211 
2402 1211 1248 1249 
2403 1211 1249 1212 
2404 1212 1249 1250 
2405 1212 1250 1213 
2406 1213 1250 1251 
2407 1213 1251 1214 
2408 1214 1251 1252 
2409 1214 1252 1215 
2410 1215 1252 1253 
2411 1215 1253 1216 
2412 1216 1253 1254 
2413 1216 1254 1217 
2414 1217 1254 1255 
2415 1217 1255 1218 
2416 1218 1255 1256 
2417 1218 1256 1219 
2418 1219 1256 1257 
2419 1219 1257 1220 
2420 1220 1257 1258 
2421 1220 1258 91 
2422 91 1258 90 
2423 33 34 1221 
2424 1221 34 1259 
2425 1221 1259 1222 
2426 1222 1259 1260 
2427 1222 1260 1223 
2428 1223 1260 1261 
2429 1223 1261 1224 
2430 1224 1261 1262 
2431 1224 1262 1225 
2432 1225 1262 1263 
2433 1225 1263 1226 
2434 1226 1263 1264 
2435 1226 1264 1227 
2436 1227 1264 1265 
2437 1227 1265 1228 
2438 1228 1265 1266 
2439 1228 1266 1229 
2440 1229 1266 1267 
2441 1229 1267 1230 
2442 1230 1267 1268 
2443 1230 1268 1231 
2444 1231 1268 1269 
2445 1231 1269 1232 
2446 1232 1269 1270 
2447 1232 1270 1233 
2448 1233 1270 1271 
2449 1233 1271 1234 
2450 1234 1271 1272 
2451 1234 1272 1235 
2452 1235 1272 1273 
2453 1235 1273 1236 
2454 1236 1273 1274 
2455 1236 1274 1237 
2456 1237 1274 1275 
2457 1237 1275 1238 
2458 1238 1275 1276 
2459 1238 1276 1239 
2460 1239 1276 1277 
2461 1239 1277 1240 
2462 1240 1277 1278 
2463 1240 1278 1241 
2464 1241 1278 1279 
2465 1241 1279 1242 
2466 1242 1279 1280 
2467 1242 1280 1243 
2468 1243 1280 1281 
2469 1243 1281 1244 
2470 1244 1281 1282 
2471 1244 1282 1245 
2472 1245 1282 1283 
2473 1245 1283 1246 
2474 1246 1283 1284 
2475 1246 1284 1247 
2476 1247 1284 1285 
2477 1247 1285 1248 
2478 1248 1285 1286 
2479 1248 1286 1249 
2480 1249 1286 1287 
2481 1249 1287 1250 
2482 1250 1287 1288 
2483 1250 1288 1251 
2484 1251 1288 1289 
2485 1251 1289 1252 
2486 1252 1289 1290 
2487 1252 1290 1253 
2488 1253 1290 1291 
2489 1253 1291 1254 
2490 1254 1291 1292 
2491 1254 1292 1255 
2492 1255 1292 1293 
2493 1255 1293 1256 
2494 1256 1293 1294 
2495 1256 1294 1257 
2496 1257 1294 1295 
2497 1257 1295 1258 
2498 1258 1295 1296 
2499 1258 1296 90 
2500 90 1296 89 
2501 34 35 1259 
2502 1259 35 1297 
2503 1259 1297 1260 
2504 1260 1297 1298 
2505 1260 1298 1261 
2506 1261 1298 1299 
2507 1261 1299 1262 
2508 1262 1299 1300 
2509 1262 1300 1263 
2510 1263 1300 1301 
2511 1263 1301 1264 
2512 1264 1301 1302 
2513 1264 1302 1265 
2514 1265 1302 1303 
2515 1265 1303 1266 
2516 1266 1303 1304 
2517 1266 1304 1267 
2518 1267 1304 1305 
2519 1267 1305 1268 
2520 1268 1305 1306 
2521 1268 1306 1269 
2522 1269 1306 1307 
2523 1269 1307 1270 
2524 1270 1307 1308 
2525 1270 1308 1271 
2526 1271 1308 1309 
2527 1271 1309 1272 
2528 1272 1309 1310 
2529 1272 1310 1273 
2530 1273 1310 1311 
2531 1273 1311 1274 
2532 1274 1311 1312 
2533 1274 1312 1275 
2534 1275 1312 1313 
2535 1275 1313 1276 
2536 1276 1313 1314 
2537 1276 1314 1277 
2538 1277 1314 1315 
2539 1277 1315 1278 
2540 1278 1315 1316 
2541 1278 1316 1279 
2542 1279 1316 1317 
2543 1279 1317 1280 
2544 1280 1317 1318 
2545 1280 1318 1281 
2546 1281 1318 1319 
2547 1281 1319 1282 
2548 1282 1319 1320 
2549 1282 1320 1283 
2550 1283 1320 1321 
2551 1283 1321 1284 
2552 1284 1321 1322 
2553 1284 1322 1285 
2554 1285 1322 1323 
2555 1285 1323 1286 
2556 1286 1323 1324 
2557 1286 1324 1287 
2558 1287 1324 1325 
2559 1287 1325 1288 
2560 1288 1325 1326 
2561 1288 1326 1289 
2562 1289 1326 1327 
2563 1289 1327 1290 
2564 1290 1327 1328 
2565 1290 1328 1291 
2566 1291 1328 1329 
2567 1291 1329 1292 
2568 1292 1329 1330 
2569 1292 1330 1293 
2570 1293 1330 1331 
2571 1293 1331 1294 
2572 1294 1331 1332 
2573 1294 1332 1295 
2574 1295 1332 1333 
2575 1295 1333 1296 
2576 1296 1333 1334 
2577 1296 1334 89 
2578 89 1334 88 
2579 35 36 1297 
2580 1297 36 1335 
2581 1297 1335 1298 
2582 1298 1335 1336 
2583 1298 1336 1299 
2584 1299 1336 1337 
2585 1299 1337 1300 
2586 1300 1337 1338 
2587 1300 1338 1301 
2588 1301 1338 1339 
2589 1301 1339 1302 
2590 1302 1339 1340 
2591 1302 1340 1303 
2592 1303 1340 1341 
2593 1303 1341 1304 
2594 1304 1341 1342 
2595 1304 1342 1305 
2596 1305 1342 1343 
2597 1305 1343 1306 
2598 1306 1343 1344 
2599 1306 1344 1307 
2600 1307 1344 1345 
2601 1307 1345 1308 
2602 1308 1345 1346 
2603 1308 1346 1309 
2604 1309 1346 1347 
2605 1309 1347 1310 
2606 1310 1347 1348 
2607 1310 1348 1311 
2608 1311 1348 1349 
2609 1311 1349 1312 
2610 1312 1349 1350 
2611 1312 1350 1313 
2612 1313 1350 1351 
2613 1313 1351 1314 
2614 1314 1351 1352 
2615 1314 1352 1315 
2616 1315 1352 1353 
2617 1315 1353 1316 
2618 1316 1353 1354 
2619 1316 1354 1317 
2620 1317 1354 1355 
2621 1317 1355 1318 
2622 1318 1355 1356 
2623 1318 1356 1319 
2624 1319 1356 1357 
2625 1319 1357 1320 
2626 1320 1357 1358 
2627 1320 1358 1321 
2628 1321 1358 1359 
2629 1321 1359 1322 
2630 1322 1359 1360 
2631 1322 1360 1323 
2632 1323 1360 1361 
2633 1323 1361 1324 
2634 1324 1361 1362 
2635 1324 1362 1325 
2636 1325 1362 1363 
2637 1325 1363 1326 
2638 1326 1363 1364 
2639 1326 1364 1327 
2640 1327 1364 1365 
2641 1327 1365 1328 
2642 1328 1365 1366 
2643 1328 1366 1329 
2644 1329 1366 1367 
2645 1329 1367 1330 
2646 1330 1367 1368 
2647 1330 1368 1331 
2648 1331 1368 1369 
2649 1331 1369 1332 
2650 1332 1369 1370 
2651 1332 1370 1333 
2652 1333 1370 1371 
2653 1333 1371 1334 
2654 1334 1371 1372 
2655 1334 1372 88 
2656 88 1372 87 
2657 36 37 1335 
2658 1335 37 1373 
2659 1335 1373 1336 
2660 1336 1373 1374 
2661 1336 1374 1337 
2662 1337 1374 1375 
2663 1337 1375 1338 
2664 1338 1375 1376 
2665 1338 1376 1339 
2666 1339 1376 1377 
2667 1339 1377 1340 
2668 1340 1377 1378 
2669 1340 1378 1341 
2670 1341 1378 1379 
2671 1341 1379 1342 
2672 1342 1379 1380 
2673 1342 1380 1343 
2674 1343 1380 1381 
2675 1343 1381 1344 
2676 1344 1381 1382 
2677 1344 1382 1345 
2678 1345 1382 1383 
2679 1345 1383 1346 
2680 1346 1383 1384 
2681 1346 1384 1347 
2682 1347 1384 1385 
2683 1347 1385 1348 
2684 1348 1385 1386 
2685 1348 1386 1349 
2686 1349 1386 1387 
2687 1349 1387 1350 
2688 1350 1387 1388 
2689 1350 1388 1351 
2690 1351 1388 1389 
2691 1351 1389 1352 
2692 1352 1389 1390 
2693 1352 1390 1353 
2694 1353 1390 1391 
2695 1353 1391 1354 
2696 1354 1391 1392 
2697 1354 1392 1355 
2698 1355 1392 1393 
2699 1355 1393 1356 
2700 1356 1393 1394 
2701 1356 1394 1357 
2702 1357 1394 1395 
2703 1357 1395 1358 
2704 1358 1395 1396 
2705 1358 1396 1359 
2706 1359 1396 1397 
2707 1359 1397 1360 
2708 1360 1397 1398 
2709 1360 1398 1361 
2710 1361 1398 1399 
2711 1361 1399 1362 
2712 1362 1399 1400 
2713 1362 1400 1363 
2714 1363 1400 1401 
2715 1363 1401 1364 
2716 1364 1401 1402 
2717 1364 1402 1365 
2718 1365 1402 1403 
2719 1365 1403 1366 
2720 1366 1403 1404 
2721 1366 1404 1367 
2722 1367 1404 1405 
2723 1367 1405 1368 
2724 1368 1405 1406 
2725 1368 1406 1369 
2726 1369 1406 1407 
2727 1369 1407 1370 
2728 1370 1407 1408 
2729 1370 1408 1371 
2730 1371 1408 1409 
2731 1371 1409 1372 
2732 1372 1409 1410 
2733 1372 1410 87 
2734 87 1410 86 
2735 37 38 1373 
2736 1373 38 1411 
2737 1373 1411 1374 
2738 1374 1411 1412 
2739 1374 1412 1375 
2740 1375 1412 1413 
2741 1375 1413 1376 
2742 1376 1413 1414 
2743 1376 1414 1377 
2744 1377 1414 1415 
2745 1377 1415 1378 
2746 1378 1415 1416 
2747 1378 1416 1379 
2748 1379 1416 1417 
2749 1379 1417 1380 
2750 1380 1417 1418 
2751 1380 1418 1381 
2752 1381 1418 1419 
2753 1381 1419 1382 
2754 1382 1419 1420 
2755 1382 1420 1383 
2756 1383 1420 1421 
2757 1383 1421 1384 
2758 1384 1421 1422 
2759 1384 1422 1385 
2760 1385 1422 1423 
2761 1385 1423 1386 
2762 1386 1423 1424 
2763 1386 1424 1387 
2764 1387 1424 1425 
2765 1387 1425 1388 
2766 1388 1425 1426 
2767 1388 1426 1389 
2768 1389 1426 1427 
2769 1389 1427 1390 
2770 1390 1427 1428 
2771 1390 1428 1391 
2772 1391 1428 1429 
2773 1391 1429 1392 
2774 1392 1429 1430 
2775 1392 1430 1393 
2776 1393 1430 1431 
2777 1393 1431 1394 
2778 1394 1431 1432 
2779 1394 1432 1395 
2780 1395 1432 1433 
2781 1395 1433 1396 
2782 1396 1433 1434 
2783 1396 1434 1397 
2784 1397 1434 1435 
2785 1397 1435 1398 
2786 1398 1435 1436 
2787 1398 1436 1399 
2788 1399 1436 1437 
2789 1399 1437 1400 
2790 1400 1437 1438 
2791 1400 1438 1401 
2792 1401 1438 1439 
2793 1401 1439 1402 
2794 1402 1439 1440 
2795 1402 1440 1403 
2796 1403 1440 1441 
2797 1403 1441 1404 
2798 1404 1441 1442 
2799 1404 1442 1405 
2800 1405 1442 1443 
2801 1405 1443 1406 
2802 1406 1443 1444 
2803 1406 1444 1407 
2804 1407 1444 1445 
2805 1407 1445 1408 
2806 1408 1445 1446 
2807 1408 1446 1409 
2808 1409 1446 1447 
2809 1409 1447 1410 
2810 1410 1447 1448 
2811 1410 1448 86 
2812 86 1448 85 
2813 38 39 1411 
2814 1411 39 1449 
2815 1411 1449 1412 
2816 1412 1449 1450 
2817 1412 1450 1413 
2818 1413 1450 1451 
2819 1413 1451 1414 
2820 1414 1451 1452 
2821 1414 1452 1415 
2822 1415 1452 1453 
2823 1415 1453 1416 
2824 1416 1453 1454 
2825 1416 1454 1417 
2826 1417 1454 1455 
2827 1417 1455 1418 
2828 1418 1455 1456 
2829 1418 1456 1419 
2830 1419 1456 1457 
2831 1419 1457 1420 
2832 1420 1457 1458 
2833 1420 1458 1421 
2834 1421 1458 1459 
2835 1421 1459 1422 
2836 1422 1459 1460 
2837 1422 1460 1423 
2838 1423 1460 1461 
2839 1423 1461 1424 
2840 1424 1461 1462 
2841 1424 1462 1425 
2842 1425 1462 1463 
2843 1425 1463 1426 
2844 1426 1463 1464 
2845 1426 1464 1427 
2846 1427 1464 1465 
2847 1427 1465 1428 
2848 1428 1465 1466 
2849 1428 1466 1429 
2850 1429 1466 1467 
2851 1429 1467 1430 
2852 1430 1467 1468 
2853 1430 1468 1431 
2854 1431 1468 1469 
2855 1431 1469 1432 
2856 1432 1469 1470 
2857 1432 1470 1433 
2858 1433 1470 1471 
2859 1433 1471 1434 
2860 1434 1471 1472 
2861 1434 1472 1435 
2862 1435 1472 1473 
2863 1435 1473 1436 
2864 1436 1473 1474 
2865 1436 1474 1437 
2866 1437 1474 1475 
2867 1437 1475 1438 
2868 1438 1475 1476 
2869 1438 1476 1439 
2870 1439 1476 1477 
2871 1439 1477 1440 
2872 1440 1477 1478 
2873 1440 1478 1441 
2874 1441 1478 1479 
2875 1441 1479 1442 
2876 1442 1479 1480 
2877 1442 1480 1443 
2878 1443 1480 1481 
2879 1443 1481 1444 
2880 1444 1481 1482 
2881 1444 1482 1445 
2882 1445 1482 1483 
2883 1445 1483 1446 
2884 1446 1483 1484 
2885 1446 1484 1447 
2886 1447 1484 1485 
2887 1447 1485 1448 
2888 1448 1485 1486 
2889 1448 1486 85 
2890 85 1486 84 
2891 39 40 1449 
2892 1449 40 1487 
2893 1449 1487 1450 
2894 1450 1487 1488 
2895 1450 1488 1451 
2896 1451 1488 1489 
2897 1451 1489 1452 
2898 1452 1489 1490 
2899 1452 1490 1453 
2900 1453 1490 1491 
2901 1453 1491 1454 
2902 1454 1491 1492 
2903 1454 1492 1455 
2904 1455 1492 1493 
2905 1455 1493 1456 
2906 1456 1493 1494 
2907 1456 1494 1457 
2908 1457 1494 1495 
2909 1457 1495 1458 
2910 1458 1495 1496 
2911 1458 1496 1459 
2912 1459 1496 1497 
2913 1459 1497 1460 
2914 1460 1497 1498 
2915 1460 1498 1461 
2916 1461 1498 1499 
2917 1461 1499 1462 
2918 1462 1499 1500 
2919 1462 1500 1463 
2920 1463 1500 1501 
2921 1463 1501 1464 
2922 1464 1501 1502 
2923 1464 1502 1465 
2924 1465 1502 1503 
2925 1465 1503 1466 
2926 1466 1503 1504 
2927 1466 1504 1467 
2928 1467 1504 1505 
2929 1467 1505 1468 
2930 1468 1505 1506 
2931 1468 1506 1469 
2932 1469 1506 1507 
2933 1469 1507 1470 
2934 1470 1507 1508 
2935 1470 1508 1471 
2936 1471 1508 1509 
2937 1471 1509 1472 
2938 1472 1509 1510 
2939 1472 1510 1473 
2940 1473 1510 1511 
2941 1473 1511 1474 
2942 1474 1511 1512 
2943 1474 1512 1475 
2944 1475 1512 1513 
2945 1475 1513 1476 
2946 1476 1513 1514 
2947 1476 1514 1477 
2948 1477 1514 1515 
2949 1477 1515 1478 
2950 1478 1515 1516 
2951 1478 1516 1479 
2952 1479 1516 1517 
2953 1479 1517 1480 
2954 1480 1517 1518 
2955 1480 1518 1481 
2956 1481 1518 1519 
2957 1481 1519 1482 
2958 1482 1519 1520 
2959 1482 1520 1483 
2960 1483 1520 1521 
2961 1483 1521 1484 
2962 1484 1521 1522 
2963 1484 1522 1485 
2964 1485 1522 1523 
2965 1485 1523 1486 
2966 1486 1523 1524 
2967 1486 1524 84 
2968 84 1524 83 
2969 40 41 1487 
2970 1487 41 1525 
2971 1487 1525 1488 
2972 1488 1525 1526 
2973 1488 1526 1489 
2974 1489 1526 1527 
2975 1489 1527 1490 
2976 1490 1527 1528 
2977 1490 1528 1491 
2978 1491 1528 1529 
2979 1491 1529 1492 
2980 1492 1529 1530 
2981 1492 1530 1493 
2982 1493 1530 1531 
2983 1493 1531 1494 
2984 1494 1531 1532 
2985 1494 1532 1495 
2986 1495 1532 1533 
2987 1495 1533 1496 
2988 1496 1533 1534 
2989 1496 1534 1497 
2990 1497 1534 1535 
2991 1497 1535 1498 
2992 1498 1535 1536 
2993 1498 1536 1499 
2994 1499 1536 1537 
2995 1499 1537 1500 
2996 1500 1537 1538 
2997 1500 1538 1501 
2998 1501 1538 1539 
2999 1501 1539 1502 
3000 1502 1539 1540 
3001 1502 1540 1503 
3002 1503 1540 1541 
3003 1503 1541 1504 
3004 1504 1541 1542 
3005 1504 1542 1505 
3006 1505 1542 1543 
3007 1505 1543 1506 
3008 1506 1543 1544 
3009 1506 1544 1507 
3010 1507 1544 1545 
3011 1507 1545 1508 
3012 1508 1545 1546 
3013 1508 1546 1509 
3014 1509 1546 1547 
3015 1509 1547 1510 
3016 1510 1547 1548 
3017 1510 1548 1511 
3018 1511 1548 1549 
3019 1511 1549 1512 
3020 1512 1549 1550 
3021 1512 1550 1513 
3022 1513 1550 1551 
3023 1513 1551 1514 
3024 1514 1551 1552 
3025 1514 1552 1515 
3026 1515 1552 1553 
3027 1515 1553 1516 
3028 1516 1553 1554 
3029 1516 1554 1517 
3030 1517 1554 1555 
3031 1517 1555 1518 
3032 1518 1555 1556 
3033 1518 1556 1519 
3034 1519 1556 1557 
3035 1519 1557 1520 
3036 1520 1557 1558 
3037 1520 1558 1521 
3038 1521 1558 1559 
3039 1521 1559 1522 
3040 1522 1559 1560 
3041 1522 1560 1523 
3042 1523 1560 1561 
3043 1523 1561 1524 
3044 1524 1561 1562 
3045 1524 1562 83 
3046 83 1562 82 
3047 41 42 1525 
3048 1525 42 1563 
3049 1525 1563 1526 
3050 1526 1563 1564 
3051 1526 1564 1527 
3052 1527 1564 1565 
3053 1527 1565 1528 
3054 1528 1565 1566 
3055 1528 1566 1529 
3056 1529 1566 1567 
3057 1529 1567 1530 
3058 1530 1567 1568 
3059 1530 1568 1531 
3060 1531 1568 1569 
3061 1531 1569 1532 
3062 1532 1569 1570 
3063 1532 1570 1533 
3064 1533 1570 1571 
3065 1533 1571 1534 
3066 1534 1571 1572 
3067 1534 1572 1535 
3068 1535 1572 1573 
3069 1535 1573 1536 
3070 1536 1573 1574 
3071 1536 1574 1537 
3072 1537 1574 1575 
3073 1537 1575 1538 
3074 1538 1575 1576 
3075 1538 1576 1539 
3076 1539 1576 1577 
3077 1539 1577 1540 
3078 1540 1577 1578 
3079 1540 1578 1541 
3080 1541 1578 1579 
3081 1541 1579 1542 
3082 1542 1579 1580 
3083 1542 1580 1543 
3084 1543 1580 1581 
3085 1543 1581 1544 
3086 1544 1581 1582 
3087 1544 1582 1545 
3088 1545 1582 1583 
3089 1545 1583 1546 
3090 1546 1583 1584 
3091 1546 1584 1547 
3092 1547 1584 1585 
3093 1547 1585 1548 
3094 1548 1585 1586 
3095 1548 1586 1549 
3096 1549 1586 1587 
3097 1549 1587 1550 
3098 1550 1587 1588 
3099 1550 1588 1551 
3100 1551 1588 1589 
3101 1551 1589 1552 
3102 1552 1589 1590 
3103 1552 1590 1553 
3104 1553 1590 1591 
3105 1553 1591 1554 
3106 1554 1591 1592 
3107 1554 1592 1555 
3108 1555 1592 1593 
3109 1555 1593 1556 
3110 1556 1593 1594 
3111 1556 1594 1557 
3112 1557 1594 1595 
3113 1557 1595 1558 
3114 1558 1595 1596 
3115 1558 1596 1559 
3116 1559 1596 1597 
3117 1559 1597 1560 
3118 1560 1597 1598 
3119 1560 1598 1561 
3120 1561 1598 1599 
3121 1561 1599 1562 
3122 1562 1599 1600 
3123 1562 1600 82 
3124 82 1600 81 
3125 42 2 1563 
3126 1563 2 43 
3127 1563 43 1564 
3128 1564 43 44 
3129 1564 44 1565 
3130 1565 44 45 
3131 1565 45 1566 
3132 1566 45 46 
3133 1566 46 1567 
3134 1567 46 47 
3135 1567 47 1568 
3136 1568 47 48 
3137 1568 48 1569 
3138 1569 48 49 
3139 1569 49 1570 
3140 1570 49 50 
3141 1570 50 1571 
3142 1571 50 51 
3143 1571 51 1572 
3144 1572 51 52 
3145 1572 52 1573 
3146 1573 52 53 
3147 1573 53 1574 
3148 1574 53 54 
3149 1574 54 1575 
3150 1575 54 55 
3151 1575 55 1576 
3152 1576 55 56 
3153 1576 56 1577 
3154 1577 56 57 
3155 1577 57 1578 
3156 1578 57 58 
3157 1578 58 1579 
3158 1579 58 59 
3159 1579 59 1580 
3160 1580 59 60 
3161 1580 60 1581 
3162 1581 60 61 
3163 1581 61 1582 
3164 1582 61 62 
3165 1582 62 1583 
3166 1583 62 63 
3167 1583 63 1584 
3168 1584 63 64 
3169 1584 64 1585 
3170 1585 64 65 
3171 1585 65 1586 
3172 1586 65 66 
3173 1586 66 1587 
3174 1587 66 67 
3175 1587 67 1588 
3176 1588 67 68 
3177 1588 68 1589 
3178 1589 68 69 
3179 1589 69 1590 
3180 1590 69 70 
3181 1590 70 1591 
3182 1591 70 71 
3183 1591 71 1592 
3184 1592 71 72 
3185 1592 72 1593 
3186 1593 72 73 
3187 1593 73 1594 
3188 1594 73 74 
3189 1594 74 1595 
3190 1595 74 75 
3191 1595 75 1596 
3192 1596 75 76 
3193 1596 76 1597 
3194 1597 76 77 
3195 1597 77 1598 
3196 1598 77 78 
3197 1598 78 1599 
3198 1599 78 79 
3199 1599 79 1600 
3200 1600 79 80 
3201 1600 80 81 
3202 81 80 3 
$EndElements
